id,product_id,product_variant_id,snapshot_date,quantity_on_hand,quantity_reserved
inv_3f3b29b8adf5fca5dad0,prod_d43b2cf8fa29d7ae9b37,var_320e93b779cc3f59b69d,2026-01-01,66,11
inv_139706b595018acbc086,prod_d43b2cf8fa29d7ae9b37,var_17f58fc6b2961004e931,2026-01-01,49,6
inv_ff595d14781ee453fae5,prod_d43b2cf8fa29d7ae9b37,var_2abdb293ed839904df8a,2026-01-01,56,9
inv_9eaab4f70c357a304ac4,prod_d43b2cf8fa29d7ae9b37,var_6f0cce9478da3e151612,2026-01-01,55,4
inv_68100da635b99a4ef913,prod_d43b2cf8fa29d7ae9b37,var_a02a8c90a7e79350209b,2026-01-01,71,4
inv_8d62ec75e05f0145ed41,prod_d43b2cf8fa29d7ae9b37,var_a63023dcf36046e5dc4e,2026-01-01,89,7
inv_b6ef86922f1b37e84f73,prod_d43b2cf8fa29d7ae9b37,var_e8598f4784994d3f8438,2026-01-01,58,1
inv_f5fcf29d25da70c40f0f,prod_d43b2cf8fa29d7ae9b37,var_03696f04943b92dadb38,2026-01-01,60,4
inv_9b1b0e596237b12556e7,prod_d43b2cf8fa29d7ae9b37,var_01a56d62607b13a33c4e,2026-01-01,48,9
inv_c2e0c58e50b97e5de699,prod_d43b2cf8fa29d7ae9b37,var_5267390ff261d8c9917a,2026-01-01,66,2
inv_1a3e83755e3db8876c55,prod_d43b2cf8fa29d7ae9b37,var_4bc34e01cda1012288f6,2026-01-01,69,18
inv_d4a047a6a6b1a91da578,prod_d43b2cf8fa29d7ae9b37,var_02fb794660a1ff5b5481,2026-01-01,55,18
inv_9840e15a7a1f88ce72ef,prod_d43b2cf8fa29d7ae9b37,var_41628dba54c9c6861c9d,2026-01-01,77,6
inv_9263543dd908ab43da26,prod_d43b2cf8fa29d7ae9b37,var_db3c0fa83abed429ed33,2026-01-01,70,5
inv_395ee4515a957858d8fa,prod_d43b2cf8fa29d7ae9b37,var_87fdb4d38460cd899505,2026-01-01,47,7
inv_31486f5ec4f3e4fbac24,prod_d43b2cf8fa29d7ae9b37,var_13c3ed1f6d0b19413901,2026-01-01,63,15
inv_92de9bed113749d9b920,prod_d43b2cf8fa29d7ae9b37,var_22ec18309fa5f5e5288d,2026-01-01,59,13
inv_226bbb97518f3f79df75,prod_d43b2cf8fa29d7ae9b37,var_26e0822c757ab04bd6c8,2026-01-01,55,18
inv_61dde1e0db4db855e06d,prod_d43b2cf8fa29d7ae9b37,var_d8747d212def9f4c3e80,2026-01-01,43,16
inv_d37fab78d0b89e441a49,prod_d43b2cf8fa29d7ae9b37,var_5db963bcd8fbf81b2e05,2026-01-01,63,2
inv_854785a23c501a77b279,prod_d43b2cf8fa29d7ae9b37,var_3cc406399bed25270f9e,2026-01-01,54,5
inv_71160147f3cc957da9d7,prod_d43b2cf8fa29d7ae9b37,var_f3e3682f5daf474543ab,2026-01-01,69,14
inv_6d8ee4bac2209bab0940,prod_d43b2cf8fa29d7ae9b37,var_b35ae4d77d0efb3389d3,2026-01-01,77,7
inv_f71575ee2ef67c890fba,prod_d43b2cf8fa29d7ae9b37,var_caae1453b01f7b10b548,2026-01-01,64,3
inv_d7cc7caa6bdf6b9a163c,prod_d43b2cf8fa29d7ae9b37,var_1375ba8c6f393210c436,2026-01-01,64,13
inv_ece10a912fb810500095,prod_d43b2cf8fa29d7ae9b37,var_87e530ced3270be98f36,2026-01-01,34,2
inv_a27fb1ab336e8276be3e,prod_d43b2cf8fa29d7ae9b37,var_89efa340b18949bb9c2f,2026-01-01,80,1
inv_448ea00b9554b04db316,prod_d43b2cf8fa29d7ae9b37,var_1281ece6b89ebbdd0340,2026-01-01,49,9
inv_7de87fab6c35230c7e10,prod_d43b2cf8fa29d7ae9b37,var_1fbd683f0c26c28d4200,2026-01-01,53,6
inv_f498dad3479d9e387b6c,prod_d43b2cf8fa29d7ae9b37,var_2cc49091108ce06c317f,2026-01-01,38,17
inv_ae79d260cd64433df316,prod_d43b2cf8fa29d7ae9b37,var_e458e9983f2d79d6ed15,2026-01-01,50,18
inv_aa29a365c3f463f13bfb,prod_d43b2cf8fa29d7ae9b37,var_a2c2c81c60e69fda9995,2026-01-01,66,17
inv_c7461400375e5561dfbe,prod_d43b2cf8fa29d7ae9b37,var_7d1ebbe12c99beb1f424,2026-01-01,50,7
inv_bf369eb5a723b7c7f630,prod_d43b2cf8fa29d7ae9b37,var_c313512d9379d00efca9,2026-01-01,41,0
inv_49ddc32fe4c78d148c57,prod_d43b2cf8fa29d7ae9b37,var_aa050b328bd26312a85e,2026-01-01,37,12
inv_cb7506549a5e40d98505,prod_d43b2cf8fa29d7ae9b37,var_d3aca37c9bca975444e2,2026-01-01,55,16
inv_1b757d795172539d57ed,prod_ee93d55d30addeff6954,var_70fe6fd57228fdd24400,2026-01-01,58,10
inv_28391dd53ee07e6c74d9,prod_ee93d55d30addeff6954,var_a0efe0997b6073b5e9d5,2026-01-01,61,3
inv_046b095f252df958cd70,prod_ee93d55d30addeff6954,var_c9ae287d0fd94aec879d,2026-01-01,50,16
inv_2d1b9ca02a3f6e13afcf,prod_ee93d55d30addeff6954,var_0dc2751ef1e6063b7445,2026-01-01,86,10
inv_9de6b74a61265879891b,prod_ee93d55d30addeff6954,var_075418ff0be5cdb7558e,2026-01-01,87,3
inv_a9e84577abf051c2783f,prod_ee93d55d30addeff6954,var_422a1ef6d8410f6c318d,2026-01-01,52,12
inv_5d751f85826aef38d68b,prod_ee93d55d30addeff6954,var_0f755faccbe419124cf5,2026-01-01,34,12
inv_f8c91ecc9b0c75116a7c,prod_ee93d55d30addeff6954,var_eb2f38cea72d24acd1c4,2026-01-01,88,14
inv_db6bef55fdfad80012e2,prod_ee93d55d30addeff6954,var_83bee3abddcf0fc27f98,2026-01-01,61,16
inv_cc605e924897b282fc52,prod_ee93d55d30addeff6954,var_23eb40a02aea71235f7f,2026-01-01,43,3
inv_a31ae52a7e042cdda6e4,prod_ee93d55d30addeff6954,var_ebb8cc29fc6683dff27c,2026-01-01,67,3
inv_ca22f273f1bd0774720e,prod_ee93d55d30addeff6954,var_269576cae5504f7beee6,2026-01-01,74,14
inv_0226d4e993eb858e0ac2,prod_ee93d55d30addeff6954,var_9f281e7cd219f0029526,2026-01-01,67,2
inv_33354dab3b008ffebe7b,prod_ee93d55d30addeff6954,var_acf7ad33d8cefca798db,2026-01-01,76,7
inv_154e940f3e90a11772fe,prod_ee93d55d30addeff6954,var_0b6ca25661b3bea06ed9,2026-01-01,76,10
inv_ca79499eddbd0c9025ce,prod_ee93d55d30addeff6954,var_9d18dbed26f272d168b2,2026-01-01,56,16
inv_96164f3e39fd8fea015b,prod_ee93d55d30addeff6954,var_6fbe552270a22d50cfd4,2026-01-01,56,2
inv_96e8a629ac0236c47043,prod_ee93d55d30addeff6954,var_7929a442006436a2f4b9,2026-01-01,74,1
inv_4f635cd0e0d3e716ff85,prod_ee93d55d30addeff6954,var_4859439609400df4e33c,2026-01-01,41,5
inv_34f7bbac2b8199a23761,prod_ee93d55d30addeff6954,var_43a5f128559af0f8f854,2026-01-01,34,7
inv_bb5f57ffd70dcc7db168,prod_ee93d55d30addeff6954,var_76a3d7146b323dd2a889,2026-01-01,34,13
inv_2f4c1083df63b34f4848,prod_ee93d55d30addeff6954,var_85fb0baa8d121f327944,2026-01-01,55,18
inv_7a80ff46321e79a562c4,prod_ee93d55d30addeff6954,var_b3220a2f29d9e3096a2f,2026-01-01,76,0
inv_81cded7452b7bdf04b39,prod_ee93d55d30addeff6954,var_2d63af5c80cedd103436,2026-01-01,65,7
inv_1f68fac273166485ab5d,prod_ee93d55d30addeff6954,var_2fe8bce190c7eb41dfc8,2026-01-01,61,11
inv_f8b48a4fddef4d56ae06,prod_ee93d55d30addeff6954,var_1b8f63ab3f5e208113ca,2026-01-01,81,3
inv_a4e9e3fb3db0fc718493,prod_ee93d55d30addeff6954,var_c491091d5ab7ff33db46,2026-01-01,75,6
inv_7d20157075f80c0afe4c,prod_ee93d55d30addeff6954,var_b319dcd8931c568f8dde,2026-01-01,51,13
inv_9c9306978f1ffa5392e8,prod_ee93d55d30addeff6954,var_8d654d633876e75e4317,2026-01-01,48,8
inv_b9f06a0819f1926c5197,prod_ee93d55d30addeff6954,var_ed3640d449d418509f57,2026-01-01,77,18
inv_830b964871dccf3c7bc0,prod_ee93d55d30addeff6954,var_9cd2bb280dce3fa2e76b,2026-01-01,32,12
inv_17d02037eb37aa622578,prod_ee93d55d30addeff6954,var_61a3d99f3dd57555f061,2026-01-01,81,3
inv_520d5f1ff320e673fdc0,prod_ee93d55d30addeff6954,var_bd31f3105de2d7714577,2026-01-01,35,16
inv_a380da6c85e438d68ecd,prod_ee93d55d30addeff6954,var_30fe308642c7372a4c55,2026-01-01,65,13
inv_3836c2b74a24de869c71,prod_ee93d55d30addeff6954,var_1c227362843cad63ec2d,2026-01-01,84,18
inv_8d83910e29df33e41e48,prod_ee93d55d30addeff6954,var_efeb55e5136f27ed409c,2026-01-01,73,3
inv_190eeff93c89f0371a12,prod_438a44848bc196e6d975,var_6255fbba1fc1f01b7ee9,2026-01-01,49,10
inv_1fb223863b136e748b21,prod_438a44848bc196e6d975,var_17ee5bcff06d14279787,2026-01-01,49,2
inv_435d95ff278d172c6843,prod_438a44848bc196e6d975,var_eaa58626775f5e10787c,2026-01-01,49,15
inv_9c701c919d9bd7df0c3c,prod_438a44848bc196e6d975,var_05e312d19f2d967b02ae,2026-01-01,63,15
inv_b032efe52a8c55c2a20d,prod_438a44848bc196e6d975,var_68f5766a025554c3eaa9,2026-01-01,47,17
inv_faf08f598f2c69b5aa52,prod_438a44848bc196e6d975,var_508fbb721d582106874e,2026-01-01,68,13
inv_615369bb12c79e9cfaf2,prod_438a44848bc196e6d975,var_b72377f8338f3eabe496,2026-01-01,82,11
inv_93c7e333ce8f5f3fd239,prod_438a44848bc196e6d975,var_64d39327630553f2e1b9,2026-01-01,55,8
inv_5cb84ec556c1bafda862,prod_438a44848bc196e6d975,var_b11b6b090279cfa04155,2026-01-01,32,4
inv_cc7da483c8cfdcceadde,prod_438a44848bc196e6d975,var_2ea4bbd80d521a5e2104,2026-01-01,55,7
inv_e26ad0beb73f8ee3bd3e,prod_438a44848bc196e6d975,var_76cac52bed832c30a5b3,2026-01-01,50,0
inv_da90c95e1667b7a8410f,prod_438a44848bc196e6d975,var_410af979ba0b61e8b1fa,2026-01-01,54,15
inv_6a849bc174ce76a11197,prod_438a44848bc196e6d975,var_cca84c818b8d1dc7a408,2026-01-01,57,11
inv_f2bf98363ad2e95a7997,prod_438a44848bc196e6d975,var_b205c40ad363b680ec58,2026-01-01,81,10
inv_27d929c87f6d7fdef819,prod_438a44848bc196e6d975,var_823a189d514c6e10865d,2026-01-01,75,2
inv_dde152abe3ce3dc086e7,prod_438a44848bc196e6d975,var_5579d3dcd9580bd272b2,2026-01-01,38,15
inv_98c6e2afe8b368394da8,prod_438a44848bc196e6d975,var_d1592d795041e81f6c4e,2026-01-01,84,9
inv_b6e93849f6ba77d7e1a6,prod_438a44848bc196e6d975,var_f6a18c0e86b9ac9532f4,2026-01-01,72,10
inv_011595b793c38a0901f8,prod_438a44848bc196e6d975,var_0b2b595a7dc5b15f1c86,2026-01-01,35,18
inv_ce8754b18d3b54c45065,prod_438a44848bc196e6d975,var_c363351edb0ceb1afad6,2026-01-01,48,14
inv_665d56f856f0dee103e9,prod_438a44848bc196e6d975,var_c87f257a229ce7eafa08,2026-01-01,64,11
inv_3f46e6492c2cccace65d,prod_438a44848bc196e6d975,var_a7daae96f9b2f50dfdef,2026-01-01,54,12
inv_ef0393e9958cd3cc6589,prod_438a44848bc196e6d975,var_164a5b158bfc49dcbc82,2026-01-01,44,6
inv_ca1851e0cd45837e6b29,prod_438a44848bc196e6d975,var_d50ecabaab63713dbe3c,2026-01-01,52,7
inv_042f3c82d6a76540b8fa,prod_438a44848bc196e6d975,var_e117db91e6327b985328,2026-01-01,65,6
inv_ca1463307a52868447d7,prod_438a44848bc196e6d975,var_aeba55eb9e30673a577a,2026-01-01,73,7
inv_4ab4a29168ae08b3d0b4,prod_438a44848bc196e6d975,var_b5006b5f302fb3c0822b,2026-01-01,76,0
inv_01935800e21bbc02198e,prod_438a44848bc196e6d975,var_70d6578905075ca6871b,2026-01-01,89,8
inv_7e99a22f71226da7911b,prod_438a44848bc196e6d975,var_6820abf40d03602f4536,2026-01-01,67,7
inv_47a0bf2bbaaa7defc04e,prod_438a44848bc196e6d975,var_8768929dc580179c1fad,2026-01-01,65,3
inv_ddacc1313d49077f01f5,prod_438a44848bc196e6d975,var_9714066032b1c68057b8,2026-01-01,60,1
inv_ca126ea7cd35a139e7cb,prod_438a44848bc196e6d975,var_14bd7ed084b7132e19a3,2026-01-01,42,2
inv_30b7656d4becd8c06d43,prod_438a44848bc196e6d975,var_b45c40adf3eb6d63798c,2026-01-01,70,15
inv_69a83466cdb3db9cd80d,prod_438a44848bc196e6d975,var_84b95c9fb4b7809f8a34,2026-01-01,78,13
inv_17af9befa50ea894d3ba,prod_438a44848bc196e6d975,var_d7120c7c2177c417b214,2026-01-01,86,0
inv_76ec1ac3275baede8ba8,prod_438a44848bc196e6d975,var_0b5c0ad0f1e4e8da6ed8,2026-01-01,63,13
inv_4f26f483669d826802e6,prod_0189531a36c049171820,var_ab88c6de58ee2fcdf9e4,2026-01-01,160,7
inv_6696f3babb6c654fc0b8,prod_0189531a36c049171820,var_00c1c82f6d8a8b24ddf5,2026-01-01,160,11
inv_248229b08a97b1868862,prod_0189531a36c049171820,var_ec38e216853971e3ca9c,2026-01-01,99,12
inv_0956e61967c8c41f3826,prod_0189531a36c049171820,var_439c19cbc3abe2d73929,2026-01-01,84,12
inv_1ada73ff72fb66e0d83f,prod_0189531a36c049171820,var_6590129bf85a309d3f8f,2026-01-01,134,4
inv_2c429047638b5b587fc6,prod_0189531a36c049171820,var_6b0100cdc1ef1031469b,2026-01-01,156,13
inv_dd250141f02b077c5929,prod_0189531a36c049171820,var_617730612696e695ed41,2026-01-01,57,18
inv_dd5af2fed998e64eff69,prod_0189531a36c049171820,var_b5d905be4efb894192b7,2026-01-01,90,11
inv_e882e77bac117327c73c,prod_0189531a36c049171820,var_360731b0a803c24bfd69,2026-01-01,108,1
inv_f461ff2e1e45efef3403,prod_0189531a36c049171820,var_b30af374f3e8523449d6,2026-01-01,158,7
inv_1438653b18c3ac567789,prod_0189531a36c049171820,var_0f3bd97c57258221527f,2026-01-01,125,8
inv_f75c1ff35d13343b2b19,prod_0189531a36c049171820,var_fcc7e2fc3cb72570cbfc,2026-01-01,77,8
inv_d35ccfb8ee2f4241a7c7,prod_0189531a36c049171820,var_00df6f028ceddde26b68,2026-01-01,101,2
inv_83e90238c1b3e22d66df,prod_0189531a36c049171820,var_b328308955a099219aba,2026-01-01,128,2
inv_4631bebe0c20624f7970,prod_0189531a36c049171820,var_1bc3cc6be2d148f68d07,2026-01-01,159,4
inv_0d2df4f0b85add28405b,prod_0189531a36c049171820,var_93c4efb5105239106e76,2026-01-01,145,2
inv_d47f4c74412b5008688e,prod_0189531a36c049171820,var_7657acb4edd171a3e158,2026-01-01,152,3
inv_a82d93fd20b41311bee0,prod_0189531a36c049171820,var_7c8a95c30a2e093e0468,2026-01-01,68,5
inv_4be33c33ffcb651afd9e,prod_0189531a36c049171820,var_e7d27b69dfb62d802fec,2026-01-01,111,7
inv_f552ab6f3ba93281b83c,prod_0189531a36c049171820,var_b9ed5b404fd99996ec9f,2026-01-01,87,17
inv_7806c566728dc566f90c,prod_0189531a36c049171820,var_324e13c984d9aaab9604,2026-01-01,117,5
inv_c7f82f9d943e537b2db6,prod_0189531a36c049171820,var_cad1bc675f38c394a994,2026-01-01,132,18
inv_6cca47850791f9e94642,prod_0189531a36c049171820,var_fa3dbd5a2054f66ebda8,2026-01-01,91,3
inv_0d2ceb9f4a024d36a4b0,prod_0189531a36c049171820,var_03627cfde38743cff6a4,2026-01-01,149,2
inv_5150374650591407c2e9,prod_0189531a36c049171820,var_22afdc3bc66d8c370224,2026-01-01,67,14
inv_6cf6c62be81e1e3bb686,prod_0189531a36c049171820,var_51f120a7b2c0d86f9a2b,2026-01-01,80,6
inv_1fb2582d5feafaed880e,prod_0189531a36c049171820,var_65cde14be098ea1a671d,2026-01-01,95,15
inv_c6ccf015797732a0cee9,prod_0189531a36c049171820,var_3827fef61cdfb42fbde9,2026-01-01,87,18
inv_b960167aa194ef375be8,prod_0189531a36c049171820,var_e1d35731895df46c299d,2026-01-01,130,1
inv_2ed427078dc8ed397de5,prod_0189531a36c049171820,var_a11d1e73dd135e3f1cb9,2026-01-01,118,6
inv_25c710f92a4e3ff43dd7,prod_4fb11ac857411bda88a4,var_77f9b98f706e27f8d8f9,2026-01-01,64,2
inv_35bf453fb9a020141651,prod_4fb11ac857411bda88a4,var_fad911836ba0bc2d17e3,2026-01-01,70,13
inv_913f9504b0b01240b429,prod_4fb11ac857411bda88a4,var_6b4cde94e24613aa178d,2026-01-01,63,15
inv_8ce37d03ed17a420bded,prod_4fb11ac857411bda88a4,var_71823e970238e186821c,2026-01-01,66,0
inv_06a7305af142cafbc2f7,prod_4fb11ac857411bda88a4,var_58a00b869159191e4ac9,2026-01-01,155,2
inv_f30b967b0c71cdd1c49c,prod_4fb11ac857411bda88a4,var_70e1c4a0d7096208c340,2026-01-01,160,15
inv_6da21b63808d6375cab5,prod_4fb11ac857411bda88a4,var_e49c1d617edcf65ee83c,2026-01-01,102,9
inv_c58415e1958f4e5489fe,prod_4fb11ac857411bda88a4,var_acbadd53c4704809d846,2026-01-01,157,15
inv_6b5153cc0a805f0f2f2b,prod_4fb11ac857411bda88a4,var_2683dc797f5a0706de2c,2026-01-01,134,2
inv_5187b6be38246c8b0a87,prod_4fb11ac857411bda88a4,var_6bfb37f2e216be599dfb,2026-01-01,60,8
inv_ff46a5dd1224921c1d42,prod_4fb11ac857411bda88a4,var_55e00ca073f61b9775de,2026-01-01,140,6
inv_fb8550609a132ac65769,prod_4fb11ac857411bda88a4,var_b1841532494f148dfc95,2026-01-01,149,8
inv_e81e96da2ccd715b8bcd,prod_4fb11ac857411bda88a4,var_63784919911926a972c2,2026-01-01,133,8
inv_d02fbc6660cc8a9a829a,prod_4fb11ac857411bda88a4,var_0c8dbcf461e87274cd44,2026-01-01,155,0
inv_bedc78f132d50e00610e,prod_4fb11ac857411bda88a4,var_85a21cc286764b196eba,2026-01-01,73,1
inv_740e2c34db6bafa20f85,prod_4fb11ac857411bda88a4,var_69ad1a308528a65fbf7f,2026-01-01,140,14
inv_2b97713e79a8da1299cb,prod_4fb11ac857411bda88a4,var_48589628c217474fe88e,2026-01-01,62,3
inv_f6092cb3488298ff1686,prod_4fb11ac857411bda88a4,var_78ce2ee3c901aabec73e,2026-01-01,80,5
inv_9c98edcffe97d962a966,prod_4fb11ac857411bda88a4,var_94b54f7c484f05634866,2026-01-01,111,10
inv_b753bacf0bd6e234e3c1,prod_4fb11ac857411bda88a4,var_fc65fa629ab0cfab4741,2026-01-01,101,13
inv_41f3de6293d82f56ea86,prod_4fb11ac857411bda88a4,var_0298ed73b20b2a58ddc3,2026-01-01,66,6
inv_195b7d89e6111264e79f,prod_4fb11ac857411bda88a4,var_b9b996a2b08ed40ea006,2026-01-01,158,5
inv_9c8677d7bdb0bab19aae,prod_4fb11ac857411bda88a4,var_97d1184949150ec3ff6c,2026-01-01,140,17
inv_5f45d208e6ec330e6b49,prod_4fb11ac857411bda88a4,var_9ddc10ac2aa76ca09954,2026-01-01,139,7
inv_e2ee96c33e43fb278691,prod_4fb11ac857411bda88a4,var_79dbcc3eddbb79b3678b,2026-01-01,111,18
inv_fc7d637b8527cf5f7c49,prod_4fb11ac857411bda88a4,var_dc811c3db2dffa2b4d77,2026-01-01,66,14
inv_27f6d0f8bb5c6cb15a69,prod_4fb11ac857411bda88a4,var_03e26300920b777b60ce,2026-01-01,96,3
inv_64da72f9ebd28adc042f,prod_4fb11ac857411bda88a4,var_2f00cf3713efd884f325,2026-01-01,138,17
inv_d6bcbe16fbf00ae86200,prod_4fb11ac857411bda88a4,var_8d03581fc9e13826e5f0,2026-01-01,101,5
inv_7ea6dfad374948c97f41,prod_4fb11ac857411bda88a4,var_8c55152214d872854644,2026-01-01,70,7
inv_c2d0d08dbf632b1387b9,prod_2efa0aed0d6e67ecae58,var_53840b82f1f41986b97b,2026-01-01,81,11
inv_ed8b25089e907bd8298b,prod_2efa0aed0d6e67ecae58,var_499d2419d323a686d2c6,2026-01-01,129,3
inv_0381488fb21de91a58af,prod_2efa0aed0d6e67ecae58,var_6dfdc29a2a61c6f5087f,2026-01-01,78,18
inv_a5ca0e1be670714ba1e4,prod_2efa0aed0d6e67ecae58,var_64183720fcbbbd913ed0,2026-01-01,152,7
inv_38f6badf3a05d2e92361,prod_2efa0aed0d6e67ecae58,var_d045b09c714a135c2f0a,2026-01-01,108,18
inv_8d37e2c6f531f2bb696a,prod_2efa0aed0d6e67ecae58,var_f6d3f9a9c8e4616f6c5c,2026-01-01,120,15
inv_c95a016b38e4faf7242b,prod_2efa0aed0d6e67ecae58,var_1a3c43e3bd57b167f4c1,2026-01-01,103,17
inv_5f7a2ec4f522ee4b5e6d,prod_2efa0aed0d6e67ecae58,var_b54607373ac7bafb02f6,2026-01-01,114,4
inv_585ab966d08a1c785023,prod_2efa0aed0d6e67ecae58,var_5414ce2508350e24da4d,2026-01-01,125,3
inv_0f84cce79b24bca8b193,prod_2efa0aed0d6e67ecae58,var_1e08d41c5ab96cce1ce2,2026-01-01,74,0
inv_6297ae1b238f22697167,prod_2efa0aed0d6e67ecae58,var_93a3c087875d45eb3101,2026-01-01,103,11
inv_415776eb925113cbe734,prod_2efa0aed0d6e67ecae58,var_e03ac89cc365fa42f93c,2026-01-01,99,7
inv_66c5466856b08b66b5c9,prod_2efa0aed0d6e67ecae58,var_7696cc7d0631b8c9ee6f,2026-01-01,155,15
inv_4d590a3b4e42a89604d5,prod_2efa0aed0d6e67ecae58,var_0cf84000f5859801c60f,2026-01-01,106,14
inv_ed7ee11205873d31c9a5,prod_2efa0aed0d6e67ecae58,var_8031b1936b5e05c16a08,2026-01-01,65,6
inv_1025077f6a217a7a4362,prod_2efa0aed0d6e67ecae58,var_3faf67b40721672e3de6,2026-01-01,56,14
inv_f6fd9461209867fb4f35,prod_2efa0aed0d6e67ecae58,var_ffa3148e0ee7668d8f30,2026-01-01,98,0
inv_d52bad29d064c6f44fc1,prod_2efa0aed0d6e67ecae58,var_8ab4fd713004558e9200,2026-01-01,114,17
inv_0544ed44acedbd288e5b,prod_2efa0aed0d6e67ecae58,var_38d5b5f8cb87a53d650b,2026-01-01,130,0
inv_1f4f6b63ba33ca3c2fe9,prod_2efa0aed0d6e67ecae58,var_7563e95b2351a5fa4a08,2026-01-01,83,17
inv_b1a7666a339ed574a9ff,prod_2efa0aed0d6e67ecae58,var_ef0af573f8034823d555,2026-01-01,106,2
inv_7c68d977487035921fda,prod_2efa0aed0d6e67ecae58,var_7f3a3296ffbd820f7f55,2026-01-01,82,7
inv_371ad6a029a923f16829,prod_2efa0aed0d6e67ecae58,var_d206780fbe564728bf65,2026-01-01,84,7
inv_6dc3595bfbc97a7435ff,prod_2efa0aed0d6e67ecae58,var_5e478e2b39c40398fb76,2026-01-01,97,10
inv_fff5dda6bd54c63a4ab8,prod_2efa0aed0d6e67ecae58,var_c5d4b04e619e436daff8,2026-01-01,115,15
inv_c96a3fde7b73bb90c80e,prod_2efa0aed0d6e67ecae58,var_c1d92c21012faefae3f8,2026-01-01,77,1
inv_d91665a96aa2170001d0,prod_2efa0aed0d6e67ecae58,var_2a91c104878870f34df4,2026-01-01,149,1
inv_4767f898e3f53745dbfc,prod_2efa0aed0d6e67ecae58,var_fe046aec4c2aa733984d,2026-01-01,69,17
inv_eef49ed56d46f29f7062,prod_2efa0aed0d6e67ecae58,var_0072c3c72ae42a25b5f3,2026-01-01,159,2
inv_5a0f3c6b0c8ee11eb14c,prod_2efa0aed0d6e67ecae58,var_32173c8dbdf8eac79214,2026-01-01,88,9
inv_f7b1b6b9ead061d63a50,prod_1aac77da65d619e6240f,var_fada642b3d793e48890b,2026-01-01,148,9
inv_22560ceb860d872e4a9d,prod_1aac77da65d619e6240f,var_b0665991d9649a256643,2026-01-01,88,5
inv_cc47f86ad90eb2b9ac8a,prod_1aac77da65d619e6240f,var_fe1215c4f405465a502b,2026-01-01,129,6
inv_b0167907fbda8d8a8335,prod_1aac77da65d619e6240f,var_30c9251395a079628b82,2026-01-01,109,11
inv_750b91993bfc03aa3d67,prod_1aac77da65d619e6240f,var_e865328517c3330f1431,2026-01-01,62,8
inv_eddf6e8a512f11f01dfe,prod_1aac77da65d619e6240f,var_4ec6f48b0a97467baa73,2026-01-01,90,2
inv_17159efa02b1683cfbfe,prod_1aac77da65d619e6240f,var_9818589b07d9187961de,2026-01-01,96,18
inv_4950b3e353f49158975d,prod_1aac77da65d619e6240f,var_b26eea452ddb91e6275c,2026-01-01,131,0
inv_a3da874750042857e811,prod_1aac77da65d619e6240f,var_19fa5bf87e2a73901ef4,2026-01-01,72,11
inv_9822564abffe586d51b5,prod_1aac77da65d619e6240f,var_582d11378691a5a6e4e9,2026-01-01,111,0
inv_1ee6b860e5e7e4784940,prod_1aac77da65d619e6240f,var_8ec37fcdee5f1140ec55,2026-01-01,156,7
inv_ba3c567f8d2069f85dd2,prod_1aac77da65d619e6240f,var_a6767a237b512235506f,2026-01-01,85,7
inv_738f61ab0ce21187f865,prod_1aac77da65d619e6240f,var_0249455f35a9dd408d40,2026-01-01,73,10
inv_8ffbd760fb105bc6ba6e,prod_1aac77da65d619e6240f,var_9d2bbbb4593860eae1c2,2026-01-01,141,10
inv_0059a37963fdad536a4c,prod_1aac77da65d619e6240f,var_b504113d4e05f26566f9,2026-01-01,122,18
inv_00aecd06e56c391340be,prod_1aac77da65d619e6240f,var_19b6c0119781ca26cfab,2026-01-01,124,11
inv_f28295163b02762d10f5,prod_1aac77da65d619e6240f,var_30a71ca69a0597e20603,2026-01-01,149,0
inv_868babccf3da6c5090df,prod_1aac77da65d619e6240f,var_44f43fafea7f397d29fa,2026-01-01,137,6
inv_38bdcc1e673b93dc461b,prod_1aac77da65d619e6240f,var_aa467d7577abf3fbc60e,2026-01-01,129,9
inv_0e2c23db6221370b7d7c,prod_1aac77da65d619e6240f,var_b18529e43b561104e73d,2026-01-01,110,18
inv_845a68b9c62046b61e1a,prod_1aac77da65d619e6240f,var_f4e84136e702c56fc319,2026-01-01,120,11
inv_f3c0f7d280d4b013dd4f,prod_1aac77da65d619e6240f,var_811e9c78b377b4e4453c,2026-01-01,126,18
inv_95dd00a9facbcfa363ce,prod_1aac77da65d619e6240f,var_f5ccef0575523ac6faa5,2026-01-01,89,10
inv_a6bbe3adfe19203fd0ba,prod_1aac77da65d619e6240f,var_e91175ca45ab8fc349dc,2026-01-01,119,0
inv_87a91c9ab9d467e3ff9c,prod_1aac77da65d619e6240f,var_e68010c463448ce42243,2026-01-01,96,15
inv_4685d005b3c2c2478b71,prod_1aac77da65d619e6240f,var_3a2e554b388bcfe86ab3,2026-01-01,94,1
inv_543c8f52237e67a7f01c,prod_1aac77da65d619e6240f,var_827c52ca8f98abbcdae2,2026-01-01,81,9
inv_cdbe18b2fec09f9d2766,prod_1aac77da65d619e6240f,var_11a4e26a7ab75dc78c86,2026-01-01,69,1
inv_19bf44d5e1bb1a5fb37d,prod_1aac77da65d619e6240f,var_5229b1982481efd531f3,2026-01-01,104,0
inv_d82dcd7d4918c02cdc16,prod_1aac77da65d619e6240f,var_3971b7f2774b1e5a316d,2026-01-01,109,15
inv_d82a4aaaf811e3d2c1c3,prod_ea26883fb1deabd15141,var_c95ef6026df6ba67eec8,2026-01-01,117,14
inv_2392b8a0839b57372f84,prod_ea26883fb1deabd15141,var_bc45956a6234980b8431,2026-01-01,145,4
inv_e7a655cf5e06593f3008,prod_ea26883fb1deabd15141,var_8d5d2d5c13ed45a481ad,2026-01-01,69,9
inv_02b78edc7a3967f38b52,prod_ea26883fb1deabd15141,var_be2b12a3e53e8671f3d6,2026-01-01,133,6
inv_fd5cceca571c93b9942f,prod_ea26883fb1deabd15141,var_def87b80ab2972f8be9d,2026-01-01,70,13
inv_773988b02791e304a948,prod_ea26883fb1deabd15141,var_ad88e442b4ec9a747624,2026-01-01,83,14
inv_7ddd62b4095e1c1e82ef,prod_ea26883fb1deabd15141,var_a18ec8356e2d553dbf65,2026-01-01,98,10
inv_1ef3a91a56274394b0a5,prod_ea26883fb1deabd15141,var_8fe117c6a6c73be68252,2026-01-01,143,3
inv_82b98c08e797a22ccb34,prod_ea26883fb1deabd15141,var_a56e028f2685d369a8a2,2026-01-01,94,3
inv_0d33b06c76c780effe44,prod_ebe756215bbfcde882c1,var_f9b6333510f3a2bddcce,2026-01-01,129,14
inv_349b2b7a31f656730a52,prod_ebe756215bbfcde882c1,var_84ff60b1ac8610102053,2026-01-01,102,15
inv_974c792d9ba1c651c1d5,prod_ebe756215bbfcde882c1,var_0c2a56074856654cc09c,2026-01-01,135,14
inv_187520886461b6f500e0,prod_ebe756215bbfcde882c1,var_54a48c4e9f5a97d29dac,2026-01-01,95,13
inv_8a5250fa14a90617d3fc,prod_ebe756215bbfcde882c1,var_477f71369f8ec76bae72,2026-01-01,66,5
inv_2dd162777191833d2c86,prod_ebe756215bbfcde882c1,var_1712a2d5f6a5d208055e,2026-01-01,124,3
inv_0534410703bedccc7d55,prod_ebe756215bbfcde882c1,var_63071a389c1b1f57160c,2026-01-01,133,1
inv_63f1c8fbf3638dc03204,prod_ebe756215bbfcde882c1,var_5d625c4bbaa3b689d1db,2026-01-01,152,0
inv_ad778826509cc092d8a9,prod_ebe756215bbfcde882c1,var_d93959e68a9c1ed24606,2026-01-01,85,16
inv_f6ab14af1c57632b5e66,prod_72dfeba4701d415d317a,var_11b9ced246c49a2a69c6,2026-01-01,90,11
inv_8fa9b989ad0f089947b1,prod_72dfeba4701d415d317a,var_a0b00e2faaec9758659d,2026-01-01,119,10
inv_eb72c7320c455be305ee,prod_72dfeba4701d415d317a,var_07a3825bb8e2e492b76b,2026-01-01,85,11
inv_e16bde14ab7f8c385841,prod_72dfeba4701d415d317a,var_abf4b066285529554ec5,2026-01-01,143,9
inv_010e11c954287370c29a,prod_72dfeba4701d415d317a,var_8a23a15f6866bdee9409,2026-01-01,134,10
inv_bd628fa3d4452da2512c,prod_72dfeba4701d415d317a,var_a4481e5f98f473cda093,2026-01-01,56,15
inv_4f653da4e162f5dd86fb,prod_72dfeba4701d415d317a,var_15a5da1605c0b6e7842d,2026-01-01,130,8
inv_f45c87873fb01ff00234,prod_72dfeba4701d415d317a,var_1a7a54f91d9a9784b173,2026-01-01,62,15
inv_c2e543efda8ee637f65e,prod_72dfeba4701d415d317a,var_c1969c0733b4dc908af7,2026-01-01,70,17
inv_2e352f05d9a12e8e807e,prod_72dfeba4701d415d317a,var_4aeb79589687b461e96f,2026-01-01,148,9
inv_6646b5795e482d15281b,prod_72dfeba4701d415d317a,var_be4c5e4aeb2733383b86,2026-01-01,62,8
inv_3966245c7b35c9b7d33c,prod_72dfeba4701d415d317a,var_e55f60ce5370c732b493,2026-01-01,149,6
inv_6189b9c82d9d7f1526e2,prod_72dfeba4701d415d317a,var_a8e55173ba8ba00fbb58,2026-01-01,109,9
inv_b33633557bd93f431d6d,prod_72dfeba4701d415d317a,var_9ae1b9494d9b24b6814d,2026-01-01,79,17
inv_1fb5182f3ed7f74f5457,prod_72dfeba4701d415d317a,var_c81a94d9a15b6b760523,2026-01-01,153,6
inv_a68b83304e1cc49dbbe3,prod_72dfeba4701d415d317a,var_0088bda42ae04ba0e6f0,2026-01-01,105,18
inv_c2a93070a34a7c7ce17d,prod_72dfeba4701d415d317a,var_261e93378c2ea03cf536,2026-01-01,120,2
inv_3a05db85d1c11e8c2308,prod_72dfeba4701d415d317a,var_3095fdb99afdb37f42a9,2026-01-01,108,11
inv_4d253d2c0a1aaac171bb,prod_72dfeba4701d415d317a,var_b93ffcc4df25b6049fd7,2026-01-01,88,4
inv_5164784bcbf30569c023,prod_72dfeba4701d415d317a,var_cf614c1f8ce5ad152f86,2026-01-01,61,1
inv_570d55dc1ff00d702e04,prod_72dfeba4701d415d317a,var_439e4a3b1ded76626bcc,2026-01-01,155,17
inv_5c5a95b237cbee1dff50,prod_72dfeba4701d415d317a,var_7a9bd3c5007019c19bfe,2026-01-01,97,10
inv_658a1cf288e0c5ec1ecd,prod_72dfeba4701d415d317a,var_8856a9a1708ad62e3b1d,2026-01-01,120,14
inv_e5d5479919e07db9cf77,prod_72dfeba4701d415d317a,var_082ccc283fa2bea80c16,2026-01-01,72,14
inv_5b42fe622bd5301e0489,prod_d87cfc68d1aef053d198,var_199bb1069f0216fdcbf6,2026-01-01,143,6
inv_0451d1a232a6e72a379d,prod_d87cfc68d1aef053d198,var_7867058976a19bca1d0d,2026-01-01,68,8
inv_b71e4c9f5984a33aa7ca,prod_30d7a0ddc2ef16ba66b9,var_cb896475831a28934bfe,2026-01-01,131,6
inv_3bde100caa8b5e98e7ae,prod_30d7a0ddc2ef16ba66b9,var_5ad21b0b072b59385182,2026-01-01,137,9
inv_91251c86d8eac5d5ab48,prod_d43b2cf8fa29d7ae9b37,var_320e93b779cc3f59b69d,2026-02-01,36,6
inv_b64a9a1ad0cada7c3736,prod_d43b2cf8fa29d7ae9b37,var_17f58fc6b2961004e931,2026-02-01,53,0
inv_818a2d5dd17e24dd089a,prod_d43b2cf8fa29d7ae9b37,var_2abdb293ed839904df8a,2026-02-01,85,2
inv_8b920778a728a9e7a0c4,prod_d43b2cf8fa29d7ae9b37,var_6f0cce9478da3e151612,2026-02-01,70,10
inv_86217217edaa93d3c95f,prod_d43b2cf8fa29d7ae9b37,var_a02a8c90a7e79350209b,2026-02-01,36,10
inv_8be90542bd7ee9e46b11,prod_d43b2cf8fa29d7ae9b37,var_a63023dcf36046e5dc4e,2026-02-01,68,15
inv_9cc3feebe7f5519fe5e3,prod_d43b2cf8fa29d7ae9b37,var_e8598f4784994d3f8438,2026-02-01,50,6
inv_9d970c52f84f6ba6ce65,prod_d43b2cf8fa29d7ae9b37,var_03696f04943b92dadb38,2026-02-01,55,17
inv_7f1e5433f4cb67f8f06d,prod_d43b2cf8fa29d7ae9b37,var_01a56d62607b13a33c4e,2026-02-01,33,2
inv_b9e0f5bdf0eb88186b47,prod_d43b2cf8fa29d7ae9b37,var_5267390ff261d8c9917a,2026-02-01,86,13
inv_d454c8162b52bd28f488,prod_d43b2cf8fa29d7ae9b37,var_4bc34e01cda1012288f6,2026-02-01,33,17
inv_7a9aebcd8902cfe74032,prod_d43b2cf8fa29d7ae9b37,var_02fb794660a1ff5b5481,2026-02-01,41,14
inv_500e5ca005fe415d0be8,prod_d43b2cf8fa29d7ae9b37,var_41628dba54c9c6861c9d,2026-02-01,52,8
inv_f55d492414e4a143b6a4,prod_d43b2cf8fa29d7ae9b37,var_db3c0fa83abed429ed33,2026-02-01,88,7
inv_1cdd8cdf54fc63eebf00,prod_d43b2cf8fa29d7ae9b37,var_87fdb4d38460cd899505,2026-02-01,56,18
inv_92525a063d4281f58090,prod_d43b2cf8fa29d7ae9b37,var_13c3ed1f6d0b19413901,2026-02-01,40,14
inv_0d6e3da0fc6bd653e01e,prod_d43b2cf8fa29d7ae9b37,var_22ec18309fa5f5e5288d,2026-02-01,38,10
inv_ce367336b6f4a0f6f04c,prod_d43b2cf8fa29d7ae9b37,var_26e0822c757ab04bd6c8,2026-02-01,76,5
inv_8e42bcf3ca8810c13026,prod_d43b2cf8fa29d7ae9b37,var_d8747d212def9f4c3e80,2026-02-01,53,17
inv_2990289dec6125ce4016,prod_d43b2cf8fa29d7ae9b37,var_5db963bcd8fbf81b2e05,2026-02-01,60,17
inv_848f0d5f1d47b790f06a,prod_d43b2cf8fa29d7ae9b37,var_3cc406399bed25270f9e,2026-02-01,63,10
inv_506821dbd3e6c536a9e6,prod_d43b2cf8fa29d7ae9b37,var_f3e3682f5daf474543ab,2026-02-01,31,11
inv_c4f833dc1395cd727b8e,prod_d43b2cf8fa29d7ae9b37,var_b35ae4d77d0efb3389d3,2026-02-01,39,1
inv_c76c82b4bfe34316b377,prod_d43b2cf8fa29d7ae9b37,var_caae1453b01f7b10b548,2026-02-01,37,10
inv_303f2638f83dbc2b1a81,prod_d43b2cf8fa29d7ae9b37,var_1375ba8c6f393210c436,2026-02-01,86,13
inv_5879891c3fff8c3dd066,prod_d43b2cf8fa29d7ae9b37,var_87e530ced3270be98f36,2026-02-01,86,17
inv_49712b7f0b0173f54245,prod_d43b2cf8fa29d7ae9b37,var_89efa340b18949bb9c2f,2026-02-01,48,8
inv_7fde20431fc5fbc02d5e,prod_d43b2cf8fa29d7ae9b37,var_1281ece6b89ebbdd0340,2026-02-01,72,4
inv_d2fcf86e9270d2e006be,prod_d43b2cf8fa29d7ae9b37,var_1fbd683f0c26c28d4200,2026-02-01,80,18
inv_8d06376a16227249f3b4,prod_d43b2cf8fa29d7ae9b37,var_2cc49091108ce06c317f,2026-02-01,63,11
inv_ab09476f35e84313da90,prod_d43b2cf8fa29d7ae9b37,var_e458e9983f2d79d6ed15,2026-02-01,48,13
inv_040e3f53bc39662771ff,prod_d43b2cf8fa29d7ae9b37,var_a2c2c81c60e69fda9995,2026-02-01,75,9
inv_985cd40ddf0f14c29942,prod_d43b2cf8fa29d7ae9b37,var_7d1ebbe12c99beb1f424,2026-02-01,72,15
inv_b06f3e11a8761d07f0ac,prod_d43b2cf8fa29d7ae9b37,var_c313512d9379d00efca9,2026-02-01,86,1
inv_364447c817baad42656f,prod_d43b2cf8fa29d7ae9b37,var_aa050b328bd26312a85e,2026-02-01,82,12
inv_cea5ea2ce751b8caa845,prod_d43b2cf8fa29d7ae9b37,var_d3aca37c9bca975444e2,2026-02-01,83,6
inv_84d272e4dccd58c25137,prod_ee93d55d30addeff6954,var_70fe6fd57228fdd24400,2026-02-01,70,1
inv_9865b153d836e313d35f,prod_ee93d55d30addeff6954,var_a0efe0997b6073b5e9d5,2026-02-01,66,6
inv_ddf06a3a86180f02281e,prod_ee93d55d30addeff6954,var_c9ae287d0fd94aec879d,2026-02-01,72,7
inv_8d07955df7acf20e226d,prod_ee93d55d30addeff6954,var_0dc2751ef1e6063b7445,2026-02-01,57,18
inv_6245493f8b02c4165595,prod_ee93d55d30addeff6954,var_075418ff0be5cdb7558e,2026-02-01,78,0
inv_fa5c070fb9ff39911ec6,prod_ee93d55d30addeff6954,var_422a1ef6d8410f6c318d,2026-02-01,89,7
inv_a205ff61d510242ba4c3,prod_ee93d55d30addeff6954,var_0f755faccbe419124cf5,2026-02-01,77,5
inv_db9c1e1d555bb5e2d07a,prod_ee93d55d30addeff6954,var_eb2f38cea72d24acd1c4,2026-02-01,78,10
inv_4708853464b70484e933,prod_ee93d55d30addeff6954,var_83bee3abddcf0fc27f98,2026-02-01,54,1
inv_03d6505979bd2ff86a95,prod_ee93d55d30addeff6954,var_23eb40a02aea71235f7f,2026-02-01,44,10
inv_19dcdf5e53f20d116ac3,prod_ee93d55d30addeff6954,var_ebb8cc29fc6683dff27c,2026-02-01,81,18
inv_8b3f2a68c3d7fe4a1de3,prod_ee93d55d30addeff6954,var_269576cae5504f7beee6,2026-02-01,31,7
inv_920b59ea0eff9b129c87,prod_ee93d55d30addeff6954,var_9f281e7cd219f0029526,2026-02-01,44,17
inv_73f7aa3d86789b028bc5,prod_ee93d55d30addeff6954,var_acf7ad33d8cefca798db,2026-02-01,87,14
inv_5893d0f31f3812e31966,prod_ee93d55d30addeff6954,var_0b6ca25661b3bea06ed9,2026-02-01,46,18
inv_a29f93b30405e881988d,prod_ee93d55d30addeff6954,var_9d18dbed26f272d168b2,2026-02-01,51,4
inv_c993803580e0265ca15d,prod_ee93d55d30addeff6954,var_6fbe552270a22d50cfd4,2026-02-01,48,16
inv_244eb790d2b6c04a9e6d,prod_ee93d55d30addeff6954,var_7929a442006436a2f4b9,2026-02-01,47,15
inv_eaade64980dee302a877,prod_ee93d55d30addeff6954,var_4859439609400df4e33c,2026-02-01,61,12
inv_cfa612484e656cd8312e,prod_ee93d55d30addeff6954,var_43a5f128559af0f8f854,2026-02-01,76,10
inv_819e631b9f721975a9d0,prod_ee93d55d30addeff6954,var_76a3d7146b323dd2a889,2026-02-01,69,10
inv_937b4df31a5c23e31d7a,prod_ee93d55d30addeff6954,var_85fb0baa8d121f327944,2026-02-01,37,6
inv_97e8f1140d8b71c828ec,prod_ee93d55d30addeff6954,var_b3220a2f29d9e3096a2f,2026-02-01,78,14
inv_c4ed76419e2037cc0db1,prod_ee93d55d30addeff6954,var_2d63af5c80cedd103436,2026-02-01,44,4
inv_0648e30eea8e15791acd,prod_ee93d55d30addeff6954,var_2fe8bce190c7eb41dfc8,2026-02-01,74,9
inv_952ef8d9f558ee99abc2,prod_ee93d55d30addeff6954,var_1b8f63ab3f5e208113ca,2026-02-01,66,14
inv_f1440af12dede56f7bfa,prod_ee93d55d30addeff6954,var_c491091d5ab7ff33db46,2026-02-01,55,11
inv_7403c62e8e86f94ad0c1,prod_ee93d55d30addeff6954,var_b319dcd8931c568f8dde,2026-02-01,56,16
inv_f444eae8cc1f97100289,prod_ee93d55d30addeff6954,var_8d654d633876e75e4317,2026-02-01,82,1
inv_a8f768c5d2a382566035,prod_ee93d55d30addeff6954,var_ed3640d449d418509f57,2026-02-01,40,1
inv_4955a19745e1f493a53b,prod_ee93d55d30addeff6954,var_9cd2bb280dce3fa2e76b,2026-02-01,61,1
inv_349d69096436939bb6d5,prod_ee93d55d30addeff6954,var_61a3d99f3dd57555f061,2026-02-01,39,15
inv_4e75f294929a6c1c4018,prod_ee93d55d30addeff6954,var_bd31f3105de2d7714577,2026-02-01,73,18
inv_cdee98fe7841859908cd,prod_ee93d55d30addeff6954,var_30fe308642c7372a4c55,2026-02-01,35,6
inv_0a613a60cec715d0562f,prod_ee93d55d30addeff6954,var_1c227362843cad63ec2d,2026-02-01,69,16
inv_686453b60128920bcb5e,prod_ee93d55d30addeff6954,var_efeb55e5136f27ed409c,2026-02-01,85,13
inv_9174d936e476585eb9c3,prod_438a44848bc196e6d975,var_6255fbba1fc1f01b7ee9,2026-02-01,43,2
inv_76c5e78fdf75d31b08a4,prod_438a44848bc196e6d975,var_17ee5bcff06d14279787,2026-02-01,89,10
inv_c111021774534bcd4a51,prod_438a44848bc196e6d975,var_eaa58626775f5e10787c,2026-02-01,89,10
inv_1794b893d3be2b84f232,prod_438a44848bc196e6d975,var_05e312d19f2d967b02ae,2026-02-01,67,10
inv_656c1dcc3e167462bffc,prod_438a44848bc196e6d975,var_68f5766a025554c3eaa9,2026-02-01,59,6
inv_207a6ddb98c57b9d69fc,prod_438a44848bc196e6d975,var_508fbb721d582106874e,2026-02-01,38,1
inv_35f354560df5a9d6c32d,prod_438a44848bc196e6d975,var_b72377f8338f3eabe496,2026-02-01,45,11
inv_8edd1fe5c770a32cd6bf,prod_438a44848bc196e6d975,var_64d39327630553f2e1b9,2026-02-01,53,13
inv_7432712a55eb85389c33,prod_438a44848bc196e6d975,var_b11b6b090279cfa04155,2026-02-01,52,2
inv_bfc9139aeb74c7c1889b,prod_438a44848bc196e6d975,var_2ea4bbd80d521a5e2104,2026-02-01,36,11
inv_ea2b735f921bcb109898,prod_438a44848bc196e6d975,var_76cac52bed832c30a5b3,2026-02-01,70,8
inv_0232471e827a065c23f3,prod_438a44848bc196e6d975,var_410af979ba0b61e8b1fa,2026-02-01,38,11
inv_b8271574d56d0701a0c7,prod_438a44848bc196e6d975,var_cca84c818b8d1dc7a408,2026-02-01,82,9
inv_cbd750daadf1d3f1e815,prod_438a44848bc196e6d975,var_b205c40ad363b680ec58,2026-02-01,31,18
inv_f84180405625d70adcf7,prod_438a44848bc196e6d975,var_823a189d514c6e10865d,2026-02-01,43,14
inv_e18a6785d70a20adbd67,prod_438a44848bc196e6d975,var_5579d3dcd9580bd272b2,2026-02-01,63,1
inv_840b2c26452163fc8e1b,prod_438a44848bc196e6d975,var_d1592d795041e81f6c4e,2026-02-01,74,4
inv_492fe8e25fdcc33e0400,prod_438a44848bc196e6d975,var_f6a18c0e86b9ac9532f4,2026-02-01,70,8
inv_12d2bb94846a19aa0f8e,prod_438a44848bc196e6d975,var_0b2b595a7dc5b15f1c86,2026-02-01,68,5
inv_b4703d6f424ef07d2472,prod_438a44848bc196e6d975,var_c363351edb0ceb1afad6,2026-02-01,32,0
inv_8ce68cce6768e77c76d7,prod_438a44848bc196e6d975,var_c87f257a229ce7eafa08,2026-02-01,67,5
inv_07f47b52b3b4537da5d1,prod_438a44848bc196e6d975,var_a7daae96f9b2f50dfdef,2026-02-01,60,16
inv_c9041bc1dfaff0347d45,prod_438a44848bc196e6d975,var_164a5b158bfc49dcbc82,2026-02-01,67,1
inv_acca82a55637ba2e633e,prod_438a44848bc196e6d975,var_d50ecabaab63713dbe3c,2026-02-01,46,3
inv_dffce43eaf33b926761f,prod_438a44848bc196e6d975,var_e117db91e6327b985328,2026-02-01,41,10
inv_d381176315166ef166da,prod_438a44848bc196e6d975,var_aeba55eb9e30673a577a,2026-02-01,90,2
inv_b1c3ee25d414a71eb301,prod_438a44848bc196e6d975,var_b5006b5f302fb3c0822b,2026-02-01,45,18
inv_51b9aade1b344fe04bec,prod_438a44848bc196e6d975,var_70d6578905075ca6871b,2026-02-01,46,12
inv_dfd95314af8d1bfb3bb8,prod_438a44848bc196e6d975,var_6820abf40d03602f4536,2026-02-01,36,12
inv_fd1668950797faa39caa,prod_438a44848bc196e6d975,var_8768929dc580179c1fad,2026-02-01,55,6
inv_66abf50f619b555d8ecf,prod_438a44848bc196e6d975,var_9714066032b1c68057b8,2026-02-01,59,5
inv_2c3dac39e9ddc78a50e5,prod_438a44848bc196e6d975,var_14bd7ed084b7132e19a3,2026-02-01,56,15
inv_97d15ab0d54b95dee809,prod_438a44848bc196e6d975,var_b45c40adf3eb6d63798c,2026-02-01,65,3
inv_b595a18fe59247088f2f,prod_438a44848bc196e6d975,var_84b95c9fb4b7809f8a34,2026-02-01,79,0
inv_5f171d8e87b086cc45b5,prod_438a44848bc196e6d975,var_d7120c7c2177c417b214,2026-02-01,70,5
inv_e9fba8385de7a8c13313,prod_438a44848bc196e6d975,var_0b5c0ad0f1e4e8da6ed8,2026-02-01,58,1
inv_10539750ab441258e94e,prod_0189531a36c049171820,var_ab88c6de58ee2fcdf9e4,2026-02-01,129,2
inv_893ab868146a0c630ce4,prod_0189531a36c049171820,var_00c1c82f6d8a8b24ddf5,2026-02-01,91,16
inv_89d35df3dd7968de4a14,prod_0189531a36c049171820,var_ec38e216853971e3ca9c,2026-02-01,66,8
inv_51842ca73108d767a2e6,prod_0189531a36c049171820,var_439c19cbc3abe2d73929,2026-02-01,138,3
inv_30217ea73cae466b8397,prod_0189531a36c049171820,var_6590129bf85a309d3f8f,2026-02-01,105,7
inv_12de18cd2281c9a50ef8,prod_0189531a36c049171820,var_6b0100cdc1ef1031469b,2026-02-01,76,9
inv_0172c70422b2ecb94146,prod_0189531a36c049171820,var_617730612696e695ed41,2026-02-01,159,16
inv_81a8f35ce473f07dd1b7,prod_0189531a36c049171820,var_b5d905be4efb894192b7,2026-02-01,98,3
inv_1e56235c9496ccd23cda,prod_0189531a36c049171820,var_360731b0a803c24bfd69,2026-02-01,66,10
inv_99a35c30590c6c938954,prod_0189531a36c049171820,var_b30af374f3e8523449d6,2026-02-01,68,4
inv_08054deb04aba1d08fcd,prod_0189531a36c049171820,var_0f3bd97c57258221527f,2026-02-01,147,16
inv_5a26cb88df7e02ed3620,prod_0189531a36c049171820,var_fcc7e2fc3cb72570cbfc,2026-02-01,109,2
inv_d25c7a669608b8974b09,prod_0189531a36c049171820,var_00df6f028ceddde26b68,2026-02-01,61,17
inv_693c147836811f679338,prod_0189531a36c049171820,var_b328308955a099219aba,2026-02-01,63,5
inv_a6be3827768ae879c0a3,prod_0189531a36c049171820,var_1bc3cc6be2d148f68d07,2026-02-01,117,15
inv_371189e605ff0b2ccc12,prod_0189531a36c049171820,var_93c4efb5105239106e76,2026-02-01,88,9
inv_ab67c8572b441db8fa53,prod_0189531a36c049171820,var_7657acb4edd171a3e158,2026-02-01,94,12
inv_f16a221ed52fe8c99ee1,prod_0189531a36c049171820,var_7c8a95c30a2e093e0468,2026-02-01,154,1
inv_ccbd2b54ae666683b078,prod_0189531a36c049171820,var_e7d27b69dfb62d802fec,2026-02-01,133,14
inv_5859bf349edbd8fd883a,prod_0189531a36c049171820,var_b9ed5b404fd99996ec9f,2026-02-01,95,3
inv_b2b2470812d90a5fe4f0,prod_0189531a36c049171820,var_324e13c984d9aaab9604,2026-02-01,157,7
inv_31c8cc9a1394923de1c4,prod_0189531a36c049171820,var_cad1bc675f38c394a994,2026-02-01,114,15
inv_a9d07eca240c4f0623ee,prod_0189531a36c049171820,var_fa3dbd5a2054f66ebda8,2026-02-01,99,17
inv_76696201f5dd825b37ef,prod_0189531a36c049171820,var_03627cfde38743cff6a4,2026-02-01,57,8
inv_e47b3a1cb397ba733da6,prod_0189531a36c049171820,var_22afdc3bc66d8c370224,2026-02-01,57,8
inv_b9b639115a68a6ca8c38,prod_0189531a36c049171820,var_51f120a7b2c0d86f9a2b,2026-02-01,90,14
inv_9e88ea6caac5082dfb95,prod_0189531a36c049171820,var_65cde14be098ea1a671d,2026-02-01,156,4
inv_80a7af8aad19f3682900,prod_0189531a36c049171820,var_3827fef61cdfb42fbde9,2026-02-01,67,16
inv_f45371242e243f2def90,prod_0189531a36c049171820,var_e1d35731895df46c299d,2026-02-01,94,0
inv_5f71833367e1c3b1fac7,prod_0189531a36c049171820,var_a11d1e73dd135e3f1cb9,2026-02-01,138,7
inv_2aed85ed9e5b9f5f0265,prod_4fb11ac857411bda88a4,var_77f9b98f706e27f8d8f9,2026-02-01,138,15
inv_47538537e01d38e05301,prod_4fb11ac857411bda88a4,var_fad911836ba0bc2d17e3,2026-02-01,84,14
inv_c168e34ea6b770712a96,prod_4fb11ac857411bda88a4,var_6b4cde94e24613aa178d,2026-02-01,138,9
inv_341b6009d958aeb4b419,prod_4fb11ac857411bda88a4,var_71823e970238e186821c,2026-02-01,96,2
inv_62d0c5b9e91a602ffd92,prod_4fb11ac857411bda88a4,var_58a00b869159191e4ac9,2026-02-01,153,12
inv_acd5aa337a1a1361f479,prod_4fb11ac857411bda88a4,var_70e1c4a0d7096208c340,2026-02-01,72,4
inv_5e18e31e1ed7d1b8e3b6,prod_4fb11ac857411bda88a4,var_e49c1d617edcf65ee83c,2026-02-01,140,15
inv_6dd069a40930d0b4cfe7,prod_4fb11ac857411bda88a4,var_acbadd53c4704809d846,2026-02-01,72,7
inv_7a8e43f1a7722acc846d,prod_4fb11ac857411bda88a4,var_2683dc797f5a0706de2c,2026-02-01,95,5
inv_ba7e82a35fbafbfcd9eb,prod_4fb11ac857411bda88a4,var_6bfb37f2e216be599dfb,2026-02-01,106,4
inv_32cfd85b4b3483732aec,prod_4fb11ac857411bda88a4,var_55e00ca073f61b9775de,2026-02-01,152,8
inv_085cfe5adfa4e36702bd,prod_4fb11ac857411bda88a4,var_b1841532494f148dfc95,2026-02-01,74,6
inv_8554f7736727daaf3b40,prod_4fb11ac857411bda88a4,var_63784919911926a972c2,2026-02-01,150,0
inv_d0ccd391b45e2aadfc33,prod_4fb11ac857411bda88a4,var_0c8dbcf461e87274cd44,2026-02-01,130,17
inv_354e3a3f3a39e1213a9f,prod_4fb11ac857411bda88a4,var_85a21cc286764b196eba,2026-02-01,151,16
inv_21fc535eea05d4bb6ae7,prod_4fb11ac857411bda88a4,var_69ad1a308528a65fbf7f,2026-02-01,66,15
inv_19e96d131c460fa1d307,prod_4fb11ac857411bda88a4,var_48589628c217474fe88e,2026-02-01,108,8
inv_d9114043c68038a8ed0e,prod_4fb11ac857411bda88a4,var_78ce2ee3c901aabec73e,2026-02-01,102,11
inv_1778b7d2380849621ad5,prod_4fb11ac857411bda88a4,var_94b54f7c484f05634866,2026-02-01,154,15
inv_0512b4e8ac287e88473b,prod_4fb11ac857411bda88a4,var_fc65fa629ab0cfab4741,2026-02-01,145,16
inv_c64c906427dec5805a4e,prod_4fb11ac857411bda88a4,var_0298ed73b20b2a58ddc3,2026-02-01,93,16
inv_4bc93a9b554b4a01c1a8,prod_4fb11ac857411bda88a4,var_b9b996a2b08ed40ea006,2026-02-01,157,15
inv_67715a8bbfb067e74663,prod_4fb11ac857411bda88a4,var_97d1184949150ec3ff6c,2026-02-01,127,13
inv_f37d5e9131d0d0e6bcb9,prod_4fb11ac857411bda88a4,var_9ddc10ac2aa76ca09954,2026-02-01,67,1
inv_2cd6ce6a61f962208c3e,prod_4fb11ac857411bda88a4,var_79dbcc3eddbb79b3678b,2026-02-01,64,8
inv_cca038784117498674d1,prod_4fb11ac857411bda88a4,var_dc811c3db2dffa2b4d77,2026-02-01,148,7
inv_f1a679fbd5023437e0ad,prod_4fb11ac857411bda88a4,var_03e26300920b777b60ce,2026-02-01,111,3
inv_734abe66d62591133cd2,prod_4fb11ac857411bda88a4,var_2f00cf3713efd884f325,2026-02-01,105,7
inv_14801efe94fc91b50193,prod_4fb11ac857411bda88a4,var_8d03581fc9e13826e5f0,2026-02-01,109,0
inv_b308f0258918425ddec5,prod_4fb11ac857411bda88a4,var_8c55152214d872854644,2026-02-01,73,10
inv_fb739b5543569ddebe42,prod_2efa0aed0d6e67ecae58,var_53840b82f1f41986b97b,2026-02-01,106,13
inv_3992596d1c193a37fcf1,prod_2efa0aed0d6e67ecae58,var_499d2419d323a686d2c6,2026-02-01,119,14
inv_7a222ba0b059f5e44e3a,prod_2efa0aed0d6e67ecae58,var_6dfdc29a2a61c6f5087f,2026-02-01,138,13
inv_086bff9b69c784b77e51,prod_2efa0aed0d6e67ecae58,var_64183720fcbbbd913ed0,2026-02-01,140,3
inv_3cc505c6e30c933d8726,prod_2efa0aed0d6e67ecae58,var_d045b09c714a135c2f0a,2026-02-01,110,8
inv_8cc468f9b276675dcbdd,prod_2efa0aed0d6e67ecae58,var_f6d3f9a9c8e4616f6c5c,2026-02-01,158,0
inv_8121a6eb7a6ba1cf8d93,prod_2efa0aed0d6e67ecae58,var_1a3c43e3bd57b167f4c1,2026-02-01,93,0
inv_2a412ad55b7422e7ca8f,prod_2efa0aed0d6e67ecae58,var_b54607373ac7bafb02f6,2026-02-01,99,12
inv_eafc0ba6af02034b62c6,prod_2efa0aed0d6e67ecae58,var_5414ce2508350e24da4d,2026-02-01,105,16
inv_83fe3cb49c5e50f81d3a,prod_2efa0aed0d6e67ecae58,var_1e08d41c5ab96cce1ce2,2026-02-01,102,3
inv_ca5407cb46963eb8a07e,prod_2efa0aed0d6e67ecae58,var_93a3c087875d45eb3101,2026-02-01,88,17
inv_d4f8bfccf619e8ef55b9,prod_2efa0aed0d6e67ecae58,var_e03ac89cc365fa42f93c,2026-02-01,108,15
inv_89a41895f249a8d91d14,prod_2efa0aed0d6e67ecae58,var_7696cc7d0631b8c9ee6f,2026-02-01,64,16
inv_6caf87dc3bb88a25ae13,prod_2efa0aed0d6e67ecae58,var_0cf84000f5859801c60f,2026-02-01,70,15
inv_0005a7287890c35d57a3,prod_2efa0aed0d6e67ecae58,var_8031b1936b5e05c16a08,2026-02-01,68,14
inv_cb3c4344d143c85a744a,prod_2efa0aed0d6e67ecae58,var_3faf67b40721672e3de6,2026-02-01,147,1
inv_df8aa67e312472f11f48,prod_2efa0aed0d6e67ecae58,var_ffa3148e0ee7668d8f30,2026-02-01,120,4
inv_219cece4b051d12d31df,prod_2efa0aed0d6e67ecae58,var_8ab4fd713004558e9200,2026-02-01,127,9
inv_01caea878b4615932828,prod_2efa0aed0d6e67ecae58,var_38d5b5f8cb87a53d650b,2026-02-01,129,4
inv_1f52254e5ef0db1bb676,prod_2efa0aed0d6e67ecae58,var_7563e95b2351a5fa4a08,2026-02-01,73,14
inv_41d86b59d9936d73fd98,prod_2efa0aed0d6e67ecae58,var_ef0af573f8034823d555,2026-02-01,137,15
inv_9bf91261aa909ff5cb9d,prod_2efa0aed0d6e67ecae58,var_7f3a3296ffbd820f7f55,2026-02-01,134,16
inv_1127d66df109822eda54,prod_2efa0aed0d6e67ecae58,var_d206780fbe564728bf65,2026-02-01,91,5
inv_6ddd868120850f0baa14,prod_2efa0aed0d6e67ecae58,var_5e478e2b39c40398fb76,2026-02-01,76,10
inv_f4070f5a05cda29553ea,prod_2efa0aed0d6e67ecae58,var_c5d4b04e619e436daff8,2026-02-01,65,7
inv_5f823304ff5b223ab65e,prod_2efa0aed0d6e67ecae58,var_c1d92c21012faefae3f8,2026-02-01,80,3
inv_53afbf1c07e99cee5f24,prod_2efa0aed0d6e67ecae58,var_2a91c104878870f34df4,2026-02-01,107,9
inv_ee2f89c015388c94e3c7,prod_2efa0aed0d6e67ecae58,var_fe046aec4c2aa733984d,2026-02-01,142,18
inv_a7138e3c46b845d295b1,prod_2efa0aed0d6e67ecae58,var_0072c3c72ae42a25b5f3,2026-02-01,96,7
inv_83dd22c80fd9bbe4997c,prod_2efa0aed0d6e67ecae58,var_32173c8dbdf8eac79214,2026-02-01,72,7
inv_8dcf6ed66592cdfd2e9d,prod_1aac77da65d619e6240f,var_fada642b3d793e48890b,2026-02-01,119,10
inv_7ff9399b25bbada57b6a,prod_1aac77da65d619e6240f,var_b0665991d9649a256643,2026-02-01,63,12
inv_aa39d3978c79954a92ea,prod_1aac77da65d619e6240f,var_fe1215c4f405465a502b,2026-02-01,119,14
inv_d15e63dc71fef7cb77cb,prod_1aac77da65d619e6240f,var_30c9251395a079628b82,2026-02-01,145,17
inv_f1652c46353e870f05a1,prod_1aac77da65d619e6240f,var_e865328517c3330f1431,2026-02-01,119,2
inv_53b9b281079f985485ed,prod_1aac77da65d619e6240f,var_4ec6f48b0a97467baa73,2026-02-01,129,5
inv_0fe049b4cbd93309385d,prod_1aac77da65d619e6240f,var_9818589b07d9187961de,2026-02-01,66,15
inv_8ef12baec7455e93f018,prod_1aac77da65d619e6240f,var_b26eea452ddb91e6275c,2026-02-01,101,9
inv_3cc2107c3a8220e700c8,prod_1aac77da65d619e6240f,var_19fa5bf87e2a73901ef4,2026-02-01,156,17
inv_5aaf9bd5246bb8a6fa03,prod_1aac77da65d619e6240f,var_582d11378691a5a6e4e9,2026-02-01,109,3
inv_a0d361aa80084b1fa520,prod_1aac77da65d619e6240f,var_8ec37fcdee5f1140ec55,2026-02-01,69,3
inv_6d1c94e7adecd7e0f6ca,prod_1aac77da65d619e6240f,var_a6767a237b512235506f,2026-02-01,87,4
inv_c9be22136a11a6d1d37d,prod_1aac77da65d619e6240f,var_0249455f35a9dd408d40,2026-02-01,122,15
inv_64c6a390323fe7bbaa01,prod_1aac77da65d619e6240f,var_9d2bbbb4593860eae1c2,2026-02-01,143,11
inv_282947e2c079a14e78d3,prod_1aac77da65d619e6240f,var_b504113d4e05f26566f9,2026-02-01,154,5
inv_7d16253549e6ba9ae9bb,prod_1aac77da65d619e6240f,var_19b6c0119781ca26cfab,2026-02-01,98,13
inv_8c6c52063602973177eb,prod_1aac77da65d619e6240f,var_30a71ca69a0597e20603,2026-02-01,96,12
inv_0983587bfd902f088342,prod_1aac77da65d619e6240f,var_44f43fafea7f397d29fa,2026-02-01,145,4
inv_8808c6a80445c678ee62,prod_1aac77da65d619e6240f,var_aa467d7577abf3fbc60e,2026-02-01,137,11
inv_a877628fa1aa62a86853,prod_1aac77da65d619e6240f,var_b18529e43b561104e73d,2026-02-01,143,3
inv_0e1e7da52f75273bf203,prod_1aac77da65d619e6240f,var_f4e84136e702c56fc319,2026-02-01,115,10
inv_2ee0ab27268154c45213,prod_1aac77da65d619e6240f,var_811e9c78b377b4e4453c,2026-02-01,94,9
inv_5def9b0d4eef1c5f721c,prod_1aac77da65d619e6240f,var_f5ccef0575523ac6faa5,2026-02-01,81,5
inv_aa126b632e151bff7651,prod_1aac77da65d619e6240f,var_e91175ca45ab8fc349dc,2026-02-01,134,18
inv_3b4ba24e1d66d7d76fed,prod_1aac77da65d619e6240f,var_e68010c463448ce42243,2026-02-01,111,17
inv_a1069c89506902860776,prod_1aac77da65d619e6240f,var_3a2e554b388bcfe86ab3,2026-02-01,76,10
inv_b43ff99de4ecf0fa8d56,prod_1aac77da65d619e6240f,var_827c52ca8f98abbcdae2,2026-02-01,146,12
inv_54bcf9c9d17f190ff153,prod_1aac77da65d619e6240f,var_11a4e26a7ab75dc78c86,2026-02-01,141,8
inv_6a16e13d90d5beb921a1,prod_1aac77da65d619e6240f,var_5229b1982481efd531f3,2026-02-01,125,8
inv_e82e373117c8352db9c0,prod_1aac77da65d619e6240f,var_3971b7f2774b1e5a316d,2026-02-01,110,9
inv_78dbd4cb8b4253e0efda,prod_ea26883fb1deabd15141,var_c95ef6026df6ba67eec8,2026-02-01,81,5
inv_6f2654ccef55b77c822a,prod_ea26883fb1deabd15141,var_bc45956a6234980b8431,2026-02-01,88,1
inv_10301bc1e46af07809ea,prod_ea26883fb1deabd15141,var_8d5d2d5c13ed45a481ad,2026-02-01,95,4
inv_89b6c3a4d67bcdfe7c4e,prod_ea26883fb1deabd15141,var_be2b12a3e53e8671f3d6,2026-02-01,92,2
inv_759a3ecafc00f60b7934,prod_ea26883fb1deabd15141,var_def87b80ab2972f8be9d,2026-02-01,108,13
inv_2f32d93e772bf7bc91b1,prod_ea26883fb1deabd15141,var_ad88e442b4ec9a747624,2026-02-01,58,6
inv_58211adc3a0bdd4297fc,prod_ea26883fb1deabd15141,var_a18ec8356e2d553dbf65,2026-02-01,86,9
inv_7aad12d9e722f17e7006,prod_ea26883fb1deabd15141,var_8fe117c6a6c73be68252,2026-02-01,122,15
inv_0d413ffe324a35367b54,prod_ea26883fb1deabd15141,var_a56e028f2685d369a8a2,2026-02-01,100,8
inv_0cebdb49bc869d04494e,prod_ebe756215bbfcde882c1,var_f9b6333510f3a2bddcce,2026-02-01,145,11
inv_3b55519d800b64e2f667,prod_ebe756215bbfcde882c1,var_84ff60b1ac8610102053,2026-02-01,90,3
inv_ad223bb542d20d17bb8a,prod_ebe756215bbfcde882c1,var_0c2a56074856654cc09c,2026-02-01,100,17
inv_e7aab1e6f0a26d1fce59,prod_ebe756215bbfcde882c1,var_54a48c4e9f5a97d29dac,2026-02-01,84,11
inv_68f122ede9fded04c331,prod_ebe756215bbfcde882c1,var_477f71369f8ec76bae72,2026-02-01,105,1
inv_d92cac894b900c1062c6,prod_ebe756215bbfcde882c1,var_1712a2d5f6a5d208055e,2026-02-01,80,0
inv_9d6502888bfc5146d7c9,prod_ebe756215bbfcde882c1,var_63071a389c1b1f57160c,2026-02-01,79,15
inv_d8fd99046de9ae0e7a4c,prod_ebe756215bbfcde882c1,var_5d625c4bbaa3b689d1db,2026-02-01,73,2
inv_cf7f143f49ffbf807634,prod_ebe756215bbfcde882c1,var_d93959e68a9c1ed24606,2026-02-01,116,1
inv_8928590b7b2224f222be,prod_72dfeba4701d415d317a,var_11b9ced246c49a2a69c6,2026-02-01,120,3
inv_ee24377fcd824c27eee8,prod_72dfeba4701d415d317a,var_a0b00e2faaec9758659d,2026-02-01,147,0
inv_44eb401a8b204d662093,prod_72dfeba4701d415d317a,var_07a3825bb8e2e492b76b,2026-02-01,116,9
inv_9a3f95e219c5ba4648c1,prod_72dfeba4701d415d317a,var_abf4b066285529554ec5,2026-02-01,153,14
inv_1b83a7e6ae7453592481,prod_72dfeba4701d415d317a,var_8a23a15f6866bdee9409,2026-02-01,63,14
inv_41251f3255a5b0c941be,prod_72dfeba4701d415d317a,var_a4481e5f98f473cda093,2026-02-01,118,13
inv_0af06f45fa6a568fb69d,prod_72dfeba4701d415d317a,var_15a5da1605c0b6e7842d,2026-02-01,86,17
inv_bb9f40bf6e89f3d9c97b,prod_72dfeba4701d415d317a,var_1a7a54f91d9a9784b173,2026-02-01,135,17
inv_e36a70a8c65fd97a4d64,prod_72dfeba4701d415d317a,var_c1969c0733b4dc908af7,2026-02-01,145,4
inv_95122dd8198871d75451,prod_72dfeba4701d415d317a,var_4aeb79589687b461e96f,2026-02-01,87,0
inv_d490435c6f3e11b0c7e7,prod_72dfeba4701d415d317a,var_be4c5e4aeb2733383b86,2026-02-01,95,15
inv_bc5e65204fa5e8700d96,prod_72dfeba4701d415d317a,var_e55f60ce5370c732b493,2026-02-01,135,9
inv_750940d667de790d29d5,prod_72dfeba4701d415d317a,var_a8e55173ba8ba00fbb58,2026-02-01,156,17
inv_4ac88e3ddd8931526667,prod_72dfeba4701d415d317a,var_9ae1b9494d9b24b6814d,2026-02-01,107,8
inv_de42886f1d4fc6be4d21,prod_72dfeba4701d415d317a,var_c81a94d9a15b6b760523,2026-02-01,102,5
inv_e30bbf2455abd0ab84ab,prod_72dfeba4701d415d317a,var_0088bda42ae04ba0e6f0,2026-02-01,101,18
inv_0b693e7a2c76165ed274,prod_72dfeba4701d415d317a,var_261e93378c2ea03cf536,2026-02-01,60,12
inv_286bbc4f6b5598e59d50,prod_72dfeba4701d415d317a,var_3095fdb99afdb37f42a9,2026-02-01,159,1
inv_b74ca4cc4a99ceb4ad40,prod_72dfeba4701d415d317a,var_b93ffcc4df25b6049fd7,2026-02-01,112,4
inv_866565cbfde8bca01b10,prod_72dfeba4701d415d317a,var_cf614c1f8ce5ad152f86,2026-02-01,112,4
inv_bde86033f2efb9e45ed7,prod_72dfeba4701d415d317a,var_439e4a3b1ded76626bcc,2026-02-01,92,8
inv_055a5cc7e0d595b1969a,prod_72dfeba4701d415d317a,var_7a9bd3c5007019c19bfe,2026-02-01,73,10
inv_50dba9ffc3ffe13821e8,prod_72dfeba4701d415d317a,var_8856a9a1708ad62e3b1d,2026-02-01,67,1
inv_d140ddfc64c07ed94965,prod_72dfeba4701d415d317a,var_082ccc283fa2bea80c16,2026-02-01,128,17
inv_844fd18736506e88a86b,prod_d87cfc68d1aef053d198,var_199bb1069f0216fdcbf6,2026-02-01,128,11
inv_347f06e158b816eacae0,prod_d87cfc68d1aef053d198,var_7867058976a19bca1d0d,2026-02-01,71,0
inv_2df74783eda8031868dc,prod_30d7a0ddc2ef16ba66b9,var_cb896475831a28934bfe,2026-02-01,103,8
inv_4809dc8038b766e1fb14,prod_30d7a0ddc2ef16ba66b9,var_5ad21b0b072b59385182,2026-02-01,113,18
inv_9a3f29d1b14443b029b1,prod_d43b2cf8fa29d7ae9b37,var_320e93b779cc3f59b69d,2026-03-01,44,17
inv_24bb201e5263c7e347a9,prod_d43b2cf8fa29d7ae9b37,var_17f58fc6b2961004e931,2026-03-01,75,16
inv_dec7cd31af3d68d4071b,prod_d43b2cf8fa29d7ae9b37,var_2abdb293ed839904df8a,2026-03-01,73,3
inv_5028277a50ca0c5c3d21,prod_d43b2cf8fa29d7ae9b37,var_6f0cce9478da3e151612,2026-03-01,69,5
inv_1b1b249cb3bc71ddc835,prod_d43b2cf8fa29d7ae9b37,var_a02a8c90a7e79350209b,2026-03-01,49,4
inv_33e3aed9d600c7f25554,prod_d43b2cf8fa29d7ae9b37,var_a63023dcf36046e5dc4e,2026-03-01,75,17
inv_4073941d0265c59960ac,prod_d43b2cf8fa29d7ae9b37,var_e8598f4784994d3f8438,2026-03-01,46,0
inv_0eae36dca199af027084,prod_d43b2cf8fa29d7ae9b37,var_03696f04943b92dadb38,2026-03-01,68,14
inv_32411b43683057512e39,prod_d43b2cf8fa29d7ae9b37,var_01a56d62607b13a33c4e,2026-03-01,40,12
inv_2be1190cdbd928439f45,prod_d43b2cf8fa29d7ae9b37,var_5267390ff261d8c9917a,2026-03-01,89,16
inv_b9902d39c82a0dc901e5,prod_d43b2cf8fa29d7ae9b37,var_4bc34e01cda1012288f6,2026-03-01,80,6
inv_b52fd6762f1d2ac8a02f,prod_d43b2cf8fa29d7ae9b37,var_02fb794660a1ff5b5481,2026-03-01,55,4
inv_cdae453d1145663414aa,prod_d43b2cf8fa29d7ae9b37,var_41628dba54c9c6861c9d,2026-03-01,45,4
inv_89672883fd80337bfbe5,prod_d43b2cf8fa29d7ae9b37,var_db3c0fa83abed429ed33,2026-03-01,78,12
inv_ed197fe10f761075bd7a,prod_d43b2cf8fa29d7ae9b37,var_87fdb4d38460cd899505,2026-03-01,66,4
inv_e51f428c2940e8205784,prod_d43b2cf8fa29d7ae9b37,var_13c3ed1f6d0b19413901,2026-03-01,47,6
inv_a532863a621f5d63b950,prod_d43b2cf8fa29d7ae9b37,var_22ec18309fa5f5e5288d,2026-03-01,40,14
inv_6804f39607f45dd09211,prod_d43b2cf8fa29d7ae9b37,var_26e0822c757ab04bd6c8,2026-03-01,69,1
inv_b1c79422d855be2b4b86,prod_d43b2cf8fa29d7ae9b37,var_d8747d212def9f4c3e80,2026-03-01,50,2
inv_13e9075c84cd74acc1d4,prod_d43b2cf8fa29d7ae9b37,var_5db963bcd8fbf81b2e05,2026-03-01,66,15
inv_3738e8ba2a976957a074,prod_d43b2cf8fa29d7ae9b37,var_3cc406399bed25270f9e,2026-03-01,41,15
inv_b644c51d29b1f71c9369,prod_d43b2cf8fa29d7ae9b37,var_f3e3682f5daf474543ab,2026-03-01,68,0
inv_9d71614a652be44d0eb3,prod_d43b2cf8fa29d7ae9b37,var_b35ae4d77d0efb3389d3,2026-03-01,72,13
inv_dd0c967ef107066d55d1,prod_d43b2cf8fa29d7ae9b37,var_caae1453b01f7b10b548,2026-03-01,43,6
inv_2ff7a4722b120ccba9db,prod_d43b2cf8fa29d7ae9b37,var_1375ba8c6f393210c436,2026-03-01,76,15
inv_a9ace7103ea5984b0884,prod_d43b2cf8fa29d7ae9b37,var_87e530ced3270be98f36,2026-03-01,36,4
inv_1c7833548f362f417c91,prod_d43b2cf8fa29d7ae9b37,var_89efa340b18949bb9c2f,2026-03-01,33,5
inv_dd78982446045e89fe0d,prod_d43b2cf8fa29d7ae9b37,var_1281ece6b89ebbdd0340,2026-03-01,47,9
inv_17baafb59d5a496ce5f9,prod_d43b2cf8fa29d7ae9b37,var_1fbd683f0c26c28d4200,2026-03-01,39,18
inv_a66a6d0cb54882cd6a99,prod_d43b2cf8fa29d7ae9b37,var_2cc49091108ce06c317f,2026-03-01,37,4
inv_dc72e6411dc0f9302f02,prod_d43b2cf8fa29d7ae9b37,var_e458e9983f2d79d6ed15,2026-03-01,82,8
inv_539d33490349cf3d8b35,prod_d43b2cf8fa29d7ae9b37,var_a2c2c81c60e69fda9995,2026-03-01,40,3
inv_0f5c65b59f9b387c8176,prod_d43b2cf8fa29d7ae9b37,var_7d1ebbe12c99beb1f424,2026-03-01,43,16
inv_d5b885ca9867627ae2c9,prod_d43b2cf8fa29d7ae9b37,var_c313512d9379d00efca9,2026-03-01,83,10
inv_0404973780c1a92dc4b2,prod_d43b2cf8fa29d7ae9b37,var_aa050b328bd26312a85e,2026-03-01,38,7
inv_ccb32b2a45e8f8e2482d,prod_d43b2cf8fa29d7ae9b37,var_d3aca37c9bca975444e2,2026-03-01,62,4
inv_df75b292cf2497709065,prod_ee93d55d30addeff6954,var_70fe6fd57228fdd24400,2026-03-01,71,9
inv_df7fec0633162fe3376e,prod_ee93d55d30addeff6954,var_a0efe0997b6073b5e9d5,2026-03-01,78,12
inv_06c0c792dd90e871aab6,prod_ee93d55d30addeff6954,var_c9ae287d0fd94aec879d,2026-03-01,74,5
inv_b56f398a50b5c3bc8b06,prod_ee93d55d30addeff6954,var_0dc2751ef1e6063b7445,2026-03-01,40,4
inv_94692afb9fcad8e73b29,prod_ee93d55d30addeff6954,var_075418ff0be5cdb7558e,2026-03-01,46,13
inv_0583a0e9803fa4cd570c,prod_ee93d55d30addeff6954,var_422a1ef6d8410f6c318d,2026-03-01,69,15
inv_9a2dee7af3538275a945,prod_ee93d55d30addeff6954,var_0f755faccbe419124cf5,2026-03-01,59,13
inv_5daa03bf42f5f57d2c75,prod_ee93d55d30addeff6954,var_eb2f38cea72d24acd1c4,2026-03-01,37,2
inv_1f531435c8445898d0f1,prod_ee93d55d30addeff6954,var_83bee3abddcf0fc27f98,2026-03-01,82,7
inv_a389ee471d5bc4b0216d,prod_ee93d55d30addeff6954,var_23eb40a02aea71235f7f,2026-03-01,71,13
inv_de530d89d63a9cd427f8,prod_ee93d55d30addeff6954,var_ebb8cc29fc6683dff27c,2026-03-01,89,15
inv_a528c3fc112bc771912e,prod_ee93d55d30addeff6954,var_269576cae5504f7beee6,2026-03-01,73,2
inv_db043c34121492b4b295,prod_ee93d55d30addeff6954,var_9f281e7cd219f0029526,2026-03-01,84,6
inv_be371ccdda1236f276a8,prod_ee93d55d30addeff6954,var_acf7ad33d8cefca798db,2026-03-01,36,2
inv_d6c767b5280544449287,prod_ee93d55d30addeff6954,var_0b6ca25661b3bea06ed9,2026-03-01,54,7
inv_ffc842a6b0df7cecfa0d,prod_ee93d55d30addeff6954,var_9d18dbed26f272d168b2,2026-03-01,63,10
inv_b9fa26b1e691039fcd03,prod_ee93d55d30addeff6954,var_6fbe552270a22d50cfd4,2026-03-01,81,7
inv_07778e4c517fcccdac09,prod_ee93d55d30addeff6954,var_7929a442006436a2f4b9,2026-03-01,73,4
inv_1a9b2dec9fd4b7b22ad9,prod_ee93d55d30addeff6954,var_4859439609400df4e33c,2026-03-01,55,9
inv_da716aa5b19ad9d16092,prod_ee93d55d30addeff6954,var_43a5f128559af0f8f854,2026-03-01,33,3
inv_b2667d20736957f3978c,prod_ee93d55d30addeff6954,var_76a3d7146b323dd2a889,2026-03-01,59,16
inv_96da9c9df0672aa4e1be,prod_ee93d55d30addeff6954,var_85fb0baa8d121f327944,2026-03-01,84,4
inv_781340c928136501ca70,prod_ee93d55d30addeff6954,var_b3220a2f29d9e3096a2f,2026-03-01,36,1
inv_014635409ca0ccd3211f,prod_ee93d55d30addeff6954,var_2d63af5c80cedd103436,2026-03-01,72,6
inv_425e244ef2c95e051a28,prod_ee93d55d30addeff6954,var_2fe8bce190c7eb41dfc8,2026-03-01,75,12
inv_38e6512f0736fe1bdcc0,prod_ee93d55d30addeff6954,var_1b8f63ab3f5e208113ca,2026-03-01,74,10
inv_78294b097bbfa9f74097,prod_ee93d55d30addeff6954,var_c491091d5ab7ff33db46,2026-03-01,70,18
inv_351fc3c01688dd692a9e,prod_ee93d55d30addeff6954,var_b319dcd8931c568f8dde,2026-03-01,73,17
inv_15d813ffe988b17616e2,prod_ee93d55d30addeff6954,var_8d654d633876e75e4317,2026-03-01,88,10
inv_03dc286eeb3242849753,prod_ee93d55d30addeff6954,var_ed3640d449d418509f57,2026-03-01,57,3
inv_6a0fab5c1b2a2cd89c1e,prod_ee93d55d30addeff6954,var_9cd2bb280dce3fa2e76b,2026-03-01,39,10
inv_9d43b84b1e910437d508,prod_ee93d55d30addeff6954,var_61a3d99f3dd57555f061,2026-03-01,63,1
inv_5d566a2a7d4a2cd4288d,prod_ee93d55d30addeff6954,var_bd31f3105de2d7714577,2026-03-01,55,3
inv_5ade684fa6565f63ebcd,prod_ee93d55d30addeff6954,var_30fe308642c7372a4c55,2026-03-01,84,7
inv_2233c8d4b270513d2f61,prod_ee93d55d30addeff6954,var_1c227362843cad63ec2d,2026-03-01,64,18
inv_ddecde791075ce139f57,prod_ee93d55d30addeff6954,var_efeb55e5136f27ed409c,2026-03-01,42,15
inv_5112ac5e1250d0d48feb,prod_438a44848bc196e6d975,var_6255fbba1fc1f01b7ee9,2026-03-01,78,9
inv_ed821a978eead29c381e,prod_438a44848bc196e6d975,var_17ee5bcff06d14279787,2026-03-01,88,13
inv_f5d1fbd1f34ba378a5bc,prod_438a44848bc196e6d975,var_eaa58626775f5e10787c,2026-03-01,41,6
inv_8c677494e5b068ef95b9,prod_438a44848bc196e6d975,var_05e312d19f2d967b02ae,2026-03-01,80,18
inv_83d16e5415b1f57c23cb,prod_438a44848bc196e6d975,var_68f5766a025554c3eaa9,2026-03-01,38,18
inv_af81a7b525bb35908159,prod_438a44848bc196e6d975,var_508fbb721d582106874e,2026-03-01,71,13
inv_968c7af51249c5ce93ad,prod_438a44848bc196e6d975,var_b72377f8338f3eabe496,2026-03-01,75,5
inv_95d68cc545f4656e3fa6,prod_438a44848bc196e6d975,var_64d39327630553f2e1b9,2026-03-01,73,3
inv_5c2c74072514bd5adedf,prod_438a44848bc196e6d975,var_b11b6b090279cfa04155,2026-03-01,60,17
inv_64f31900fc7ea377e78e,prod_438a44848bc196e6d975,var_2ea4bbd80d521a5e2104,2026-03-01,72,14
inv_e057269e102b8c229200,prod_438a44848bc196e6d975,var_76cac52bed832c30a5b3,2026-03-01,47,0
inv_92f1d7bfa0bcc78d6d3a,prod_438a44848bc196e6d975,var_410af979ba0b61e8b1fa,2026-03-01,68,14
inv_b741156be919444bd6eb,prod_438a44848bc196e6d975,var_cca84c818b8d1dc7a408,2026-03-01,62,7
inv_b8a20c11ab4013924a4d,prod_438a44848bc196e6d975,var_b205c40ad363b680ec58,2026-03-01,49,1
inv_ffc31602345569d146c6,prod_438a44848bc196e6d975,var_823a189d514c6e10865d,2026-03-01,64,6
inv_0feb0f1bfdf84df1f1d5,prod_438a44848bc196e6d975,var_5579d3dcd9580bd272b2,2026-03-01,49,12
inv_33183e8415c04f61ccaa,prod_438a44848bc196e6d975,var_d1592d795041e81f6c4e,2026-03-01,50,6
inv_649849d77e4f2a079cac,prod_438a44848bc196e6d975,var_f6a18c0e86b9ac9532f4,2026-03-01,50,10
inv_412e55428526ed1aebbc,prod_438a44848bc196e6d975,var_0b2b595a7dc5b15f1c86,2026-03-01,69,14
inv_9bac8c717426e97fb6ce,prod_438a44848bc196e6d975,var_c363351edb0ceb1afad6,2026-03-01,88,3
inv_db32baab96398bd3e92c,prod_438a44848bc196e6d975,var_c87f257a229ce7eafa08,2026-03-01,61,9
inv_03cb7a83b073a2d61ba6,prod_438a44848bc196e6d975,var_a7daae96f9b2f50dfdef,2026-03-01,84,0
inv_fd597e07542eec9b14f3,prod_438a44848bc196e6d975,var_164a5b158bfc49dcbc82,2026-03-01,62,5
inv_2f696b05528ecba3bdb0,prod_438a44848bc196e6d975,var_d50ecabaab63713dbe3c,2026-03-01,84,17
inv_86f79b0c63d4f6e37549,prod_438a44848bc196e6d975,var_e117db91e6327b985328,2026-03-01,61,6
inv_c7b05abaa9a1ac787a0c,prod_438a44848bc196e6d975,var_aeba55eb9e30673a577a,2026-03-01,37,11
inv_0af135822906e05b70ca,prod_438a44848bc196e6d975,var_b5006b5f302fb3c0822b,2026-03-01,43,12
inv_4cc5a99d73bf2a90149f,prod_438a44848bc196e6d975,var_70d6578905075ca6871b,2026-03-01,48,12
inv_af2892ec7b6d5a30040a,prod_438a44848bc196e6d975,var_6820abf40d03602f4536,2026-03-01,43,9
inv_350d3e791cdd22d3e395,prod_438a44848bc196e6d975,var_8768929dc580179c1fad,2026-03-01,66,6
inv_0a7c2e0362d023662f37,prod_438a44848bc196e6d975,var_9714066032b1c68057b8,2026-03-01,46,8
inv_a828a6a70ab18f3c4556,prod_438a44848bc196e6d975,var_14bd7ed084b7132e19a3,2026-03-01,73,8
inv_ca597b862e9b137ffcf6,prod_438a44848bc196e6d975,var_b45c40adf3eb6d63798c,2026-03-01,75,14
inv_a414244fc4813e8c8506,prod_438a44848bc196e6d975,var_84b95c9fb4b7809f8a34,2026-03-01,50,3
inv_9f7f8462d7bd59401442,prod_438a44848bc196e6d975,var_d7120c7c2177c417b214,2026-03-01,77,2
inv_a17caa5233b97cf1f0d8,prod_438a44848bc196e6d975,var_0b5c0ad0f1e4e8da6ed8,2026-03-01,54,1
inv_4e52008dd2c0c4d4a45e,prod_0189531a36c049171820,var_ab88c6de58ee2fcdf9e4,2026-03-01,126,6
inv_c17deee3de1f2a2f4c0f,prod_0189531a36c049171820,var_00c1c82f6d8a8b24ddf5,2026-03-01,87,4
inv_6573e5946dced6426a9b,prod_0189531a36c049171820,var_ec38e216853971e3ca9c,2026-03-01,115,10
inv_0d9b5c99e62564da11c5,prod_0189531a36c049171820,var_439c19cbc3abe2d73929,2026-03-01,63,11
inv_674a805593e8b7e3fbdf,prod_0189531a36c049171820,var_6590129bf85a309d3f8f,2026-03-01,69,14
inv_11a6d7b739f3c42dce68,prod_0189531a36c049171820,var_6b0100cdc1ef1031469b,2026-03-01,99,11
inv_dbb67d85627cd3c9e2a6,prod_0189531a36c049171820,var_617730612696e695ed41,2026-03-01,120,18
inv_af2ca3d8323596662b33,prod_0189531a36c049171820,var_b5d905be4efb894192b7,2026-03-01,145,7
inv_db24eca4060fa9179600,prod_0189531a36c049171820,var_360731b0a803c24bfd69,2026-03-01,82,15
inv_8797ff18b0d3feb38259,prod_0189531a36c049171820,var_b30af374f3e8523449d6,2026-03-01,114,2
inv_713c2561cb8fb3e9e74f,prod_0189531a36c049171820,var_0f3bd97c57258221527f,2026-03-01,57,8
inv_b83b93f47209e2aa5e3e,prod_0189531a36c049171820,var_fcc7e2fc3cb72570cbfc,2026-03-01,122,6
inv_13c0596106114c3ad223,prod_0189531a36c049171820,var_00df6f028ceddde26b68,2026-03-01,67,8
inv_5b85787e95a54cb2a90a,prod_0189531a36c049171820,var_b328308955a099219aba,2026-03-01,144,5
inv_7e17690e690d6d701959,prod_0189531a36c049171820,var_1bc3cc6be2d148f68d07,2026-03-01,135,18
inv_0c0697abdc4a78df0f37,prod_0189531a36c049171820,var_93c4efb5105239106e76,2026-03-01,135,3
inv_191e06bdb7d0e1b8c3fb,prod_0189531a36c049171820,var_7657acb4edd171a3e158,2026-03-01,59,18
inv_1784fcb8491bb6074c94,prod_0189531a36c049171820,var_7c8a95c30a2e093e0468,2026-03-01,56,11
inv_699f24adba48d6886180,prod_0189531a36c049171820,var_e7d27b69dfb62d802fec,2026-03-01,91,1
inv_d48f389bc3c13df4c842,prod_0189531a36c049171820,var_b9ed5b404fd99996ec9f,2026-03-01,109,2
inv_bcce375c7c6fb3846aec,prod_0189531a36c049171820,var_324e13c984d9aaab9604,2026-03-01,89,9
inv_6630fa1627050abee3a4,prod_0189531a36c049171820,var_cad1bc675f38c394a994,2026-03-01,90,4
inv_717df3eb90bdd4f2d5d2,prod_0189531a36c049171820,var_fa3dbd5a2054f66ebda8,2026-03-01,148,16
inv_9d30f34923081f5c8a2b,prod_0189531a36c049171820,var_03627cfde38743cff6a4,2026-03-01,79,14
inv_37111478230f0248b0dd,prod_0189531a36c049171820,var_22afdc3bc66d8c370224,2026-03-01,66,17
inv_bb4fd560908ea948d1db,prod_0189531a36c049171820,var_51f120a7b2c0d86f9a2b,2026-03-01,75,16
inv_531dbe9a93be18272875,prod_0189531a36c049171820,var_65cde14be098ea1a671d,2026-03-01,124,1
inv_dc25bb6bf77fde8df25f,prod_0189531a36c049171820,var_3827fef61cdfb42fbde9,2026-03-01,103,6
inv_026eb324c931d5231532,prod_0189531a36c049171820,var_e1d35731895df46c299d,2026-03-01,133,6
inv_acbcca74eaf9190a817e,prod_0189531a36c049171820,var_a11d1e73dd135e3f1cb9,2026-03-01,87,3
inv_64a00ae67f6408995e19,prod_4fb11ac857411bda88a4,var_77f9b98f706e27f8d8f9,2026-03-01,153,8
inv_ef977aa61c7c04bb3c85,prod_4fb11ac857411bda88a4,var_fad911836ba0bc2d17e3,2026-03-01,78,0
inv_216675aa08389b437ac2,prod_4fb11ac857411bda88a4,var_6b4cde94e24613aa178d,2026-03-01,56,7
inv_a5427d627a7f32845638,prod_4fb11ac857411bda88a4,var_71823e970238e186821c,2026-03-01,147,0
inv_78fc09dcd991e632426e,prod_4fb11ac857411bda88a4,var_58a00b869159191e4ac9,2026-03-01,103,14
inv_2631eba8cb4085d9c4e3,prod_4fb11ac857411bda88a4,var_70e1c4a0d7096208c340,2026-03-01,97,16
inv_2b4cd0e2478d57b86cde,prod_4fb11ac857411bda88a4,var_e49c1d617edcf65ee83c,2026-03-01,96,15
inv_76994db10345c2826337,prod_4fb11ac857411bda88a4,var_acbadd53c4704809d846,2026-03-01,112,7
inv_18cc1a54b1a442edeb2b,prod_4fb11ac857411bda88a4,var_2683dc797f5a0706de2c,2026-03-01,119,15
inv_9bcc04bc12023f713c53,prod_4fb11ac857411bda88a4,var_6bfb37f2e216be599dfb,2026-03-01,87,10
inv_5d8d3ee17c3a54d7feff,prod_4fb11ac857411bda88a4,var_55e00ca073f61b9775de,2026-03-01,141,10
inv_13316159153ea2f1542e,prod_4fb11ac857411bda88a4,var_b1841532494f148dfc95,2026-03-01,86,16
inv_222debe22f11788e4c17,prod_4fb11ac857411bda88a4,var_63784919911926a972c2,2026-03-01,117,3
inv_f3a7dd0b9817bd5ed229,prod_4fb11ac857411bda88a4,var_0c8dbcf461e87274cd44,2026-03-01,120,0
inv_61f474d3957985a3d33b,prod_4fb11ac857411bda88a4,var_85a21cc286764b196eba,2026-03-01,68,18
inv_8c48073e44e499dcb438,prod_4fb11ac857411bda88a4,var_69ad1a308528a65fbf7f,2026-03-01,64,15
inv_a01fe20a352e35e6640a,prod_4fb11ac857411bda88a4,var_48589628c217474fe88e,2026-03-01,106,14
inv_8353b83612681a250714,prod_4fb11ac857411bda88a4,var_78ce2ee3c901aabec73e,2026-03-01,152,18
inv_ca951f1f4431b7fcaf10,prod_4fb11ac857411bda88a4,var_94b54f7c484f05634866,2026-03-01,94,12
inv_b9f90424eadd8290eae1,prod_4fb11ac857411bda88a4,var_fc65fa629ab0cfab4741,2026-03-01,116,15
inv_031ec3905df4defa24d0,prod_4fb11ac857411bda88a4,var_0298ed73b20b2a58ddc3,2026-03-01,126,15
inv_b6ddeb1b066ecb567dc4,prod_4fb11ac857411bda88a4,var_b9b996a2b08ed40ea006,2026-03-01,99,1
inv_d470180db6c196314418,prod_4fb11ac857411bda88a4,var_97d1184949150ec3ff6c,2026-03-01,127,10
inv_7b6750abceb1c6868e81,prod_4fb11ac857411bda88a4,var_9ddc10ac2aa76ca09954,2026-03-01,128,3
inv_a466c58b89f1234a45d3,prod_4fb11ac857411bda88a4,var_79dbcc3eddbb79b3678b,2026-03-01,100,10
inv_1b0b44fb20270c401bae,prod_4fb11ac857411bda88a4,var_dc811c3db2dffa2b4d77,2026-03-01,94,16
inv_9c0870811a4d2b201b06,prod_4fb11ac857411bda88a4,var_03e26300920b777b60ce,2026-03-01,135,11
inv_2e029a798724bb825ad7,prod_4fb11ac857411bda88a4,var_2f00cf3713efd884f325,2026-03-01,156,11
inv_f417749979e4cdb1b6ac,prod_4fb11ac857411bda88a4,var_8d03581fc9e13826e5f0,2026-03-01,62,0
inv_42f08e2cb4a339687f29,prod_4fb11ac857411bda88a4,var_8c55152214d872854644,2026-03-01,101,3
inv_a8cb601c945515f487d0,prod_2efa0aed0d6e67ecae58,var_53840b82f1f41986b97b,2026-03-01,137,0
inv_d97d4185e9d6dad2af72,prod_2efa0aed0d6e67ecae58,var_499d2419d323a686d2c6,2026-03-01,66,16
inv_53f40691869df17c03f1,prod_2efa0aed0d6e67ecae58,var_6dfdc29a2a61c6f5087f,2026-03-01,59,10
inv_de4dd064cfaf18eda79d,prod_2efa0aed0d6e67ecae58,var_64183720fcbbbd913ed0,2026-03-01,62,3
inv_39e338c9ebb0771829af,prod_2efa0aed0d6e67ecae58,var_d045b09c714a135c2f0a,2026-03-01,131,10
inv_5414a04ae239b4acb2bd,prod_2efa0aed0d6e67ecae58,var_f6d3f9a9c8e4616f6c5c,2026-03-01,153,16
inv_3792b0d58c0b53cea3dd,prod_2efa0aed0d6e67ecae58,var_1a3c43e3bd57b167f4c1,2026-03-01,129,15
inv_a68d1fb3def94f85b2c0,prod_2efa0aed0d6e67ecae58,var_b54607373ac7bafb02f6,2026-03-01,61,8
inv_893edc75a1e9437f55ff,prod_2efa0aed0d6e67ecae58,var_5414ce2508350e24da4d,2026-03-01,113,8
inv_7fee959c222740a4aa65,prod_2efa0aed0d6e67ecae58,var_1e08d41c5ab96cce1ce2,2026-03-01,97,12
inv_6049ad3b3d891970f7dd,prod_2efa0aed0d6e67ecae58,var_93a3c087875d45eb3101,2026-03-01,86,15
inv_a6347d3715cbeda50d35,prod_2efa0aed0d6e67ecae58,var_e03ac89cc365fa42f93c,2026-03-01,68,3
inv_1cf134d6f0b244e5770e,prod_2efa0aed0d6e67ecae58,var_7696cc7d0631b8c9ee6f,2026-03-01,148,16
inv_06cb458829358edeb5c8,prod_2efa0aed0d6e67ecae58,var_0cf84000f5859801c60f,2026-03-01,62,8
inv_d9abf79e46fae392de1a,prod_2efa0aed0d6e67ecae58,var_8031b1936b5e05c16a08,2026-03-01,139,5
inv_c81f5ebf077671c844ca,prod_2efa0aed0d6e67ecae58,var_3faf67b40721672e3de6,2026-03-01,67,5
inv_b1992d7dccb7ca9d58d8,prod_2efa0aed0d6e67ecae58,var_ffa3148e0ee7668d8f30,2026-03-01,68,9
inv_cb3c01a0d578b8f3071a,prod_2efa0aed0d6e67ecae58,var_8ab4fd713004558e9200,2026-03-01,70,12
inv_18311b16dcc0c121bedd,prod_2efa0aed0d6e67ecae58,var_38d5b5f8cb87a53d650b,2026-03-01,66,6
inv_03a73545580fd1f4c10c,prod_2efa0aed0d6e67ecae58,var_7563e95b2351a5fa4a08,2026-03-01,99,10
inv_6f3f96a0b238e4f85c75,prod_2efa0aed0d6e67ecae58,var_ef0af573f8034823d555,2026-03-01,144,2
inv_7933f77ae1322e06b467,prod_2efa0aed0d6e67ecae58,var_7f3a3296ffbd820f7f55,2026-03-01,92,13
inv_6809359f3c4ff7cf2edb,prod_2efa0aed0d6e67ecae58,var_d206780fbe564728bf65,2026-03-01,97,11
inv_b467ec49da8cca0af179,prod_2efa0aed0d6e67ecae58,var_5e478e2b39c40398fb76,2026-03-01,95,8
inv_9b008d2cd014a19ab7ea,prod_2efa0aed0d6e67ecae58,var_c5d4b04e619e436daff8,2026-03-01,91,12
inv_105b80e0fc3a4f342e74,prod_2efa0aed0d6e67ecae58,var_c1d92c21012faefae3f8,2026-03-01,124,1
inv_2b14dd5f9757b1245667,prod_2efa0aed0d6e67ecae58,var_2a91c104878870f34df4,2026-03-01,72,4
inv_9b405c82d43f1887bc87,prod_2efa0aed0d6e67ecae58,var_fe046aec4c2aa733984d,2026-03-01,94,9
inv_7f9b0b7baea608c1939f,prod_2efa0aed0d6e67ecae58,var_0072c3c72ae42a25b5f3,2026-03-01,58,7
inv_eb1fb7ee62fc62da7b40,prod_2efa0aed0d6e67ecae58,var_32173c8dbdf8eac79214,2026-03-01,151,3
inv_95d57cbcf7a556b2e6c9,prod_1aac77da65d619e6240f,var_fada642b3d793e48890b,2026-03-01,132,13
inv_b281ba4ee30dc25d4c8e,prod_1aac77da65d619e6240f,var_b0665991d9649a256643,2026-03-01,122,2
inv_49eb6eea02e5c95ce972,prod_1aac77da65d619e6240f,var_fe1215c4f405465a502b,2026-03-01,140,16
inv_b00c756c305684c2b8eb,prod_1aac77da65d619e6240f,var_30c9251395a079628b82,2026-03-01,81,4
inv_19625860ea9f2dd3ce6b,prod_1aac77da65d619e6240f,var_e865328517c3330f1431,2026-03-01,76,12
inv_3772918e744fdb6b0d35,prod_1aac77da65d619e6240f,var_4ec6f48b0a97467baa73,2026-03-01,108,8
inv_6ae7622f271e4ee6669e,prod_1aac77da65d619e6240f,var_9818589b07d9187961de,2026-03-01,143,9
inv_548bed9e8e0e4182ecee,prod_1aac77da65d619e6240f,var_b26eea452ddb91e6275c,2026-03-01,119,2
inv_40b22e674032129ef082,prod_1aac77da65d619e6240f,var_19fa5bf87e2a73901ef4,2026-03-01,134,3
inv_5fd487dae5272698de0d,prod_1aac77da65d619e6240f,var_582d11378691a5a6e4e9,2026-03-01,124,8
inv_ef02fec76f62153fffca,prod_1aac77da65d619e6240f,var_8ec37fcdee5f1140ec55,2026-03-01,63,5
inv_289f1e6747c6c0120c61,prod_1aac77da65d619e6240f,var_a6767a237b512235506f,2026-03-01,66,16
inv_c3499cc8c978a97c4272,prod_1aac77da65d619e6240f,var_0249455f35a9dd408d40,2026-03-01,146,2
inv_4959e96d4f8ddefae4d6,prod_1aac77da65d619e6240f,var_9d2bbbb4593860eae1c2,2026-03-01,64,9
inv_9be15574913c015a4a27,prod_1aac77da65d619e6240f,var_b504113d4e05f26566f9,2026-03-01,72,10
inv_92f962e000255e73d2a9,prod_1aac77da65d619e6240f,var_19b6c0119781ca26cfab,2026-03-01,73,11
inv_75ef06142609663b87ed,prod_1aac77da65d619e6240f,var_30a71ca69a0597e20603,2026-03-01,109,11
inv_c6e0a79f85fd28d99071,prod_1aac77da65d619e6240f,var_44f43fafea7f397d29fa,2026-03-01,61,12
inv_5a9deeb112c7ed8f5280,prod_1aac77da65d619e6240f,var_aa467d7577abf3fbc60e,2026-03-01,86,4
inv_03856e1dd7c2089f1caf,prod_1aac77da65d619e6240f,var_b18529e43b561104e73d,2026-03-01,72,12
inv_2fc508049b971afb822a,prod_1aac77da65d619e6240f,var_f4e84136e702c56fc319,2026-03-01,67,5
inv_93dbf1c54b1f91381a6d,prod_1aac77da65d619e6240f,var_811e9c78b377b4e4453c,2026-03-01,131,5
inv_9da832f1c85ec76a7529,prod_1aac77da65d619e6240f,var_f5ccef0575523ac6faa5,2026-03-01,81,11
inv_ea2df4c202017ab27456,prod_1aac77da65d619e6240f,var_e91175ca45ab8fc349dc,2026-03-01,110,18
inv_ad56f77bb11884919409,prod_1aac77da65d619e6240f,var_e68010c463448ce42243,2026-03-01,57,4
inv_8412d6e7a3430a2c4c6a,prod_1aac77da65d619e6240f,var_3a2e554b388bcfe86ab3,2026-03-01,96,12
inv_a3f4527c83c1385b8b22,prod_1aac77da65d619e6240f,var_827c52ca8f98abbcdae2,2026-03-01,93,7
inv_b3b2033504954fc2959a,prod_1aac77da65d619e6240f,var_11a4e26a7ab75dc78c86,2026-03-01,105,16
inv_e111f2016642a0799574,prod_1aac77da65d619e6240f,var_5229b1982481efd531f3,2026-03-01,61,5
inv_66982057672bd3b0451d,prod_1aac77da65d619e6240f,var_3971b7f2774b1e5a316d,2026-03-01,110,9
inv_569f4fdf7e136887ccb0,prod_ea26883fb1deabd15141,var_c95ef6026df6ba67eec8,2026-03-01,77,16
inv_bf25bcfd5d52ffeb790e,prod_ea26883fb1deabd15141,var_bc45956a6234980b8431,2026-03-01,154,7
inv_78e34e84cad69de01532,prod_ea26883fb1deabd15141,var_8d5d2d5c13ed45a481ad,2026-03-01,71,7
inv_93750ecca5ef0899d15f,prod_ea26883fb1deabd15141,var_be2b12a3e53e8671f3d6,2026-03-01,91,11
inv_cd75debad782fdab7c97,prod_ea26883fb1deabd15141,var_def87b80ab2972f8be9d,2026-03-01,98,1
inv_4f7f4824fc8f2de63091,prod_ea26883fb1deabd15141,var_ad88e442b4ec9a747624,2026-03-01,122,18
inv_22aecc1e1b6a7929d5b0,prod_ea26883fb1deabd15141,var_a18ec8356e2d553dbf65,2026-03-01,155,14
inv_919c9b436e49b4cac929,prod_ea26883fb1deabd15141,var_8fe117c6a6c73be68252,2026-03-01,140,10
inv_4f17c0eff0dd1844ae5f,prod_ea26883fb1deabd15141,var_a56e028f2685d369a8a2,2026-03-01,59,17
inv_c53a059cd83842354b57,prod_ebe756215bbfcde882c1,var_f9b6333510f3a2bddcce,2026-03-01,65,1
inv_2c9634eb8410a01d2dfc,prod_ebe756215bbfcde882c1,var_84ff60b1ac8610102053,2026-03-01,135,16
inv_38d440b94d6c674ae144,prod_ebe756215bbfcde882c1,var_0c2a56074856654cc09c,2026-03-01,96,12
inv_ca28e72ade2c07f413c0,prod_ebe756215bbfcde882c1,var_54a48c4e9f5a97d29dac,2026-03-01,84,14
inv_af9717c6086434d5e690,prod_ebe756215bbfcde882c1,var_477f71369f8ec76bae72,2026-03-01,97,6
inv_f06b2aa3396a3cd1eaab,prod_ebe756215bbfcde882c1,var_1712a2d5f6a5d208055e,2026-03-01,123,13
inv_92268b5a2d77c77aa701,prod_ebe756215bbfcde882c1,var_63071a389c1b1f57160c,2026-03-01,134,11
inv_43a6bffcca0bfd02e006,prod_ebe756215bbfcde882c1,var_5d625c4bbaa3b689d1db,2026-03-01,135,8
inv_ab630294bcc022b69eef,prod_ebe756215bbfcde882c1,var_d93959e68a9c1ed24606,2026-03-01,73,2
inv_86b496428fbfbc658f3b,prod_72dfeba4701d415d317a,var_11b9ced246c49a2a69c6,2026-03-01,62,14
inv_d5ec120ae3eb012f87c3,prod_72dfeba4701d415d317a,var_a0b00e2faaec9758659d,2026-03-01,124,15
inv_47e8c661f854b81da166,prod_72dfeba4701d415d317a,var_07a3825bb8e2e492b76b,2026-03-01,118,12
inv_d3d426a5b3e200c37fe0,prod_72dfeba4701d415d317a,var_abf4b066285529554ec5,2026-03-01,142,17
inv_e1fff80ceb05d98393d4,prod_72dfeba4701d415d317a,var_8a23a15f6866bdee9409,2026-03-01,104,4
inv_a00d0007455571769506,prod_72dfeba4701d415d317a,var_a4481e5f98f473cda093,2026-03-01,153,18
inv_8c33e3999dfee0a7b4d8,prod_72dfeba4701d415d317a,var_15a5da1605c0b6e7842d,2026-03-01,67,10
inv_649bfde03c9250a04cc7,prod_72dfeba4701d415d317a,var_1a7a54f91d9a9784b173,2026-03-01,116,13
inv_95c2e9cd8fa76ec60758,prod_72dfeba4701d415d317a,var_c1969c0733b4dc908af7,2026-03-01,112,4
inv_d71bdc24150d283e580e,prod_72dfeba4701d415d317a,var_4aeb79589687b461e96f,2026-03-01,81,2
inv_de1f500dc43f7fdb500c,prod_72dfeba4701d415d317a,var_be4c5e4aeb2733383b86,2026-03-01,111,7
inv_dcfafc8ff2e54a64c948,prod_72dfeba4701d415d317a,var_e55f60ce5370c732b493,2026-03-01,141,10
inv_8f615eabb6931e554a88,prod_72dfeba4701d415d317a,var_a8e55173ba8ba00fbb58,2026-03-01,126,0
inv_3867baaaf3e724a8f13b,prod_72dfeba4701d415d317a,var_9ae1b9494d9b24b6814d,2026-03-01,64,5
inv_7de7448086917c0ff60e,prod_72dfeba4701d415d317a,var_c81a94d9a15b6b760523,2026-03-01,159,15
inv_8a873af5ba84e121c0c5,prod_72dfeba4701d415d317a,var_0088bda42ae04ba0e6f0,2026-03-01,92,12
inv_17292cf79f2460998586,prod_72dfeba4701d415d317a,var_261e93378c2ea03cf536,2026-03-01,62,12
inv_137bc7a3f176ecb0079f,prod_72dfeba4701d415d317a,var_3095fdb99afdb37f42a9,2026-03-01,139,4
inv_e8b4df073d90167c6d86,prod_72dfeba4701d415d317a,var_b93ffcc4df25b6049fd7,2026-03-01,112,7
inv_547cb6187d6feb16612e,prod_72dfeba4701d415d317a,var_cf614c1f8ce5ad152f86,2026-03-01,111,13
inv_7cde2a44aa286cff2889,prod_72dfeba4701d415d317a,var_439e4a3b1ded76626bcc,2026-03-01,151,18
inv_fe8bf3bdc0b3697160fe,prod_72dfeba4701d415d317a,var_7a9bd3c5007019c19bfe,2026-03-01,63,10
inv_5e89297fc76f651e12c4,prod_72dfeba4701d415d317a,var_8856a9a1708ad62e3b1d,2026-03-01,157,1
inv_f4a2dcf95522f8c05b9e,prod_72dfeba4701d415d317a,var_082ccc283fa2bea80c16,2026-03-01,155,5
inv_3c8293e904f42236c2db,prod_d87cfc68d1aef053d198,var_199bb1069f0216fdcbf6,2026-03-01,157,11
inv_f372a2c3141b6734ac70,prod_d87cfc68d1aef053d198,var_7867058976a19bca1d0d,2026-03-01,96,2
inv_bc4bf200ae70cc49fbba,prod_30d7a0ddc2ef16ba66b9,var_cb896475831a28934bfe,2026-03-01,149,9
inv_fcd1e22bf7d89496aa8a,prod_30d7a0ddc2ef16ba66b9,var_5ad21b0b072b59385182,2026-03-01,126,4
inv_cdba1bda1c93b19846fe,prod_d43b2cf8fa29d7ae9b37,var_320e93b779cc3f59b69d,2026-04-01,41,4
inv_61191e9238d64f1729c9,prod_d43b2cf8fa29d7ae9b37,var_17f58fc6b2961004e931,2026-04-01,69,12
inv_7956c2821c3fcf7a41f5,prod_d43b2cf8fa29d7ae9b37,var_2abdb293ed839904df8a,2026-04-01,88,1
inv_6400eda05619ba89a372,prod_d43b2cf8fa29d7ae9b37,var_6f0cce9478da3e151612,2026-04-01,41,8
inv_0bbef4c936c82a766275,prod_d43b2cf8fa29d7ae9b37,var_a02a8c90a7e79350209b,2026-04-01,64,9
inv_f5adafc512c52384bbc1,prod_d43b2cf8fa29d7ae9b37,var_a63023dcf36046e5dc4e,2026-04-01,64,15
inv_09cb6289aec0782d2b24,prod_d43b2cf8fa29d7ae9b37,var_e8598f4784994d3f8438,2026-04-01,33,6
inv_a59772022088c0c3072d,prod_d43b2cf8fa29d7ae9b37,var_03696f04943b92dadb38,2026-04-01,88,14
inv_19b4150c0d418e334336,prod_d43b2cf8fa29d7ae9b37,var_01a56d62607b13a33c4e,2026-04-01,33,5
inv_5843982fc541dc24fb70,prod_d43b2cf8fa29d7ae9b37,var_5267390ff261d8c9917a,2026-04-01,63,1
inv_a28361c2ce71cbfcd9cf,prod_d43b2cf8fa29d7ae9b37,var_4bc34e01cda1012288f6,2026-04-01,76,12
inv_31c031ca8093e1923205,prod_d43b2cf8fa29d7ae9b37,var_02fb794660a1ff5b5481,2026-04-01,55,12
inv_439908de00eae05c3902,prod_d43b2cf8fa29d7ae9b37,var_41628dba54c9c6861c9d,2026-04-01,68,17
inv_d7a060dcd782f0dc3772,prod_d43b2cf8fa29d7ae9b37,var_db3c0fa83abed429ed33,2026-04-01,62,0
inv_6f3149f4b10290b10003,prod_d43b2cf8fa29d7ae9b37,var_87fdb4d38460cd899505,2026-04-01,82,8
inv_e14287d8961885e1fea8,prod_d43b2cf8fa29d7ae9b37,var_13c3ed1f6d0b19413901,2026-04-01,31,11
inv_e0bd9cb62f4bcea3be62,prod_d43b2cf8fa29d7ae9b37,var_22ec18309fa5f5e5288d,2026-04-01,73,6
inv_364aa5b3665a19956967,prod_d43b2cf8fa29d7ae9b37,var_26e0822c757ab04bd6c8,2026-04-01,44,3
inv_21f192c56b157ee461a2,prod_d43b2cf8fa29d7ae9b37,var_d8747d212def9f4c3e80,2026-04-01,55,6
inv_8342228f63b5a00ed7ed,prod_d43b2cf8fa29d7ae9b37,var_5db963bcd8fbf81b2e05,2026-04-01,89,7
inv_4e37b13314ceb150a110,prod_d43b2cf8fa29d7ae9b37,var_3cc406399bed25270f9e,2026-04-01,79,13
inv_6c33b36c40ac8d4549d4,prod_d43b2cf8fa29d7ae9b37,var_f3e3682f5daf474543ab,2026-04-01,45,5
inv_14238e74c7ebf89b9926,prod_d43b2cf8fa29d7ae9b37,var_b35ae4d77d0efb3389d3,2026-04-01,44,17
inv_2ceb253315d2706dd72a,prod_d43b2cf8fa29d7ae9b37,var_caae1453b01f7b10b548,2026-04-01,50,12
inv_722e8a38ffe4ae8ad67f,prod_d43b2cf8fa29d7ae9b37,var_1375ba8c6f393210c436,2026-04-01,53,6
inv_80b39510e1a2dc21fbdf,prod_d43b2cf8fa29d7ae9b37,var_87e530ced3270be98f36,2026-04-01,48,1
inv_432ec112cd89655fefbf,prod_d43b2cf8fa29d7ae9b37,var_89efa340b18949bb9c2f,2026-04-01,39,8
inv_84268ffc3f2b28a32ea4,prod_d43b2cf8fa29d7ae9b37,var_1281ece6b89ebbdd0340,2026-04-01,75,8
inv_47b1c8cc08057428f440,prod_d43b2cf8fa29d7ae9b37,var_1fbd683f0c26c28d4200,2026-04-01,86,8
inv_209a0e69738910b9a211,prod_d43b2cf8fa29d7ae9b37,var_2cc49091108ce06c317f,2026-04-01,75,0
inv_2a366ac73cde15c3b219,prod_d43b2cf8fa29d7ae9b37,var_e458e9983f2d79d6ed15,2026-04-01,58,1
inv_86dce48d739fe8e7a506,prod_d43b2cf8fa29d7ae9b37,var_a2c2c81c60e69fda9995,2026-04-01,39,7
inv_7fe5d21ff8c663c1ce76,prod_d43b2cf8fa29d7ae9b37,var_7d1ebbe12c99beb1f424,2026-04-01,32,4
inv_78bf13e7057c03230256,prod_d43b2cf8fa29d7ae9b37,var_c313512d9379d00efca9,2026-04-01,78,11
inv_0ea72de85ecd824a16f7,prod_d43b2cf8fa29d7ae9b37,var_aa050b328bd26312a85e,2026-04-01,63,14
inv_da9d58f237bf75ff3c2e,prod_d43b2cf8fa29d7ae9b37,var_d3aca37c9bca975444e2,2026-04-01,43,11
inv_036f9fdfb2749fdeb9ba,prod_ee93d55d30addeff6954,var_70fe6fd57228fdd24400,2026-04-01,48,18
inv_fd96ca9f0b6c4eff7cfb,prod_ee93d55d30addeff6954,var_a0efe0997b6073b5e9d5,2026-04-01,43,15
inv_1d49346fc88b1ae1bbc5,prod_ee93d55d30addeff6954,var_c9ae287d0fd94aec879d,2026-04-01,54,7
inv_7dcfa0c83ab67e02fb71,prod_ee93d55d30addeff6954,var_0dc2751ef1e6063b7445,2026-04-01,41,14
inv_829944dfeb6798d8f722,prod_ee93d55d30addeff6954,var_075418ff0be5cdb7558e,2026-04-01,79,5
inv_4de658e9f1050dc565ab,prod_ee93d55d30addeff6954,var_422a1ef6d8410f6c318d,2026-04-01,86,7
inv_8204ab82d3b1395d4010,prod_ee93d55d30addeff6954,var_0f755faccbe419124cf5,2026-04-01,68,7
inv_aa55e4b3d3ed2cc60899,prod_ee93d55d30addeff6954,var_eb2f38cea72d24acd1c4,2026-04-01,53,2
inv_df6171df50a6b2534e2f,prod_ee93d55d30addeff6954,var_83bee3abddcf0fc27f98,2026-04-01,84,15
inv_16b98df7c9988bff321b,prod_ee93d55d30addeff6954,var_23eb40a02aea71235f7f,2026-04-01,55,12
inv_6c8300d3da79f33d1aa3,prod_ee93d55d30addeff6954,var_ebb8cc29fc6683dff27c,2026-04-01,46,0
inv_d5332c069dfb8ccfc572,prod_ee93d55d30addeff6954,var_269576cae5504f7beee6,2026-04-01,77,4
inv_f74c1969eac3349c5b59,prod_ee93d55d30addeff6954,var_9f281e7cd219f0029526,2026-04-01,82,13
inv_34973db5bc4465c93ae9,prod_ee93d55d30addeff6954,var_acf7ad33d8cefca798db,2026-04-01,44,3
inv_44111d0cf520ae792918,prod_ee93d55d30addeff6954,var_0b6ca25661b3bea06ed9,2026-04-01,45,6
inv_9205bd7f8a98bf59bc5d,prod_ee93d55d30addeff6954,var_9d18dbed26f272d168b2,2026-04-01,67,4
inv_8ca51f96ae5c45171417,prod_ee93d55d30addeff6954,var_6fbe552270a22d50cfd4,2026-04-01,39,15
inv_11df17df5ff2fc40550a,prod_ee93d55d30addeff6954,var_7929a442006436a2f4b9,2026-04-01,84,14
inv_208141252d01304b4f3e,prod_ee93d55d30addeff6954,var_4859439609400df4e33c,2026-04-01,53,11
inv_1bbfb8d8a01115b2bb5f,prod_ee93d55d30addeff6954,var_43a5f128559af0f8f854,2026-04-01,48,18
inv_32deae6a139bac7155df,prod_ee93d55d30addeff6954,var_76a3d7146b323dd2a889,2026-04-01,55,1
inv_38d8076ec7edafb31b0e,prod_ee93d55d30addeff6954,var_85fb0baa8d121f327944,2026-04-01,49,14
inv_54359c6094ed5ba6da56,prod_ee93d55d30addeff6954,var_b3220a2f29d9e3096a2f,2026-04-01,90,3
inv_e6d0cf35f7b5bb16ec33,prod_ee93d55d30addeff6954,var_2d63af5c80cedd103436,2026-04-01,37,4
inv_630164d2e2e30fe9cad2,prod_ee93d55d30addeff6954,var_2fe8bce190c7eb41dfc8,2026-04-01,38,11
inv_3f1776901802292aec40,prod_ee93d55d30addeff6954,var_1b8f63ab3f5e208113ca,2026-04-01,80,1
inv_3df3a20b478c226aa631,prod_ee93d55d30addeff6954,var_c491091d5ab7ff33db46,2026-04-01,37,0
inv_1027ad9ade405e272a95,prod_ee93d55d30addeff6954,var_b319dcd8931c568f8dde,2026-04-01,37,11
inv_d1b9ad71d9bea19bc0a5,prod_ee93d55d30addeff6954,var_8d654d633876e75e4317,2026-04-01,77,16
inv_b3d2b9591e98349db678,prod_ee93d55d30addeff6954,var_ed3640d449d418509f57,2026-04-01,47,6
inv_79b91c5056626cc7aabe,prod_ee93d55d30addeff6954,var_9cd2bb280dce3fa2e76b,2026-04-01,83,6
inv_6300b687c4f00dd9fc78,prod_ee93d55d30addeff6954,var_61a3d99f3dd57555f061,2026-04-01,52,4
inv_ca65c568803ca4915a4b,prod_ee93d55d30addeff6954,var_bd31f3105de2d7714577,2026-04-01,77,12
inv_3e8278be89ece392aaf0,prod_ee93d55d30addeff6954,var_30fe308642c7372a4c55,2026-04-01,52,5
inv_9a9e7b0cf2298f232dac,prod_ee93d55d30addeff6954,var_1c227362843cad63ec2d,2026-04-01,75,1
inv_d1b6cad320d665bd8bf6,prod_ee93d55d30addeff6954,var_efeb55e5136f27ed409c,2026-04-01,53,9
inv_1d1fcc7d7c011ee40ce1,prod_438a44848bc196e6d975,var_6255fbba1fc1f01b7ee9,2026-04-01,54,10
inv_e6e8d22953b0dd00570e,prod_438a44848bc196e6d975,var_17ee5bcff06d14279787,2026-04-01,48,4
inv_7b6505a9202edb7ced0c,prod_438a44848bc196e6d975,var_eaa58626775f5e10787c,2026-04-01,69,0
inv_8a319ac6c3be47cdfca0,prod_438a44848bc196e6d975,var_05e312d19f2d967b02ae,2026-04-01,71,7
inv_282d4c7a0685aa18cf2a,prod_438a44848bc196e6d975,var_68f5766a025554c3eaa9,2026-04-01,69,16
inv_986fc32d507d4bcc7fa2,prod_438a44848bc196e6d975,var_508fbb721d582106874e,2026-04-01,78,2
inv_31d0307b90e39991f791,prod_438a44848bc196e6d975,var_b72377f8338f3eabe496,2026-04-01,45,18
inv_d32e39d7950b1d69dd79,prod_438a44848bc196e6d975,var_64d39327630553f2e1b9,2026-04-01,58,17
inv_7fb9bc3469dfd748dfba,prod_438a44848bc196e6d975,var_b11b6b090279cfa04155,2026-04-01,67,7
inv_edae1d4843192527f310,prod_438a44848bc196e6d975,var_2ea4bbd80d521a5e2104,2026-04-01,73,15
inv_77e313fbf513c680373c,prod_438a44848bc196e6d975,var_76cac52bed832c30a5b3,2026-04-01,34,18
inv_f6f36ff8f9fec6d84458,prod_438a44848bc196e6d975,var_410af979ba0b61e8b1fa,2026-04-01,36,17
inv_37f722de92a49304d22d,prod_438a44848bc196e6d975,var_cca84c818b8d1dc7a408,2026-04-01,37,5
inv_bde309672cf790c4ff51,prod_438a44848bc196e6d975,var_b205c40ad363b680ec58,2026-04-01,74,13
inv_936cc79e0bc49c4ca2f9,prod_438a44848bc196e6d975,var_823a189d514c6e10865d,2026-04-01,50,9
inv_be3d8fd346d35150ace2,prod_438a44848bc196e6d975,var_5579d3dcd9580bd272b2,2026-04-01,64,15
inv_c6c78d7282ad1e9a97d0,prod_438a44848bc196e6d975,var_d1592d795041e81f6c4e,2026-04-01,32,9
inv_a685b9d55d729819fa48,prod_438a44848bc196e6d975,var_f6a18c0e86b9ac9532f4,2026-04-01,87,4
inv_6c4a3d4df18b6335f4dd,prod_438a44848bc196e6d975,var_0b2b595a7dc5b15f1c86,2026-04-01,32,4
inv_5bcea754552b8609d509,prod_438a44848bc196e6d975,var_c363351edb0ceb1afad6,2026-04-01,34,14
inv_a806a6947be0efbd916b,prod_438a44848bc196e6d975,var_c87f257a229ce7eafa08,2026-04-01,64,18
inv_a1352b40da548c59e7a9,prod_438a44848bc196e6d975,var_a7daae96f9b2f50dfdef,2026-04-01,46,1
inv_23cece8c6c2b4b20b613,prod_438a44848bc196e6d975,var_164a5b158bfc49dcbc82,2026-04-01,74,0
inv_4c4bbbe18ddb4439c80b,prod_438a44848bc196e6d975,var_d50ecabaab63713dbe3c,2026-04-01,42,13
inv_697bb608ea2520f36dcb,prod_438a44848bc196e6d975,var_e117db91e6327b985328,2026-04-01,62,14
inv_99d30d3edf2b58952419,prod_438a44848bc196e6d975,var_aeba55eb9e30673a577a,2026-04-01,68,1
inv_4a6422ceeb66f8bc6790,prod_438a44848bc196e6d975,var_b5006b5f302fb3c0822b,2026-04-01,44,1
inv_6d1db1dc690160b87169,prod_438a44848bc196e6d975,var_70d6578905075ca6871b,2026-04-01,46,0
inv_bc3c6329bf9076cc2b62,prod_438a44848bc196e6d975,var_6820abf40d03602f4536,2026-04-01,73,18
inv_2867335bd28d26a8f280,prod_438a44848bc196e6d975,var_8768929dc580179c1fad,2026-04-01,73,0
inv_c2c77b0a86f7c44b47bb,prod_438a44848bc196e6d975,var_9714066032b1c68057b8,2026-04-01,38,7
inv_d5abc9b184dd9e6438d4,prod_438a44848bc196e6d975,var_14bd7ed084b7132e19a3,2026-04-01,73,5
inv_a189251a22b7870bafe1,prod_438a44848bc196e6d975,var_b45c40adf3eb6d63798c,2026-04-01,75,7
inv_363f0c9391fca2e3292d,prod_438a44848bc196e6d975,var_84b95c9fb4b7809f8a34,2026-04-01,42,18
inv_a5499e6136ad80e2b3c1,prod_438a44848bc196e6d975,var_d7120c7c2177c417b214,2026-04-01,72,11
inv_f0a99047890fa31d1431,prod_438a44848bc196e6d975,var_0b5c0ad0f1e4e8da6ed8,2026-04-01,90,17
inv_c68594cc13094d5b0733,prod_0189531a36c049171820,var_ab88c6de58ee2fcdf9e4,2026-04-01,63,5
inv_75c5e531ade2485a81d7,prod_0189531a36c049171820,var_00c1c82f6d8a8b24ddf5,2026-04-01,96,8
inv_4d17588390792dcc7849,prod_0189531a36c049171820,var_ec38e216853971e3ca9c,2026-04-01,152,18
inv_9d02c91169c5d2e5270a,prod_0189531a36c049171820,var_439c19cbc3abe2d73929,2026-04-01,66,1
inv_1207eb71dd136f49a1a6,prod_0189531a36c049171820,var_6590129bf85a309d3f8f,2026-04-01,100,12
inv_0c2253b29822353cc65f,prod_0189531a36c049171820,var_6b0100cdc1ef1031469b,2026-04-01,151,9
inv_963a0e540304005e44d8,prod_0189531a36c049171820,var_617730612696e695ed41,2026-04-01,107,13
inv_dc7c4d469a75ede12dbf,prod_0189531a36c049171820,var_b5d905be4efb894192b7,2026-04-01,122,10
inv_8e05edda5bb7687a76f7,prod_0189531a36c049171820,var_360731b0a803c24bfd69,2026-04-01,116,9
inv_08771d8a70a7fae884f4,prod_0189531a36c049171820,var_b30af374f3e8523449d6,2026-04-01,110,7
inv_6b6ac92b636a84f33a29,prod_0189531a36c049171820,var_0f3bd97c57258221527f,2026-04-01,105,3
inv_89940fccb22925f739e1,prod_0189531a36c049171820,var_fcc7e2fc3cb72570cbfc,2026-04-01,71,1
inv_2a7d2773392e10c0c6f9,prod_0189531a36c049171820,var_00df6f028ceddde26b68,2026-04-01,127,2
inv_50de2b6fb21a326ce27a,prod_0189531a36c049171820,var_b328308955a099219aba,2026-04-01,57,16
inv_645f8ad70fc06ec14d0f,prod_0189531a36c049171820,var_1bc3cc6be2d148f68d07,2026-04-01,66,1
inv_5fe6a6adc905a5e454fe,prod_0189531a36c049171820,var_93c4efb5105239106e76,2026-04-01,71,6
inv_fc6d5bde35a146ba068e,prod_0189531a36c049171820,var_7657acb4edd171a3e158,2026-04-01,121,9
inv_89529454c7af4da77575,prod_0189531a36c049171820,var_7c8a95c30a2e093e0468,2026-04-01,133,15
inv_d43df351dc4149bfa424,prod_0189531a36c049171820,var_e7d27b69dfb62d802fec,2026-04-01,153,9
inv_7ea2d04b6870f7fb601c,prod_0189531a36c049171820,var_b9ed5b404fd99996ec9f,2026-04-01,102,16
inv_5b22eb70dbf369f378df,prod_0189531a36c049171820,var_324e13c984d9aaab9604,2026-04-01,131,0
inv_c8a08053871abf8b1deb,prod_0189531a36c049171820,var_cad1bc675f38c394a994,2026-04-01,143,10
inv_e1e6b132288669456283,prod_0189531a36c049171820,var_fa3dbd5a2054f66ebda8,2026-04-01,92,0
inv_4fe2ce01fd7d613eb703,prod_0189531a36c049171820,var_03627cfde38743cff6a4,2026-04-01,86,12
inv_ec85452f9b48a4b907b0,prod_0189531a36c049171820,var_22afdc3bc66d8c370224,2026-04-01,98,13
inv_40f0b6720aab3e9ed3d1,prod_0189531a36c049171820,var_51f120a7b2c0d86f9a2b,2026-04-01,139,15
inv_2d7a0a661387765d8ae2,prod_0189531a36c049171820,var_65cde14be098ea1a671d,2026-04-01,143,5
inv_38ffbd51fe0621bf2392,prod_0189531a36c049171820,var_3827fef61cdfb42fbde9,2026-04-01,156,3
inv_6a61d7c22d7400e93784,prod_0189531a36c049171820,var_e1d35731895df46c299d,2026-04-01,65,13
inv_bea46c146524a395d9d4,prod_0189531a36c049171820,var_a11d1e73dd135e3f1cb9,2026-04-01,159,2
inv_ca699ac17116d23f3274,prod_4fb11ac857411bda88a4,var_77f9b98f706e27f8d8f9,2026-04-01,143,0
inv_5a5261917bb77b4555a8,prod_4fb11ac857411bda88a4,var_fad911836ba0bc2d17e3,2026-04-01,70,6
inv_378981490d2e2fc95dea,prod_4fb11ac857411bda88a4,var_6b4cde94e24613aa178d,2026-04-01,73,15
inv_a8f92a059431706f93ba,prod_4fb11ac857411bda88a4,var_71823e970238e186821c,2026-04-01,56,9
inv_5be8e7abe82130aaa02a,prod_4fb11ac857411bda88a4,var_58a00b869159191e4ac9,2026-04-01,71,5
inv_14b16a98ac47d13314a8,prod_4fb11ac857411bda88a4,var_70e1c4a0d7096208c340,2026-04-01,147,3
inv_9240c167c971a60ae054,prod_4fb11ac857411bda88a4,var_e49c1d617edcf65ee83c,2026-04-01,77,16
inv_da9e260e4e4d9710e9ed,prod_4fb11ac857411bda88a4,var_acbadd53c4704809d846,2026-04-01,93,9
inv_29be126313762c023c24,prod_4fb11ac857411bda88a4,var_2683dc797f5a0706de2c,2026-04-01,99,12
inv_8d146a86f237c7d294de,prod_4fb11ac857411bda88a4,var_6bfb37f2e216be599dfb,2026-04-01,88,15
inv_825b0beca469e2a34073,prod_4fb11ac857411bda88a4,var_55e00ca073f61b9775de,2026-04-01,73,9
inv_d28e3cac84a87ad314b9,prod_4fb11ac857411bda88a4,var_b1841532494f148dfc95,2026-04-01,85,4
inv_6ed740086fd05ce793ee,prod_4fb11ac857411bda88a4,var_63784919911926a972c2,2026-04-01,146,10
inv_36ca432ae4d358376c58,prod_4fb11ac857411bda88a4,var_0c8dbcf461e87274cd44,2026-04-01,141,12
inv_4b030c9c85d0272ddb05,prod_4fb11ac857411bda88a4,var_85a21cc286764b196eba,2026-04-01,147,5
inv_95465adac88b2efe5b2c,prod_4fb11ac857411bda88a4,var_69ad1a308528a65fbf7f,2026-04-01,57,16
inv_10fc204ba1583be3889f,prod_4fb11ac857411bda88a4,var_48589628c217474fe88e,2026-04-01,121,8
inv_dfa1649c71ac159d747b,prod_4fb11ac857411bda88a4,var_78ce2ee3c901aabec73e,2026-04-01,65,7
inv_061ea4bb96e50910ac5e,prod_4fb11ac857411bda88a4,var_94b54f7c484f05634866,2026-04-01,115,7
inv_4e90f5cebdf9c9379e7a,prod_4fb11ac857411bda88a4,var_fc65fa629ab0cfab4741,2026-04-01,86,16
inv_2cade2bcc7c821bc3d55,prod_4fb11ac857411bda88a4,var_0298ed73b20b2a58ddc3,2026-04-01,135,11
inv_a3f1caacd7b47628d196,prod_4fb11ac857411bda88a4,var_b9b996a2b08ed40ea006,2026-04-01,125,4
inv_85d4370f63f9d17539aa,prod_4fb11ac857411bda88a4,var_97d1184949150ec3ff6c,2026-04-01,85,5
inv_bc79444b5ed003ac198c,prod_4fb11ac857411bda88a4,var_9ddc10ac2aa76ca09954,2026-04-01,160,2
inv_8bd227b6f281fbadd8fd,prod_4fb11ac857411bda88a4,var_79dbcc3eddbb79b3678b,2026-04-01,69,18
inv_62ced69f5ef99c441f2a,prod_4fb11ac857411bda88a4,var_dc811c3db2dffa2b4d77,2026-04-01,138,0
inv_22bef1f162d8ad81f4bf,prod_4fb11ac857411bda88a4,var_03e26300920b777b60ce,2026-04-01,58,12
inv_4be3aeec7c9a2ae1a486,prod_4fb11ac857411bda88a4,var_2f00cf3713efd884f325,2026-04-01,123,4
inv_cd8f64e010404599c9ca,prod_4fb11ac857411bda88a4,var_8d03581fc9e13826e5f0,2026-04-01,90,13
inv_225315c6646eb1910138,prod_4fb11ac857411bda88a4,var_8c55152214d872854644,2026-04-01,83,0
inv_520b1fb589175656307c,prod_2efa0aed0d6e67ecae58,var_53840b82f1f41986b97b,2026-04-01,96,0
inv_332042ae267b5688b6fe,prod_2efa0aed0d6e67ecae58,var_499d2419d323a686d2c6,2026-04-01,75,10
inv_966fa651cf9270c60128,prod_2efa0aed0d6e67ecae58,var_6dfdc29a2a61c6f5087f,2026-04-01,125,18
inv_24337251f1347954b731,prod_2efa0aed0d6e67ecae58,var_64183720fcbbbd913ed0,2026-04-01,150,15
inv_9e69642ed82cb3535c12,prod_2efa0aed0d6e67ecae58,var_d045b09c714a135c2f0a,2026-04-01,108,6
inv_ea2b4ba306746688053a,prod_2efa0aed0d6e67ecae58,var_f6d3f9a9c8e4616f6c5c,2026-04-01,123,4
inv_c3bb6568e1a2a4fc56e8,prod_2efa0aed0d6e67ecae58,var_1a3c43e3bd57b167f4c1,2026-04-01,106,8
inv_9510413c2dca34ecc93c,prod_2efa0aed0d6e67ecae58,var_b54607373ac7bafb02f6,2026-04-01,85,4
inv_5be86f6381ca0e79c5cd,prod_2efa0aed0d6e67ecae58,var_5414ce2508350e24da4d,2026-04-01,155,17
inv_4be55da3b1d752fa17aa,prod_2efa0aed0d6e67ecae58,var_1e08d41c5ab96cce1ce2,2026-04-01,155,18
inv_4bf6ef490c7db6556e0d,prod_2efa0aed0d6e67ecae58,var_93a3c087875d45eb3101,2026-04-01,100,8
inv_87568cdd5ff255d44870,prod_2efa0aed0d6e67ecae58,var_e03ac89cc365fa42f93c,2026-04-01,124,10
inv_67d3dabc7b3969045d1d,prod_2efa0aed0d6e67ecae58,var_7696cc7d0631b8c9ee6f,2026-04-01,90,4
inv_64b5e334a0c6b4ad5f0d,prod_2efa0aed0d6e67ecae58,var_0cf84000f5859801c60f,2026-04-01,87,1
inv_88566391cc6b39c6daa2,prod_2efa0aed0d6e67ecae58,var_8031b1936b5e05c16a08,2026-04-01,69,7
inv_8d217628ae39547a9f2d,prod_2efa0aed0d6e67ecae58,var_3faf67b40721672e3de6,2026-04-01,91,17
inv_fdce2d8edb3d75dd70ea,prod_2efa0aed0d6e67ecae58,var_ffa3148e0ee7668d8f30,2026-04-01,92,7
inv_74d2093358fba5001cc6,prod_2efa0aed0d6e67ecae58,var_8ab4fd713004558e9200,2026-04-01,106,7
inv_3cdc6d1c74c607c9d200,prod_2efa0aed0d6e67ecae58,var_38d5b5f8cb87a53d650b,2026-04-01,99,14
inv_485d330672f068044cb0,prod_2efa0aed0d6e67ecae58,var_7563e95b2351a5fa4a08,2026-04-01,117,14
inv_8879b1521c79e5efdcb7,prod_2efa0aed0d6e67ecae58,var_ef0af573f8034823d555,2026-04-01,116,13
inv_41bab2786d61db4beb26,prod_2efa0aed0d6e67ecae58,var_7f3a3296ffbd820f7f55,2026-04-01,144,2
inv_03694a2eb07e3208c1e7,prod_2efa0aed0d6e67ecae58,var_d206780fbe564728bf65,2026-04-01,127,11
inv_96a0d0af437ab7df5fe6,prod_2efa0aed0d6e67ecae58,var_5e478e2b39c40398fb76,2026-04-01,69,5
inv_5f3ba740b174c89312d4,prod_2efa0aed0d6e67ecae58,var_c5d4b04e619e436daff8,2026-04-01,74,16
inv_ce9970e7188014bfd6ae,prod_2efa0aed0d6e67ecae58,var_c1d92c21012faefae3f8,2026-04-01,133,10
inv_1443a971710628b52528,prod_2efa0aed0d6e67ecae58,var_2a91c104878870f34df4,2026-04-01,130,1
inv_fdf60ebde69e5ae5432d,prod_2efa0aed0d6e67ecae58,var_fe046aec4c2aa733984d,2026-04-01,66,5
inv_3fbb00db8f85bc412730,prod_2efa0aed0d6e67ecae58,var_0072c3c72ae42a25b5f3,2026-04-01,63,12
inv_1581bfc6962aea6776d9,prod_2efa0aed0d6e67ecae58,var_32173c8dbdf8eac79214,2026-04-01,123,17
inv_4c93baba766df1cc7c06,prod_1aac77da65d619e6240f,var_fada642b3d793e48890b,2026-04-01,89,6
inv_9aa97accfff0b921f0a0,prod_1aac77da65d619e6240f,var_b0665991d9649a256643,2026-04-01,69,3
inv_12043c8c4b74cb034051,prod_1aac77da65d619e6240f,var_fe1215c4f405465a502b,2026-04-01,135,9
inv_193c4495379d51e43272,prod_1aac77da65d619e6240f,var_30c9251395a079628b82,2026-04-01,140,10
inv_d6fd0a4e46800e525438,prod_1aac77da65d619e6240f,var_e865328517c3330f1431,2026-04-01,66,11
inv_00748b86a675a05f2166,prod_1aac77da65d619e6240f,var_4ec6f48b0a97467baa73,2026-04-01,121,8
inv_6001ad70d00c5ad75168,prod_1aac77da65d619e6240f,var_9818589b07d9187961de,2026-04-01,79,13
inv_9cf08a6143e465f5eff2,prod_1aac77da65d619e6240f,var_b26eea452ddb91e6275c,2026-04-01,108,17
inv_3762eeec589234e0e630,prod_1aac77da65d619e6240f,var_19fa5bf87e2a73901ef4,2026-04-01,89,1
inv_8a083967b4cd410e1435,prod_1aac77da65d619e6240f,var_582d11378691a5a6e4e9,2026-04-01,149,7
inv_95fbf9bb6dd8a91c8df7,prod_1aac77da65d619e6240f,var_8ec37fcdee5f1140ec55,2026-04-01,150,4
inv_2c5c673de1ec1560eec8,prod_1aac77da65d619e6240f,var_a6767a237b512235506f,2026-04-01,112,2
inv_8df4849f702fd2da8440,prod_1aac77da65d619e6240f,var_0249455f35a9dd408d40,2026-04-01,123,15
inv_2c3b7caf5fae4f52f06b,prod_1aac77da65d619e6240f,var_9d2bbbb4593860eae1c2,2026-04-01,145,4
inv_d698cc22b82c0d7d0fd9,prod_1aac77da65d619e6240f,var_b504113d4e05f26566f9,2026-04-01,56,12
inv_f0bd4eaa3f8bbff427f6,prod_1aac77da65d619e6240f,var_19b6c0119781ca26cfab,2026-04-01,113,13
inv_4d9c80dbc0a974b9386d,prod_1aac77da65d619e6240f,var_30a71ca69a0597e20603,2026-04-01,150,1
inv_d3c9b44d0d84489151b9,prod_1aac77da65d619e6240f,var_44f43fafea7f397d29fa,2026-04-01,70,15
inv_5507dff68e919f5d3f08,prod_1aac77da65d619e6240f,var_aa467d7577abf3fbc60e,2026-04-01,103,0
inv_595b784d09bef6d94ba7,prod_1aac77da65d619e6240f,var_b18529e43b561104e73d,2026-04-01,92,12
inv_0275c2f3ad4c65e7b454,prod_1aac77da65d619e6240f,var_f4e84136e702c56fc319,2026-04-01,66,1
inv_f267f74a4dd06afe9552,prod_1aac77da65d619e6240f,var_811e9c78b377b4e4453c,2026-04-01,64,1
inv_59714607774d1630786e,prod_1aac77da65d619e6240f,var_f5ccef0575523ac6faa5,2026-04-01,99,1
inv_5b713ac58dcf54307995,prod_1aac77da65d619e6240f,var_e91175ca45ab8fc349dc,2026-04-01,105,15
inv_852dd3e0449a7a2d99da,prod_1aac77da65d619e6240f,var_e68010c463448ce42243,2026-04-01,57,16
inv_a8362691b365bfa6aa33,prod_1aac77da65d619e6240f,var_3a2e554b388bcfe86ab3,2026-04-01,134,5
inv_61d8ae2a6de6aac91639,prod_1aac77da65d619e6240f,var_827c52ca8f98abbcdae2,2026-04-01,139,11
inv_626356c75cc69517021b,prod_1aac77da65d619e6240f,var_11a4e26a7ab75dc78c86,2026-04-01,131,9
inv_963fa875235997fb8136,prod_1aac77da65d619e6240f,var_5229b1982481efd531f3,2026-04-01,75,1
inv_be4576a464c2f7613647,prod_1aac77da65d619e6240f,var_3971b7f2774b1e5a316d,2026-04-01,114,8
inv_2984d0a971361ffd5d8f,prod_ea26883fb1deabd15141,var_c95ef6026df6ba67eec8,2026-04-01,130,15
inv_900792f6121f1417ed9c,prod_ea26883fb1deabd15141,var_bc45956a6234980b8431,2026-04-01,121,5
inv_f5fad7372d83b2a8f67d,prod_ea26883fb1deabd15141,var_8d5d2d5c13ed45a481ad,2026-04-01,144,2
inv_f86672a2d5cd87064a8b,prod_ea26883fb1deabd15141,var_be2b12a3e53e8671f3d6,2026-04-01,118,9
inv_fad91c2474e340087412,prod_ea26883fb1deabd15141,var_def87b80ab2972f8be9d,2026-04-01,90,5
inv_3db22735cced356f5a8f,prod_ea26883fb1deabd15141,var_ad88e442b4ec9a747624,2026-04-01,59,13
inv_774f45e748bfc5dd0fe5,prod_ea26883fb1deabd15141,var_a18ec8356e2d553dbf65,2026-04-01,149,0
inv_efcbb9493f6cf2c52e8b,prod_ea26883fb1deabd15141,var_8fe117c6a6c73be68252,2026-04-01,111,18
inv_604ab1a2a0735fb48c3a,prod_ea26883fb1deabd15141,var_a56e028f2685d369a8a2,2026-04-01,154,9
inv_0df23bf64a58553c6b4e,prod_ebe756215bbfcde882c1,var_f9b6333510f3a2bddcce,2026-04-01,87,15
inv_9090cd74a8b3af44e2b0,prod_ebe756215bbfcde882c1,var_84ff60b1ac8610102053,2026-04-01,159,11
inv_ae8b0ff6b97d2abeded1,prod_ebe756215bbfcde882c1,var_0c2a56074856654cc09c,2026-04-01,124,18
inv_8ced41cdc42b36ea80cb,prod_ebe756215bbfcde882c1,var_54a48c4e9f5a97d29dac,2026-04-01,140,13
inv_fddda9d9005cc1073d1c,prod_ebe756215bbfcde882c1,var_477f71369f8ec76bae72,2026-04-01,61,0
inv_b8dcff03f588c1ec7aa2,prod_ebe756215bbfcde882c1,var_1712a2d5f6a5d208055e,2026-04-01,123,13
inv_57f3b55a00ee3305b2ca,prod_ebe756215bbfcde882c1,var_63071a389c1b1f57160c,2026-04-01,72,10
inv_ae926492e3d71d60985b,prod_ebe756215bbfcde882c1,var_5d625c4bbaa3b689d1db,2026-04-01,109,4
inv_be41ce85a4448e50fe22,prod_ebe756215bbfcde882c1,var_d93959e68a9c1ed24606,2026-04-01,137,1
inv_b76cbff8a1e62a81c144,prod_72dfeba4701d415d317a,var_11b9ced246c49a2a69c6,2026-04-01,123,4
inv_60ed657f6770364ccf0f,prod_72dfeba4701d415d317a,var_a0b00e2faaec9758659d,2026-04-01,134,8
inv_29016150835ca2e2ebad,prod_72dfeba4701d415d317a,var_07a3825bb8e2e492b76b,2026-04-01,86,13
inv_bb7d3ba2c15243d04e28,prod_72dfeba4701d415d317a,var_abf4b066285529554ec5,2026-04-01,68,0
inv_d7aa6ae498beebc40ea6,prod_72dfeba4701d415d317a,var_8a23a15f6866bdee9409,2026-04-01,59,11
inv_fd59a1280c21dff29c68,prod_72dfeba4701d415d317a,var_a4481e5f98f473cda093,2026-04-01,119,4
inv_f8229ad99fd3357f8838,prod_72dfeba4701d415d317a,var_15a5da1605c0b6e7842d,2026-04-01,155,11
inv_8ea7aabb3a89d0d9e055,prod_72dfeba4701d415d317a,var_1a7a54f91d9a9784b173,2026-04-01,126,7
inv_85a563162fdee5159f3c,prod_72dfeba4701d415d317a,var_c1969c0733b4dc908af7,2026-04-01,81,17
inv_700030adbf004820d495,prod_72dfeba4701d415d317a,var_4aeb79589687b461e96f,2026-04-01,78,9
inv_fcf17820b598a770a958,prod_72dfeba4701d415d317a,var_be4c5e4aeb2733383b86,2026-04-01,71,10
inv_02f753db021b73b4ae9e,prod_72dfeba4701d415d317a,var_e55f60ce5370c732b493,2026-04-01,105,13
inv_74b39a7011d66beba565,prod_72dfeba4701d415d317a,var_a8e55173ba8ba00fbb58,2026-04-01,65,1
inv_28db7a2da693f712f290,prod_72dfeba4701d415d317a,var_9ae1b9494d9b24b6814d,2026-04-01,147,3
inv_c820a039515ca2797166,prod_72dfeba4701d415d317a,var_c81a94d9a15b6b760523,2026-04-01,109,13
inv_8b9c901f4755bc02a9d6,prod_72dfeba4701d415d317a,var_0088bda42ae04ba0e6f0,2026-04-01,124,11
inv_ee215da5a5675dfba6fa,prod_72dfeba4701d415d317a,var_261e93378c2ea03cf536,2026-04-01,89,14
inv_4a93368dfacf0ee929b5,prod_72dfeba4701d415d317a,var_3095fdb99afdb37f42a9,2026-04-01,158,1
inv_df39fd005affad946f1f,prod_72dfeba4701d415d317a,var_b93ffcc4df25b6049fd7,2026-04-01,124,15
inv_3b52dd6697903e4b8645,prod_72dfeba4701d415d317a,var_cf614c1f8ce5ad152f86,2026-04-01,80,14
inv_1161f1707d7e6a84e095,prod_72dfeba4701d415d317a,var_439e4a3b1ded76626bcc,2026-04-01,73,11
inv_ef47ac9ecb29b88837bb,prod_72dfeba4701d415d317a,var_7a9bd3c5007019c19bfe,2026-04-01,126,7
inv_8283a87b7fef332a2bd4,prod_72dfeba4701d415d317a,var_8856a9a1708ad62e3b1d,2026-04-01,77,3
inv_a60f313edcbc97172998,prod_72dfeba4701d415d317a,var_082ccc283fa2bea80c16,2026-04-01,68,12
inv_d29f0fea945e12603992,prod_d87cfc68d1aef053d198,var_199bb1069f0216fdcbf6,2026-04-01,107,11
inv_f23e6181e71efcf7ea73,prod_d87cfc68d1aef053d198,var_7867058976a19bca1d0d,2026-04-01,149,10
inv_10945338a5eee4802b6a,prod_30d7a0ddc2ef16ba66b9,var_cb896475831a28934bfe,2026-04-01,147,8
inv_ab1256a404d3f29f9cc7,prod_30d7a0ddc2ef16ba66b9,var_5ad21b0b072b59385182,2026-04-01,160,8
inv_9e1b2116540e8c95e445,prod_d43b2cf8fa29d7ae9b37,var_320e93b779cc3f59b69d,2026-05-01,47,15
inv_d949d0f3584d30bdf1e8,prod_d43b2cf8fa29d7ae9b37,var_17f58fc6b2961004e931,2026-05-01,48,17
inv_1648f9a555051c8edea4,prod_d43b2cf8fa29d7ae9b37,var_2abdb293ed839904df8a,2026-05-01,82,9
inv_677848f548a28fa6f746,prod_d43b2cf8fa29d7ae9b37,var_6f0cce9478da3e151612,2026-05-01,80,16
inv_8dfc8eec977bb33fb961,prod_d43b2cf8fa29d7ae9b37,var_a02a8c90a7e79350209b,2026-05-01,75,6
inv_5aa5250b58129db02e27,prod_d43b2cf8fa29d7ae9b37,var_a63023dcf36046e5dc4e,2026-05-01,34,16
inv_e7d301a280e12a3f6e08,prod_d43b2cf8fa29d7ae9b37,var_e8598f4784994d3f8438,2026-05-01,87,17
inv_a128caf6972aa36f1a1e,prod_d43b2cf8fa29d7ae9b37,var_03696f04943b92dadb38,2026-05-01,70,10
inv_e35cc3e99f4029502b4b,prod_d43b2cf8fa29d7ae9b37,var_01a56d62607b13a33c4e,2026-05-01,54,18
inv_cb96d3a4f20dbc1c1b24,prod_d43b2cf8fa29d7ae9b37,var_5267390ff261d8c9917a,2026-05-01,63,2
inv_73c79009c5c8e67c6595,prod_d43b2cf8fa29d7ae9b37,var_4bc34e01cda1012288f6,2026-05-01,37,7
inv_e48ac55005114356723a,prod_d43b2cf8fa29d7ae9b37,var_02fb794660a1ff5b5481,2026-05-01,78,15
inv_a0cf6f8ff2c1df32515f,prod_d43b2cf8fa29d7ae9b37,var_41628dba54c9c6861c9d,2026-05-01,48,10
inv_316cadcdd0e7b56d46e5,prod_d43b2cf8fa29d7ae9b37,var_db3c0fa83abed429ed33,2026-05-01,75,14
inv_79918472d830b86342b6,prod_d43b2cf8fa29d7ae9b37,var_87fdb4d38460cd899505,2026-05-01,37,11
inv_ea7ff8927aec22be2220,prod_d43b2cf8fa29d7ae9b37,var_13c3ed1f6d0b19413901,2026-05-01,81,3
inv_66484ddfe7193f1cdd72,prod_d43b2cf8fa29d7ae9b37,var_22ec18309fa5f5e5288d,2026-05-01,33,10
inv_ae8e3b6c939723bcadc3,prod_d43b2cf8fa29d7ae9b37,var_26e0822c757ab04bd6c8,2026-05-01,66,13
inv_3cb9ef8f5458b0059bbb,prod_d43b2cf8fa29d7ae9b37,var_d8747d212def9f4c3e80,2026-05-01,56,7
inv_e58606607728eb2b8583,prod_d43b2cf8fa29d7ae9b37,var_5db963bcd8fbf81b2e05,2026-05-01,41,0
inv_f3278bfc8359712b05ee,prod_d43b2cf8fa29d7ae9b37,var_3cc406399bed25270f9e,2026-05-01,64,2
inv_7c5bb81fc683ada047da,prod_d43b2cf8fa29d7ae9b37,var_f3e3682f5daf474543ab,2026-05-01,43,5
inv_0dc64345cccfee123cbf,prod_d43b2cf8fa29d7ae9b37,var_b35ae4d77d0efb3389d3,2026-05-01,53,8
inv_b915bd302af0a3ff2a3c,prod_d43b2cf8fa29d7ae9b37,var_caae1453b01f7b10b548,2026-05-01,48,15
inv_fca4104c67ba585ae1a7,prod_d43b2cf8fa29d7ae9b37,var_1375ba8c6f393210c436,2026-05-01,75,18
inv_3f3bdf32a6cf7c5049dc,prod_d43b2cf8fa29d7ae9b37,var_87e530ced3270be98f36,2026-05-01,49,5
inv_2ef811a3549e5130f73b,prod_d43b2cf8fa29d7ae9b37,var_89efa340b18949bb9c2f,2026-05-01,79,7
inv_f62d1e8987615d93ad61,prod_d43b2cf8fa29d7ae9b37,var_1281ece6b89ebbdd0340,2026-05-01,38,16
inv_75cd074aca2aa6bf12f9,prod_d43b2cf8fa29d7ae9b37,var_1fbd683f0c26c28d4200,2026-05-01,85,12
inv_75e60f7a85271366d47f,prod_d43b2cf8fa29d7ae9b37,var_2cc49091108ce06c317f,2026-05-01,56,2
inv_0161a75e62760aa48152,prod_d43b2cf8fa29d7ae9b37,var_e458e9983f2d79d6ed15,2026-05-01,46,4
inv_2f2bf620f4b9c7506b0d,prod_d43b2cf8fa29d7ae9b37,var_a2c2c81c60e69fda9995,2026-05-01,52,16
inv_6d43dc206664e5582cdf,prod_d43b2cf8fa29d7ae9b37,var_7d1ebbe12c99beb1f424,2026-05-01,47,5
inv_bae8450b1548d1398267,prod_d43b2cf8fa29d7ae9b37,var_c313512d9379d00efca9,2026-05-01,51,6
inv_a148b91ef7c2b429694e,prod_d43b2cf8fa29d7ae9b37,var_aa050b328bd26312a85e,2026-05-01,71,16
inv_393849e25151c2a75c86,prod_d43b2cf8fa29d7ae9b37,var_d3aca37c9bca975444e2,2026-05-01,39,18
inv_c66eeef2291d2c9bb31b,prod_ee93d55d30addeff6954,var_70fe6fd57228fdd24400,2026-05-01,61,9
inv_beb8cd73c1984ae0610e,prod_ee93d55d30addeff6954,var_a0efe0997b6073b5e9d5,2026-05-01,59,8
inv_a967b66cffd9442d509e,prod_ee93d55d30addeff6954,var_c9ae287d0fd94aec879d,2026-05-01,77,3
inv_d2cb8ac43f6385cc9e26,prod_ee93d55d30addeff6954,var_0dc2751ef1e6063b7445,2026-05-01,68,6
inv_a0dd3e7ba1339a758e30,prod_ee93d55d30addeff6954,var_075418ff0be5cdb7558e,2026-05-01,62,2
inv_efff67fbe6c73fbe929b,prod_ee93d55d30addeff6954,var_422a1ef6d8410f6c318d,2026-05-01,32,2
inv_aabd3954a5bf6403cb30,prod_ee93d55d30addeff6954,var_0f755faccbe419124cf5,2026-05-01,48,12
inv_5d846fcf19098d40e692,prod_ee93d55d30addeff6954,var_eb2f38cea72d24acd1c4,2026-05-01,67,16
inv_d6d50ed31baa97be35be,prod_ee93d55d30addeff6954,var_83bee3abddcf0fc27f98,2026-05-01,59,3
inv_e0dc0c9d66dbae00965b,prod_ee93d55d30addeff6954,var_23eb40a02aea71235f7f,2026-05-01,87,13
inv_8eca38714a3b0c5bb6d9,prod_ee93d55d30addeff6954,var_ebb8cc29fc6683dff27c,2026-05-01,31,10
inv_4801003b3b41ca325851,prod_ee93d55d30addeff6954,var_269576cae5504f7beee6,2026-05-01,37,5
inv_89e9ee1f83af230c8ac8,prod_ee93d55d30addeff6954,var_9f281e7cd219f0029526,2026-05-01,70,10
inv_154b0496f0a2c7575ee0,prod_ee93d55d30addeff6954,var_acf7ad33d8cefca798db,2026-05-01,74,5
inv_d60ebe78ea9ae284d8a6,prod_ee93d55d30addeff6954,var_0b6ca25661b3bea06ed9,2026-05-01,33,2
inv_e486fdd2bf6c906fd353,prod_ee93d55d30addeff6954,var_9d18dbed26f272d168b2,2026-05-01,74,7
inv_4f034f4fa603545ea67c,prod_ee93d55d30addeff6954,var_6fbe552270a22d50cfd4,2026-05-01,61,17
inv_78da3019a1c7e31b8c96,prod_ee93d55d30addeff6954,var_7929a442006436a2f4b9,2026-05-01,73,13
inv_72ea4f7c3bd3d2d3a520,prod_ee93d55d30addeff6954,var_4859439609400df4e33c,2026-05-01,68,15
inv_e2a32d2edb64ff068ae1,prod_ee93d55d30addeff6954,var_43a5f128559af0f8f854,2026-05-01,82,7
inv_c449e8b000d1a120abf1,prod_ee93d55d30addeff6954,var_76a3d7146b323dd2a889,2026-05-01,63,0
inv_a25e31354005b2729e1e,prod_ee93d55d30addeff6954,var_85fb0baa8d121f327944,2026-05-01,45,8
inv_007e4fbcbf00e03ec09f,prod_ee93d55d30addeff6954,var_b3220a2f29d9e3096a2f,2026-05-01,53,9
inv_18b8cbbb6c3e2a0d7d90,prod_ee93d55d30addeff6954,var_2d63af5c80cedd103436,2026-05-01,43,14
inv_c8eb8f7c10622adc2215,prod_ee93d55d30addeff6954,var_2fe8bce190c7eb41dfc8,2026-05-01,37,7
inv_dec0eaf7cf0581910336,prod_ee93d55d30addeff6954,var_1b8f63ab3f5e208113ca,2026-05-01,77,12
inv_fd2c86033484c5d57c97,prod_ee93d55d30addeff6954,var_c491091d5ab7ff33db46,2026-05-01,45,0
inv_937c4fca4864224f67cd,prod_ee93d55d30addeff6954,var_b319dcd8931c568f8dde,2026-05-01,83,15
inv_130bb2a1f99781d72d16,prod_ee93d55d30addeff6954,var_8d654d633876e75e4317,2026-05-01,80,15
inv_8f8498dec952d08a98f8,prod_ee93d55d30addeff6954,var_ed3640d449d418509f57,2026-05-01,34,6
inv_774dae8de462a299d5c5,prod_ee93d55d30addeff6954,var_9cd2bb280dce3fa2e76b,2026-05-01,58,14
inv_f45ae22e636c6ab4e088,prod_ee93d55d30addeff6954,var_61a3d99f3dd57555f061,2026-05-01,68,3
inv_3a87d45d86b9c604e5a2,prod_ee93d55d30addeff6954,var_bd31f3105de2d7714577,2026-05-01,31,11
inv_e74b96ed4c570fa82556,prod_ee93d55d30addeff6954,var_30fe308642c7372a4c55,2026-05-01,70,2
inv_5c3ff8165b5d3440a755,prod_ee93d55d30addeff6954,var_1c227362843cad63ec2d,2026-05-01,78,3
inv_5b8c2544cef71931a77f,prod_ee93d55d30addeff6954,var_efeb55e5136f27ed409c,2026-05-01,73,0
inv_71ce62fd726b797ca421,prod_438a44848bc196e6d975,var_6255fbba1fc1f01b7ee9,2026-05-01,40,9
inv_4e58df60a7429100d4c5,prod_438a44848bc196e6d975,var_17ee5bcff06d14279787,2026-05-01,61,3
inv_cd8ea339ecdb8e974c7e,prod_438a44848bc196e6d975,var_eaa58626775f5e10787c,2026-05-01,82,18
inv_97243694976ffa93f5bc,prod_438a44848bc196e6d975,var_05e312d19f2d967b02ae,2026-05-01,67,8
inv_ef79fd8489306d09ccad,prod_438a44848bc196e6d975,var_68f5766a025554c3eaa9,2026-05-01,53,10
inv_3325215c115bc6674678,prod_438a44848bc196e6d975,var_508fbb721d582106874e,2026-05-01,86,2
inv_95d8fc43d3bb3c1ef727,prod_438a44848bc196e6d975,var_b72377f8338f3eabe496,2026-05-01,47,6
inv_6315cfdae5e90945fbbe,prod_438a44848bc196e6d975,var_64d39327630553f2e1b9,2026-05-01,55,16
inv_729be0c55422306fea8f,prod_438a44848bc196e6d975,var_b11b6b090279cfa04155,2026-05-01,52,0
inv_7a9798ef1374b5d278fe,prod_438a44848bc196e6d975,var_2ea4bbd80d521a5e2104,2026-05-01,39,2
inv_7d9fb8fa8e2aca4055e7,prod_438a44848bc196e6d975,var_76cac52bed832c30a5b3,2026-05-01,48,18
inv_7d4e954f9de07688affc,prod_438a44848bc196e6d975,var_410af979ba0b61e8b1fa,2026-05-01,83,18
inv_87802b55bfc2170c8c09,prod_438a44848bc196e6d975,var_cca84c818b8d1dc7a408,2026-05-01,31,0
inv_7bbcd784c973311f09dd,prod_438a44848bc196e6d975,var_b205c40ad363b680ec58,2026-05-01,38,10
inv_178f5b1c89faa861a6a6,prod_438a44848bc196e6d975,var_823a189d514c6e10865d,2026-05-01,32,7
inv_f22f8764bea6de8f620e,prod_438a44848bc196e6d975,var_5579d3dcd9580bd272b2,2026-05-01,71,12
inv_564c9aa64370fd575948,prod_438a44848bc196e6d975,var_d1592d795041e81f6c4e,2026-05-01,43,1
inv_21ba962f153740e864ea,prod_438a44848bc196e6d975,var_f6a18c0e86b9ac9532f4,2026-05-01,46,0
inv_1dad89c6d6b19696b502,prod_438a44848bc196e6d975,var_0b2b595a7dc5b15f1c86,2026-05-01,77,16
inv_dddc71f3f1cdce4dad09,prod_438a44848bc196e6d975,var_c363351edb0ceb1afad6,2026-05-01,51,17
inv_f7d8ed9d2620ad0976e3,prod_438a44848bc196e6d975,var_c87f257a229ce7eafa08,2026-05-01,35,2
inv_b84dc269c0de00964fd7,prod_438a44848bc196e6d975,var_a7daae96f9b2f50dfdef,2026-05-01,59,10
inv_9658539638f53dc481c5,prod_438a44848bc196e6d975,var_164a5b158bfc49dcbc82,2026-05-01,77,3
inv_edca5d44ab6eca738b69,prod_438a44848bc196e6d975,var_d50ecabaab63713dbe3c,2026-05-01,37,14
inv_7a48218f7dea3ff8293f,prod_438a44848bc196e6d975,var_e117db91e6327b985328,2026-05-01,82,4
inv_a142bd768765f12dc742,prod_438a44848bc196e6d975,var_aeba55eb9e30673a577a,2026-05-01,51,6
inv_ff0d1f945571abd69a6a,prod_438a44848bc196e6d975,var_b5006b5f302fb3c0822b,2026-05-01,53,4
inv_2843995ec6ffdf018296,prod_438a44848bc196e6d975,var_70d6578905075ca6871b,2026-05-01,73,11
inv_6f7df7ac42676ec0c241,prod_438a44848bc196e6d975,var_6820abf40d03602f4536,2026-05-01,39,2
inv_6de4d0962d5e3123b55f,prod_438a44848bc196e6d975,var_8768929dc580179c1fad,2026-05-01,80,15
inv_321e483ea6829ebea050,prod_438a44848bc196e6d975,var_9714066032b1c68057b8,2026-05-01,54,5
inv_00302ee845d163b95287,prod_438a44848bc196e6d975,var_14bd7ed084b7132e19a3,2026-05-01,78,1
inv_4fbcf12b3873d20b8494,prod_438a44848bc196e6d975,var_b45c40adf3eb6d63798c,2026-05-01,46,9
inv_7d17fdbee591f376a2e6,prod_438a44848bc196e6d975,var_84b95c9fb4b7809f8a34,2026-05-01,63,0
inv_5d4789c0c02339eebca9,prod_438a44848bc196e6d975,var_d7120c7c2177c417b214,2026-05-01,36,8
inv_42fa280c0db977bc6426,prod_438a44848bc196e6d975,var_0b5c0ad0f1e4e8da6ed8,2026-05-01,52,7
inv_ed1b98d1ed92a66234ae,prod_0189531a36c049171820,var_ab88c6de58ee2fcdf9e4,2026-05-01,152,6
inv_eb9c66c093431e15ed26,prod_0189531a36c049171820,var_00c1c82f6d8a8b24ddf5,2026-05-01,60,15
inv_b49a737380839aac75f8,prod_0189531a36c049171820,var_ec38e216853971e3ca9c,2026-05-01,70,1
inv_f7cd4c2444b5444c543f,prod_0189531a36c049171820,var_439c19cbc3abe2d73929,2026-05-01,58,2
inv_5c9e66441e23f4e641e5,prod_0189531a36c049171820,var_6590129bf85a309d3f8f,2026-05-01,160,11
inv_d5a560d7a1f2b7186ad5,prod_0189531a36c049171820,var_6b0100cdc1ef1031469b,2026-05-01,91,7
inv_2741503bfb2cafdd6390,prod_0189531a36c049171820,var_617730612696e695ed41,2026-05-01,85,1
inv_3a0b594f6d4fba8f0a71,prod_0189531a36c049171820,var_b5d905be4efb894192b7,2026-05-01,142,13
inv_6f8a26d311fea91221ad,prod_0189531a36c049171820,var_360731b0a803c24bfd69,2026-05-01,150,17
inv_73b526ecd738b9a414e2,prod_0189531a36c049171820,var_b30af374f3e8523449d6,2026-05-01,116,1
inv_f85fd74b4280b4122af8,prod_0189531a36c049171820,var_0f3bd97c57258221527f,2026-05-01,111,4
inv_941f7582b7f8dc8a536a,prod_0189531a36c049171820,var_fcc7e2fc3cb72570cbfc,2026-05-01,67,5
inv_4d318aec8c119243f00e,prod_0189531a36c049171820,var_00df6f028ceddde26b68,2026-05-01,130,3
inv_b6436b133809e46005c6,prod_0189531a36c049171820,var_b328308955a099219aba,2026-05-01,84,4
inv_c597dc7f9c2d8d4e0194,prod_0189531a36c049171820,var_1bc3cc6be2d148f68d07,2026-05-01,67,5
inv_1dde273c260c74153bd6,prod_0189531a36c049171820,var_93c4efb5105239106e76,2026-05-01,133,17
inv_145acac4f0210874e914,prod_0189531a36c049171820,var_7657acb4edd171a3e158,2026-05-01,120,17
inv_0c9744e4ced04421b6f7,prod_0189531a36c049171820,var_7c8a95c30a2e093e0468,2026-05-01,146,14
inv_c902055fd3da288a84ed,prod_0189531a36c049171820,var_e7d27b69dfb62d802fec,2026-05-01,107,8
inv_990f3661fa8d997e64f2,prod_0189531a36c049171820,var_b9ed5b404fd99996ec9f,2026-05-01,84,18
inv_558a9f453da30d2554ea,prod_0189531a36c049171820,var_324e13c984d9aaab9604,2026-05-01,105,18
inv_bb190f8bcebced0ad658,prod_0189531a36c049171820,var_cad1bc675f38c394a994,2026-05-01,110,3
inv_7b119c09df04fddd02d7,prod_0189531a36c049171820,var_fa3dbd5a2054f66ebda8,2026-05-01,75,9
inv_eb82326597a6547d5fb4,prod_0189531a36c049171820,var_03627cfde38743cff6a4,2026-05-01,63,8
inv_7271d15432ff749b74a7,prod_0189531a36c049171820,var_22afdc3bc66d8c370224,2026-05-01,57,10
inv_d5fb8f3fad9e81760b61,prod_0189531a36c049171820,var_51f120a7b2c0d86f9a2b,2026-05-01,159,7
inv_9920ce6bf148653c1aa5,prod_0189531a36c049171820,var_65cde14be098ea1a671d,2026-05-01,135,5
inv_f27e5a59f43608617d4e,prod_0189531a36c049171820,var_3827fef61cdfb42fbde9,2026-05-01,115,15
inv_b45c2a887de63e200fd6,prod_0189531a36c049171820,var_e1d35731895df46c299d,2026-05-01,111,11
inv_b62ac556412f68af3dd0,prod_0189531a36c049171820,var_a11d1e73dd135e3f1cb9,2026-05-01,117,0
inv_5bf39aa4a7fa22f42b11,prod_4fb11ac857411bda88a4,var_77f9b98f706e27f8d8f9,2026-05-01,119,10
inv_2cee395b1f173f0c89fb,prod_4fb11ac857411bda88a4,var_fad911836ba0bc2d17e3,2026-05-01,96,14
inv_222fa1f5417bb2599afb,prod_4fb11ac857411bda88a4,var_6b4cde94e24613aa178d,2026-05-01,98,5
inv_7c76e74f8aa454480519,prod_4fb11ac857411bda88a4,var_71823e970238e186821c,2026-05-01,101,15
inv_1fb8652c237ea2c51c9b,prod_4fb11ac857411bda88a4,var_58a00b869159191e4ac9,2026-05-01,149,5
inv_d1627252fd4c29c20fb6,prod_4fb11ac857411bda88a4,var_70e1c4a0d7096208c340,2026-05-01,74,4
inv_9ff9dcc12f1ed3eaac45,prod_4fb11ac857411bda88a4,var_e49c1d617edcf65ee83c,2026-05-01,72,6
inv_ca3ba95edd6fc776906f,prod_4fb11ac857411bda88a4,var_acbadd53c4704809d846,2026-05-01,85,5
inv_690f45c19c118da711ed,prod_4fb11ac857411bda88a4,var_2683dc797f5a0706de2c,2026-05-01,75,14
inv_6ee44b657871142a79cd,prod_4fb11ac857411bda88a4,var_6bfb37f2e216be599dfb,2026-05-01,117,5
inv_56542fbc61d0b4bf879f,prod_4fb11ac857411bda88a4,var_55e00ca073f61b9775de,2026-05-01,134,0
inv_45386eb449826d90b7a1,prod_4fb11ac857411bda88a4,var_b1841532494f148dfc95,2026-05-01,64,14
inv_eeabd406e4ddf6607a29,prod_4fb11ac857411bda88a4,var_63784919911926a972c2,2026-05-01,63,13
inv_5c52377f15d337250459,prod_4fb11ac857411bda88a4,var_0c8dbcf461e87274cd44,2026-05-01,93,17
inv_4068f310fb6d3f82e773,prod_4fb11ac857411bda88a4,var_85a21cc286764b196eba,2026-05-01,151,4
inv_163c19cfb9143ecb33ba,prod_4fb11ac857411bda88a4,var_69ad1a308528a65fbf7f,2026-05-01,84,10
inv_28219cd8852f756b5e81,prod_4fb11ac857411bda88a4,var_48589628c217474fe88e,2026-05-01,91,10
inv_f73d511b49dfcafe7475,prod_4fb11ac857411bda88a4,var_78ce2ee3c901aabec73e,2026-05-01,106,8
inv_7ed83a8e6ac1572e0170,prod_4fb11ac857411bda88a4,var_94b54f7c484f05634866,2026-05-01,155,10
inv_5889e1cfc8a76bee5850,prod_4fb11ac857411bda88a4,var_fc65fa629ab0cfab4741,2026-05-01,80,13
inv_d6630ebae915b82b72d0,prod_4fb11ac857411bda88a4,var_0298ed73b20b2a58ddc3,2026-05-01,80,0
inv_476b59b11536f4db6961,prod_4fb11ac857411bda88a4,var_b9b996a2b08ed40ea006,2026-05-01,83,7
inv_4cefd08727f8a0bd0f8a,prod_4fb11ac857411bda88a4,var_97d1184949150ec3ff6c,2026-05-01,123,8
inv_16153292ff73dec0fc24,prod_4fb11ac857411bda88a4,var_9ddc10ac2aa76ca09954,2026-05-01,93,15
inv_243234439e13db08eb9c,prod_4fb11ac857411bda88a4,var_79dbcc3eddbb79b3678b,2026-05-01,126,14
inv_36df52653e6150601b0c,prod_4fb11ac857411bda88a4,var_dc811c3db2dffa2b4d77,2026-05-01,155,13
inv_3fd58d09b2e7893ed85e,prod_4fb11ac857411bda88a4,var_03e26300920b777b60ce,2026-05-01,74,12
inv_0dce70fd1c22da3e587c,prod_4fb11ac857411bda88a4,var_2f00cf3713efd884f325,2026-05-01,140,3
inv_f565cdaaf204d25a3757,prod_4fb11ac857411bda88a4,var_8d03581fc9e13826e5f0,2026-05-01,123,10
inv_80f3a7a8893b4cd09ccb,prod_4fb11ac857411bda88a4,var_8c55152214d872854644,2026-05-01,132,8
inv_27101cf73b8fc4eb4358,prod_2efa0aed0d6e67ecae58,var_53840b82f1f41986b97b,2026-05-01,128,8
inv_d96860dee72e9ac9921c,prod_2efa0aed0d6e67ecae58,var_499d2419d323a686d2c6,2026-05-01,128,8
inv_25601fee401315662955,prod_2efa0aed0d6e67ecae58,var_6dfdc29a2a61c6f5087f,2026-05-01,131,15
inv_5c7440e6d2845896f936,prod_2efa0aed0d6e67ecae58,var_64183720fcbbbd913ed0,2026-05-01,70,7
inv_8aede0884dc0bf93f674,prod_2efa0aed0d6e67ecae58,var_d045b09c714a135c2f0a,2026-05-01,69,6
inv_11a84c322e78f74d3479,prod_2efa0aed0d6e67ecae58,var_f6d3f9a9c8e4616f6c5c,2026-05-01,96,2
inv_6765575bf7672258b735,prod_2efa0aed0d6e67ecae58,var_1a3c43e3bd57b167f4c1,2026-05-01,88,2
inv_1dd0ac8624164f2e3dad,prod_2efa0aed0d6e67ecae58,var_b54607373ac7bafb02f6,2026-05-01,134,14
inv_d84d215e5d355f498741,prod_2efa0aed0d6e67ecae58,var_5414ce2508350e24da4d,2026-05-01,151,14
inv_4a7d8f6ad29bc723d668,prod_2efa0aed0d6e67ecae58,var_1e08d41c5ab96cce1ce2,2026-05-01,156,2
inv_32ff42c00f6bc7266698,prod_2efa0aed0d6e67ecae58,var_93a3c087875d45eb3101,2026-05-01,128,10
inv_c503c326fe7b7b57b66c,prod_2efa0aed0d6e67ecae58,var_e03ac89cc365fa42f93c,2026-05-01,160,7
inv_7209d60d64e2718a2024,prod_2efa0aed0d6e67ecae58,var_7696cc7d0631b8c9ee6f,2026-05-01,77,17
inv_88ab0f8745536931fbac,prod_2efa0aed0d6e67ecae58,var_0cf84000f5859801c60f,2026-05-01,153,10
inv_65353b2bf13e20d1bf86,prod_2efa0aed0d6e67ecae58,var_8031b1936b5e05c16a08,2026-05-01,104,17
inv_36dd8d596f23f86a0f1c,prod_2efa0aed0d6e67ecae58,var_3faf67b40721672e3de6,2026-05-01,100,18
inv_3249d8bdf6b2a4ee9461,prod_2efa0aed0d6e67ecae58,var_ffa3148e0ee7668d8f30,2026-05-01,87,17
inv_06baf08db0d8aa8cb0bc,prod_2efa0aed0d6e67ecae58,var_8ab4fd713004558e9200,2026-05-01,101,11
inv_5aef2e8c0068237ec225,prod_2efa0aed0d6e67ecae58,var_38d5b5f8cb87a53d650b,2026-05-01,111,18
inv_e101aeac405bab7713a4,prod_2efa0aed0d6e67ecae58,var_7563e95b2351a5fa4a08,2026-05-01,96,8
inv_640de3016f88514ab278,prod_2efa0aed0d6e67ecae58,var_ef0af573f8034823d555,2026-05-01,120,0
inv_a897d2db132e735dc4a7,prod_2efa0aed0d6e67ecae58,var_7f3a3296ffbd820f7f55,2026-05-01,159,6
inv_4cd8f183c84313560fd0,prod_2efa0aed0d6e67ecae58,var_d206780fbe564728bf65,2026-05-01,109,13
inv_2ac6b7e5a05c7570ef43,prod_2efa0aed0d6e67ecae58,var_5e478e2b39c40398fb76,2026-05-01,124,11
inv_8d6eb2351e8f93de28aa,prod_2efa0aed0d6e67ecae58,var_c5d4b04e619e436daff8,2026-05-01,131,4
inv_f005f2450d172d7fca89,prod_2efa0aed0d6e67ecae58,var_c1d92c21012faefae3f8,2026-05-01,69,0
inv_853b5c8011db2fd90463,prod_2efa0aed0d6e67ecae58,var_2a91c104878870f34df4,2026-05-01,79,13
inv_67001684b6143bbc525a,prod_2efa0aed0d6e67ecae58,var_fe046aec4c2aa733984d,2026-05-01,139,18
inv_87e11c86aefca1627270,prod_2efa0aed0d6e67ecae58,var_0072c3c72ae42a25b5f3,2026-05-01,83,10
inv_5e2f061fc3ffea2b95c3,prod_2efa0aed0d6e67ecae58,var_32173c8dbdf8eac79214,2026-05-01,113,7
inv_8678fe0eab22747313cf,prod_1aac77da65d619e6240f,var_fada642b3d793e48890b,2026-05-01,101,8
inv_218586ee226f17d89694,prod_1aac77da65d619e6240f,var_b0665991d9649a256643,2026-05-01,156,10
inv_e265da4ef311fc2f8884,prod_1aac77da65d619e6240f,var_fe1215c4f405465a502b,2026-05-01,109,3
inv_c3ee7ebea95aec14358d,prod_1aac77da65d619e6240f,var_30c9251395a079628b82,2026-05-01,119,12
inv_d7b329424d55c2634001,prod_1aac77da65d619e6240f,var_e865328517c3330f1431,2026-05-01,128,5
inv_170510102b1ba0ddfcc0,prod_1aac77da65d619e6240f,var_4ec6f48b0a97467baa73,2026-05-01,78,17
inv_0460b18f7b4d472018c6,prod_1aac77da65d619e6240f,var_9818589b07d9187961de,2026-05-01,116,16
inv_81dc777ad23e08e033cf,prod_1aac77da65d619e6240f,var_b26eea452ddb91e6275c,2026-05-01,107,7
inv_d67cfc14b857c799f4ba,prod_1aac77da65d619e6240f,var_19fa5bf87e2a73901ef4,2026-05-01,81,8
inv_2ab28592b2ab45603360,prod_1aac77da65d619e6240f,var_582d11378691a5a6e4e9,2026-05-01,89,14
inv_cea32931daf87faf1d34,prod_1aac77da65d619e6240f,var_8ec37fcdee5f1140ec55,2026-05-01,127,0
inv_e39996eb0c6f2177f5c6,prod_1aac77da65d619e6240f,var_a6767a237b512235506f,2026-05-01,87,11
inv_43b214578629c4546b1d,prod_1aac77da65d619e6240f,var_0249455f35a9dd408d40,2026-05-01,99,17
inv_fb7c668b035991a9de33,prod_1aac77da65d619e6240f,var_9d2bbbb4593860eae1c2,2026-05-01,88,6
inv_8bc084d82ae3915c290f,prod_1aac77da65d619e6240f,var_b504113d4e05f26566f9,2026-05-01,156,8
inv_edfe3b6a8c69fb9cdb37,prod_1aac77da65d619e6240f,var_19b6c0119781ca26cfab,2026-05-01,63,0
inv_a63d16e57995067e66df,prod_1aac77da65d619e6240f,var_30a71ca69a0597e20603,2026-05-01,87,0
inv_e982991255acd2377ed8,prod_1aac77da65d619e6240f,var_44f43fafea7f397d29fa,2026-05-01,152,10
inv_be40317330c4fceb71f6,prod_1aac77da65d619e6240f,var_aa467d7577abf3fbc60e,2026-05-01,115,2
inv_a858b17dbbe4ea03d596,prod_1aac77da65d619e6240f,var_b18529e43b561104e73d,2026-05-01,156,5
inv_5709c569b49f064f35fb,prod_1aac77da65d619e6240f,var_f4e84136e702c56fc319,2026-05-01,150,13
inv_4446bebdff6aae584e2b,prod_1aac77da65d619e6240f,var_811e9c78b377b4e4453c,2026-05-01,62,12
inv_d94fe7eb7811f3d4043b,prod_1aac77da65d619e6240f,var_f5ccef0575523ac6faa5,2026-05-01,126,18
inv_361cdc66fdb4bb6a9961,prod_1aac77da65d619e6240f,var_e91175ca45ab8fc349dc,2026-05-01,82,15
inv_eddd94a29fede073bc5b,prod_1aac77da65d619e6240f,var_e68010c463448ce42243,2026-05-01,89,3
inv_cc4676dce82d92e2bcc6,prod_1aac77da65d619e6240f,var_3a2e554b388bcfe86ab3,2026-05-01,60,10
inv_17f42cab09197ef21c43,prod_1aac77da65d619e6240f,var_827c52ca8f98abbcdae2,2026-05-01,135,8
inv_54656e5b5c6ef34a9939,prod_1aac77da65d619e6240f,var_11a4e26a7ab75dc78c86,2026-05-01,159,5
inv_5435e1b9f1008d001834,prod_1aac77da65d619e6240f,var_5229b1982481efd531f3,2026-05-01,107,8
inv_64649fcf30118549be31,prod_1aac77da65d619e6240f,var_3971b7f2774b1e5a316d,2026-05-01,99,13
inv_c15108fb3967edd2e125,prod_ea26883fb1deabd15141,var_c95ef6026df6ba67eec8,2026-05-01,154,14
inv_e34660d1e7b831bce0b3,prod_ea26883fb1deabd15141,var_bc45956a6234980b8431,2026-05-01,82,15
inv_9df47231f9afb2c24fd7,prod_ea26883fb1deabd15141,var_8d5d2d5c13ed45a481ad,2026-05-01,77,3
inv_c748ce0b7d02bd5c4d20,prod_ea26883fb1deabd15141,var_be2b12a3e53e8671f3d6,2026-05-01,105,8
inv_1cae78be8220c4594771,prod_ea26883fb1deabd15141,var_def87b80ab2972f8be9d,2026-05-01,118,1
inv_2e9d541b08d19c67eb8d,prod_ea26883fb1deabd15141,var_ad88e442b4ec9a747624,2026-05-01,99,10
inv_6bd4d9e00fecc1280253,prod_ea26883fb1deabd15141,var_a18ec8356e2d553dbf65,2026-05-01,103,7
inv_0f477aca293c201c05ae,prod_ea26883fb1deabd15141,var_8fe117c6a6c73be68252,2026-05-01,78,6
inv_d4ebb73c08dedf18c5dc,prod_ea26883fb1deabd15141,var_a56e028f2685d369a8a2,2026-05-01,140,8
inv_b7f71c7ae900de4850ed,prod_ebe756215bbfcde882c1,var_f9b6333510f3a2bddcce,2026-05-01,95,3
inv_5c241541ecd00876c9ea,prod_ebe756215bbfcde882c1,var_84ff60b1ac8610102053,2026-05-01,104,12
inv_f80b29016136738ca4a1,prod_ebe756215bbfcde882c1,var_0c2a56074856654cc09c,2026-05-01,157,13
inv_fde4af626e32a672cdf1,prod_ebe756215bbfcde882c1,var_54a48c4e9f5a97d29dac,2026-05-01,116,6
inv_d027a89e32e5599c593b,prod_ebe756215bbfcde882c1,var_477f71369f8ec76bae72,2026-05-01,87,2
inv_8863358058454f9eb31b,prod_ebe756215bbfcde882c1,var_1712a2d5f6a5d208055e,2026-05-01,82,3
inv_3e73efeb7239f4c3a035,prod_ebe756215bbfcde882c1,var_63071a389c1b1f57160c,2026-05-01,87,4
inv_8b4c7894f97ffa77a1fc,prod_ebe756215bbfcde882c1,var_5d625c4bbaa3b689d1db,2026-05-01,74,12
inv_52caa458d57438068a04,prod_ebe756215bbfcde882c1,var_d93959e68a9c1ed24606,2026-05-01,59,10
inv_4c4ce97872b15991f10a,prod_72dfeba4701d415d317a,var_11b9ced246c49a2a69c6,2026-05-01,83,2
inv_1581b2dfbf37fd94b8f1,prod_72dfeba4701d415d317a,var_a0b00e2faaec9758659d,2026-05-01,64,16
inv_b1cf88ea174d91069963,prod_72dfeba4701d415d317a,var_07a3825bb8e2e492b76b,2026-05-01,111,0
inv_f5ccaea8266733fb6b58,prod_72dfeba4701d415d317a,var_abf4b066285529554ec5,2026-05-01,127,15
inv_3cacc351d733b6eb7066,prod_72dfeba4701d415d317a,var_8a23a15f6866bdee9409,2026-05-01,78,14
inv_8d5c62a420d9b87aeb30,prod_72dfeba4701d415d317a,var_a4481e5f98f473cda093,2026-05-01,94,3
inv_d6374b96175c37ed81cc,prod_72dfeba4701d415d317a,var_15a5da1605c0b6e7842d,2026-05-01,95,16
inv_66bcff285abc5ec69a55,prod_72dfeba4701d415d317a,var_1a7a54f91d9a9784b173,2026-05-01,135,10
inv_72744d5429b63f21e7c8,prod_72dfeba4701d415d317a,var_c1969c0733b4dc908af7,2026-05-01,107,7
inv_08c466d3e1e58ef52d85,prod_72dfeba4701d415d317a,var_4aeb79589687b461e96f,2026-05-01,59,8
inv_0edccfaee2caffaa2e89,prod_72dfeba4701d415d317a,var_be4c5e4aeb2733383b86,2026-05-01,145,18
inv_933618531ec86ad30b10,prod_72dfeba4701d415d317a,var_e55f60ce5370c732b493,2026-05-01,109,14
inv_19258074342e3e845ccd,prod_72dfeba4701d415d317a,var_a8e55173ba8ba00fbb58,2026-05-01,69,17
inv_834a1294ae76c21ed5fd,prod_72dfeba4701d415d317a,var_9ae1b9494d9b24b6814d,2026-05-01,71,10
inv_0f02a93c8afb17867828,prod_72dfeba4701d415d317a,var_c81a94d9a15b6b760523,2026-05-01,144,12
inv_18fe766f9b8bad08a762,prod_72dfeba4701d415d317a,var_0088bda42ae04ba0e6f0,2026-05-01,98,10
inv_adc47e0cce171c03d6b9,prod_72dfeba4701d415d317a,var_261e93378c2ea03cf536,2026-05-01,140,14
inv_a0ec3794116322967329,prod_72dfeba4701d415d317a,var_3095fdb99afdb37f42a9,2026-05-01,141,18
inv_3a897f946da171a4425c,prod_72dfeba4701d415d317a,var_b93ffcc4df25b6049fd7,2026-05-01,141,8
inv_2ebb32f49cb067175dd5,prod_72dfeba4701d415d317a,var_cf614c1f8ce5ad152f86,2026-05-01,91,1
inv_0d69efdc21449bcf3fda,prod_72dfeba4701d415d317a,var_439e4a3b1ded76626bcc,2026-05-01,87,3
inv_78568775375398f8be6f,prod_72dfeba4701d415d317a,var_7a9bd3c5007019c19bfe,2026-05-01,122,4
inv_fd3a84a6878c209f25c5,prod_72dfeba4701d415d317a,var_8856a9a1708ad62e3b1d,2026-05-01,117,15
inv_192e46f7aea7f6d8ae51,prod_72dfeba4701d415d317a,var_082ccc283fa2bea80c16,2026-05-01,129,18
inv_56b32aeaed9e82e6eff3,prod_d87cfc68d1aef053d198,var_199bb1069f0216fdcbf6,2026-05-01,156,9
inv_d6a9ede63479a67b88c2,prod_d87cfc68d1aef053d198,var_7867058976a19bca1d0d,2026-05-01,115,11
inv_047fca6d2b4e3cd22409,prod_30d7a0ddc2ef16ba66b9,var_cb896475831a28934bfe,2026-05-01,92,1
inv_0a31a7bf38838e59b58a,prod_30d7a0ddc2ef16ba66b9,var_5ad21b0b072b59385182,2026-05-01,99,0
inv_f98ac2e35cfe6188d921,prod_d43b2cf8fa29d7ae9b37,var_320e93b779cc3f59b69d,2026-06-01,37,15
inv_94f66770f02e30ac5802,prod_d43b2cf8fa29d7ae9b37,var_17f58fc6b2961004e931,2026-06-01,56,3
inv_823fa4a22cdbe94d7bf9,prod_d43b2cf8fa29d7ae9b37,var_2abdb293ed839904df8a,2026-06-01,53,5
inv_fe72547f10e855042610,prod_d43b2cf8fa29d7ae9b37,var_6f0cce9478da3e151612,2026-06-01,72,2
inv_aaec4941ff0e4bdf1ef2,prod_d43b2cf8fa29d7ae9b37,var_a02a8c90a7e79350209b,2026-06-01,58,13
inv_c36dda6a7dadcab36552,prod_d43b2cf8fa29d7ae9b37,var_a63023dcf36046e5dc4e,2026-06-01,34,10
inv_29e12cb3ce5d4a1ff77e,prod_d43b2cf8fa29d7ae9b37,var_e8598f4784994d3f8438,2026-06-01,84,18
inv_30a0e2a338af44e76c8c,prod_d43b2cf8fa29d7ae9b37,var_03696f04943b92dadb38,2026-06-01,63,1
inv_b8e11080842405ae29e9,prod_d43b2cf8fa29d7ae9b37,var_01a56d62607b13a33c4e,2026-06-01,44,18
inv_7dac802d22e61bb57896,prod_d43b2cf8fa29d7ae9b37,var_5267390ff261d8c9917a,2026-06-01,84,14
inv_5a6b0eab3cbd8d13e3ce,prod_d43b2cf8fa29d7ae9b37,var_4bc34e01cda1012288f6,2026-06-01,35,7
inv_d7e529e3b95a0816028f,prod_d43b2cf8fa29d7ae9b37,var_02fb794660a1ff5b5481,2026-06-01,89,3
inv_e2fb82953092002638b0,prod_d43b2cf8fa29d7ae9b37,var_41628dba54c9c6861c9d,2026-06-01,82,3
inv_c13ce32d963b14658ecd,prod_d43b2cf8fa29d7ae9b37,var_db3c0fa83abed429ed33,2026-06-01,87,17
inv_bf78b5f765594bbaf585,prod_d43b2cf8fa29d7ae9b37,var_87fdb4d38460cd899505,2026-06-01,63,10
inv_6e60f4e75d8124e5ebff,prod_d43b2cf8fa29d7ae9b37,var_13c3ed1f6d0b19413901,2026-06-01,56,0
inv_c1c7d19f201cb505ca40,prod_d43b2cf8fa29d7ae9b37,var_22ec18309fa5f5e5288d,2026-06-01,57,14
inv_f02897d84ddf7a52f139,prod_d43b2cf8fa29d7ae9b37,var_26e0822c757ab04bd6c8,2026-06-01,62,1
inv_4248e44bf76aebd2f868,prod_d43b2cf8fa29d7ae9b37,var_d8747d212def9f4c3e80,2026-06-01,46,14
inv_22a922dc1f06fdc28f14,prod_d43b2cf8fa29d7ae9b37,var_5db963bcd8fbf81b2e05,2026-06-01,48,7
inv_767d1146a1050a59570b,prod_d43b2cf8fa29d7ae9b37,var_3cc406399bed25270f9e,2026-06-01,89,16
inv_271e307b5bb05b21fc07,prod_d43b2cf8fa29d7ae9b37,var_f3e3682f5daf474543ab,2026-06-01,59,15
inv_4dc42d4ca56dce8458af,prod_d43b2cf8fa29d7ae9b37,var_b35ae4d77d0efb3389d3,2026-06-01,62,10
inv_d32ff6045b2570b8037b,prod_d43b2cf8fa29d7ae9b37,var_caae1453b01f7b10b548,2026-06-01,42,0
inv_bc9124b9997e182a5c3d,prod_d43b2cf8fa29d7ae9b37,var_1375ba8c6f393210c436,2026-06-01,90,3
inv_4a3483815987465ff274,prod_d43b2cf8fa29d7ae9b37,var_87e530ced3270be98f36,2026-06-01,66,8
inv_dd3d9d73a81abce5e59d,prod_d43b2cf8fa29d7ae9b37,var_89efa340b18949bb9c2f,2026-06-01,70,4
inv_296330236948d0719456,prod_d43b2cf8fa29d7ae9b37,var_1281ece6b89ebbdd0340,2026-06-01,51,11
inv_b8564ac8a1ee1c295dac,prod_d43b2cf8fa29d7ae9b37,var_1fbd683f0c26c28d4200,2026-06-01,48,15
inv_9e0197973bbe20b4e6b8,prod_d43b2cf8fa29d7ae9b37,var_2cc49091108ce06c317f,2026-06-01,52,1
inv_fe53b48ba574f7b88ae3,prod_d43b2cf8fa29d7ae9b37,var_e458e9983f2d79d6ed15,2026-06-01,53,5
inv_a0cf78be07585910ea84,prod_d43b2cf8fa29d7ae9b37,var_a2c2c81c60e69fda9995,2026-06-01,80,0
inv_3c8b999efc791c59861a,prod_d43b2cf8fa29d7ae9b37,var_7d1ebbe12c99beb1f424,2026-06-01,31,7
inv_ae76357f50aa9c02afb1,prod_d43b2cf8fa29d7ae9b37,var_c313512d9379d00efca9,2026-06-01,33,1
inv_f2d8c73c6485056deee4,prod_d43b2cf8fa29d7ae9b37,var_aa050b328bd26312a85e,2026-06-01,77,2
inv_c87d3a8fa59de9d64407,prod_d43b2cf8fa29d7ae9b37,var_d3aca37c9bca975444e2,2026-06-01,81,9
inv_85b1b21c6776fffc0f73,prod_ee93d55d30addeff6954,var_70fe6fd57228fdd24400,2026-06-01,61,13
inv_14a7d01038a1d38c9fb2,prod_ee93d55d30addeff6954,var_a0efe0997b6073b5e9d5,2026-06-01,81,6
inv_bb4919aa8b19fc0fc610,prod_ee93d55d30addeff6954,var_c9ae287d0fd94aec879d,2026-06-01,54,11
inv_248ea6eb249e95869fca,prod_ee93d55d30addeff6954,var_0dc2751ef1e6063b7445,2026-06-01,70,13
inv_dae7890490f5c3b26653,prod_ee93d55d30addeff6954,var_075418ff0be5cdb7558e,2026-06-01,90,2
inv_32393aea45b656989e4c,prod_ee93d55d30addeff6954,var_422a1ef6d8410f6c318d,2026-06-01,72,16
inv_420ee2ff7e6b8d73ef20,prod_ee93d55d30addeff6954,var_0f755faccbe419124cf5,2026-06-01,88,15
inv_0e0c21ce35b87bca7f8e,prod_ee93d55d30addeff6954,var_eb2f38cea72d24acd1c4,2026-06-01,40,6
inv_ae9c4262cfc877dbf2c1,prod_ee93d55d30addeff6954,var_83bee3abddcf0fc27f98,2026-06-01,43,0
inv_cf32450aac73bfc5665d,prod_ee93d55d30addeff6954,var_23eb40a02aea71235f7f,2026-06-01,72,18
inv_feb2088fce32b8c0dbbe,prod_ee93d55d30addeff6954,var_ebb8cc29fc6683dff27c,2026-06-01,89,17
inv_2f6a440bf94f87133f90,prod_ee93d55d30addeff6954,var_269576cae5504f7beee6,2026-06-01,39,1
inv_ae9d8d131a4b38161e6f,prod_ee93d55d30addeff6954,var_9f281e7cd219f0029526,2026-06-01,70,7
inv_6db5d74586567c112896,prod_ee93d55d30addeff6954,var_acf7ad33d8cefca798db,2026-06-01,78,5
inv_5eedc74a5576890b6a71,prod_ee93d55d30addeff6954,var_0b6ca25661b3bea06ed9,2026-06-01,66,13
inv_ed83b6b4342e1006e55d,prod_ee93d55d30addeff6954,var_9d18dbed26f272d168b2,2026-06-01,80,0
inv_7603107bb8bf08965038,prod_ee93d55d30addeff6954,var_6fbe552270a22d50cfd4,2026-06-01,82,7
inv_14223e1ba161386057b6,prod_ee93d55d30addeff6954,var_7929a442006436a2f4b9,2026-06-01,63,11
inv_3826585baab0fd7b8b63,prod_ee93d55d30addeff6954,var_4859439609400df4e33c,2026-06-01,76,7
inv_179cf86ceb7edd4ae11d,prod_ee93d55d30addeff6954,var_43a5f128559af0f8f854,2026-06-01,65,11
inv_9b8a523f9a6683272acf,prod_ee93d55d30addeff6954,var_76a3d7146b323dd2a889,2026-06-01,74,18
inv_fbc8f9dc5c3bef30d1e6,prod_ee93d55d30addeff6954,var_85fb0baa8d121f327944,2026-06-01,86,11
inv_13982a1ccb10c5906273,prod_ee93d55d30addeff6954,var_b3220a2f29d9e3096a2f,2026-06-01,51,8
inv_e24c367ac650f663406e,prod_ee93d55d30addeff6954,var_2d63af5c80cedd103436,2026-06-01,74,11
inv_efd335b9a084da916499,prod_ee93d55d30addeff6954,var_2fe8bce190c7eb41dfc8,2026-06-01,57,16
inv_f8370ce56ed4c1d18954,prod_ee93d55d30addeff6954,var_1b8f63ab3f5e208113ca,2026-06-01,71,9
inv_250b07e039886b1bfd14,prod_ee93d55d30addeff6954,var_c491091d5ab7ff33db46,2026-06-01,41,11
inv_665db240116db28b0322,prod_ee93d55d30addeff6954,var_b319dcd8931c568f8dde,2026-06-01,38,15
inv_32f96f9444ea1391477f,prod_ee93d55d30addeff6954,var_8d654d633876e75e4317,2026-06-01,68,17
inv_11da653634101956d196,prod_ee93d55d30addeff6954,var_ed3640d449d418509f57,2026-06-01,54,17
inv_e87aec05fce61aec9648,prod_ee93d55d30addeff6954,var_9cd2bb280dce3fa2e76b,2026-06-01,46,12
inv_3c701c8b689149740f13,prod_ee93d55d30addeff6954,var_61a3d99f3dd57555f061,2026-06-01,69,4
inv_cace12f88eae25aa86b0,prod_ee93d55d30addeff6954,var_bd31f3105de2d7714577,2026-06-01,31,18
inv_1e4b315013f8fb263d80,prod_ee93d55d30addeff6954,var_30fe308642c7372a4c55,2026-06-01,49,3
inv_3bf85c06bf5fa66df9f3,prod_ee93d55d30addeff6954,var_1c227362843cad63ec2d,2026-06-01,51,9
inv_f7d13c0ac0b8749aa6dd,prod_ee93d55d30addeff6954,var_efeb55e5136f27ed409c,2026-06-01,44,10
inv_38cc8bba2962726fbe8a,prod_438a44848bc196e6d975,var_6255fbba1fc1f01b7ee9,2026-06-01,37,0
inv_748664f1fd16fd5979ea,prod_438a44848bc196e6d975,var_17ee5bcff06d14279787,2026-06-01,43,5
inv_df0a874a9b530cd81707,prod_438a44848bc196e6d975,var_eaa58626775f5e10787c,2026-06-01,56,1
inv_bfa6b83bfb6b0bc5fbc4,prod_438a44848bc196e6d975,var_05e312d19f2d967b02ae,2026-06-01,38,8
inv_3cae8b20d67d8a45c272,prod_438a44848bc196e6d975,var_68f5766a025554c3eaa9,2026-06-01,32,17
inv_d1504d429136e6b44d1f,prod_438a44848bc196e6d975,var_508fbb721d582106874e,2026-06-01,74,16
inv_0ebf088a9472d6f9837c,prod_438a44848bc196e6d975,var_b72377f8338f3eabe496,2026-06-01,86,14
inv_2b873a85b6c648cd84c8,prod_438a44848bc196e6d975,var_64d39327630553f2e1b9,2026-06-01,65,6
inv_2883755bd190ec2ba057,prod_438a44848bc196e6d975,var_b11b6b090279cfa04155,2026-06-01,84,1
inv_64a40e224e3f2f9c0e87,prod_438a44848bc196e6d975,var_2ea4bbd80d521a5e2104,2026-06-01,33,17
inv_25c689490cdc976c97e5,prod_438a44848bc196e6d975,var_76cac52bed832c30a5b3,2026-06-01,60,13
inv_feeb7931350cb6079cd5,prod_438a44848bc196e6d975,var_410af979ba0b61e8b1fa,2026-06-01,64,9
inv_cb34e308cba095546b62,prod_438a44848bc196e6d975,var_cca84c818b8d1dc7a408,2026-06-01,34,14
inv_7ed45fc28b0dfb0ef0d0,prod_438a44848bc196e6d975,var_b205c40ad363b680ec58,2026-06-01,45,2
inv_dbab65a56b5d278b4077,prod_438a44848bc196e6d975,var_823a189d514c6e10865d,2026-06-01,53,0
inv_6ba250d669996b2788b7,prod_438a44848bc196e6d975,var_5579d3dcd9580bd272b2,2026-06-01,75,17
inv_45b3e68d01451aabcf0c,prod_438a44848bc196e6d975,var_d1592d795041e81f6c4e,2026-06-01,53,0
inv_2a31652ea996ff46f87d,prod_438a44848bc196e6d975,var_f6a18c0e86b9ac9532f4,2026-06-01,69,6
inv_9d6a6e5daf51c3893b09,prod_438a44848bc196e6d975,var_0b2b595a7dc5b15f1c86,2026-06-01,57,7
inv_647900bc4aadd8fc4b18,prod_438a44848bc196e6d975,var_c363351edb0ceb1afad6,2026-06-01,50,12
inv_2398c43ae7ed77455361,prod_438a44848bc196e6d975,var_c87f257a229ce7eafa08,2026-06-01,37,11
inv_8461ef8249e0a7c33e9f,prod_438a44848bc196e6d975,var_a7daae96f9b2f50dfdef,2026-06-01,37,2
inv_2ec768f90c8f07a30433,prod_438a44848bc196e6d975,var_164a5b158bfc49dcbc82,2026-06-01,76,6
inv_4633fee007c0aa5553d6,prod_438a44848bc196e6d975,var_d50ecabaab63713dbe3c,2026-06-01,39,16
inv_1ee1a8630ca243151f13,prod_438a44848bc196e6d975,var_e117db91e6327b985328,2026-06-01,87,8
inv_b77887a272d4249c0196,prod_438a44848bc196e6d975,var_aeba55eb9e30673a577a,2026-06-01,77,12
inv_58735c5874e758e5e83f,prod_438a44848bc196e6d975,var_b5006b5f302fb3c0822b,2026-06-01,78,0
inv_9d5928e80ca9d25b81f8,prod_438a44848bc196e6d975,var_70d6578905075ca6871b,2026-06-01,62,17
inv_e489d21e296f614cca1a,prod_438a44848bc196e6d975,var_6820abf40d03602f4536,2026-06-01,77,9
inv_10ca1eef7d02a4bf7e6f,prod_438a44848bc196e6d975,var_8768929dc580179c1fad,2026-06-01,86,12
inv_90a5bb8c5fa7d878fd87,prod_438a44848bc196e6d975,var_9714066032b1c68057b8,2026-06-01,56,14
inv_934f6544b1f5abf16872,prod_438a44848bc196e6d975,var_14bd7ed084b7132e19a3,2026-06-01,33,9
inv_f7890ee6cc032ac69607,prod_438a44848bc196e6d975,var_b45c40adf3eb6d63798c,2026-06-01,77,8
inv_b3372f936ff7b14c3e87,prod_438a44848bc196e6d975,var_84b95c9fb4b7809f8a34,2026-06-01,39,6
inv_c9b8cd92793cbe354119,prod_438a44848bc196e6d975,var_d7120c7c2177c417b214,2026-06-01,57,16
inv_fdd25f729d66370be548,prod_438a44848bc196e6d975,var_0b5c0ad0f1e4e8da6ed8,2026-06-01,40,18
inv_5a06ddcdf8e902a1be39,prod_0189531a36c049171820,var_ab88c6de58ee2fcdf9e4,2026-06-01,81,16
inv_8a59bdca683161632493,prod_0189531a36c049171820,var_00c1c82f6d8a8b24ddf5,2026-06-01,91,16
inv_86dd78a14b68450fd5ed,prod_0189531a36c049171820,var_ec38e216853971e3ca9c,2026-06-01,69,14
inv_b138ab94c00f10b0ff68,prod_0189531a36c049171820,var_439c19cbc3abe2d73929,2026-06-01,111,14
inv_88c7e390fe78c2e3b005,prod_0189531a36c049171820,var_6590129bf85a309d3f8f,2026-06-01,100,0
inv_adf3e042b1eee54d77e9,prod_0189531a36c049171820,var_6b0100cdc1ef1031469b,2026-06-01,130,8
inv_bd2e0ce638c3cecb7a08,prod_0189531a36c049171820,var_617730612696e695ed41,2026-06-01,77,17
inv_2cf337cca705a1af8525,prod_0189531a36c049171820,var_b5d905be4efb894192b7,2026-06-01,60,2
inv_41a4af2a7897f4810c4a,prod_0189531a36c049171820,var_360731b0a803c24bfd69,2026-06-01,105,8
inv_50d6d0e4d85b2243d200,prod_0189531a36c049171820,var_b30af374f3e8523449d6,2026-06-01,124,5
inv_46b88b17805f516bbf4b,prod_0189531a36c049171820,var_0f3bd97c57258221527f,2026-06-01,71,10
inv_a48fb8e4121d1c985d6e,prod_0189531a36c049171820,var_fcc7e2fc3cb72570cbfc,2026-06-01,68,6
inv_a0e5b658296c21bff9d4,prod_0189531a36c049171820,var_00df6f028ceddde26b68,2026-06-01,63,3
inv_e811e37c46943de0aa80,prod_0189531a36c049171820,var_b328308955a099219aba,2026-06-01,94,7
inv_2cdfb21c31ab0f90472c,prod_0189531a36c049171820,var_1bc3cc6be2d148f68d07,2026-06-01,81,7
inv_a390305731e5c578e2ce,prod_0189531a36c049171820,var_93c4efb5105239106e76,2026-06-01,86,9
inv_c12ec5d3b11afdeb0488,prod_0189531a36c049171820,var_7657acb4edd171a3e158,2026-06-01,84,4
inv_aae561583f63e19b9eb7,prod_0189531a36c049171820,var_7c8a95c30a2e093e0468,2026-06-01,121,17
inv_9f9800d06da3dd3d8b07,prod_0189531a36c049171820,var_e7d27b69dfb62d802fec,2026-06-01,118,2
inv_2739bf95ef8cf83e72f0,prod_0189531a36c049171820,var_b9ed5b404fd99996ec9f,2026-06-01,89,5
inv_fc3402995a5e0aeee104,prod_0189531a36c049171820,var_324e13c984d9aaab9604,2026-06-01,112,3
inv_39431348cccbad73779c,prod_0189531a36c049171820,var_cad1bc675f38c394a994,2026-06-01,65,11
inv_e8911be4452ef76bbee1,prod_0189531a36c049171820,var_fa3dbd5a2054f66ebda8,2026-06-01,60,0
inv_edf0ff8e2b4f4867d3fd,prod_0189531a36c049171820,var_03627cfde38743cff6a4,2026-06-01,127,18
inv_9204ad4b7055f9001572,prod_0189531a36c049171820,var_22afdc3bc66d8c370224,2026-06-01,89,3
inv_9722502f513d6abf02a8,prod_0189531a36c049171820,var_51f120a7b2c0d86f9a2b,2026-06-01,141,9
inv_c5027ba13c5de37fde5a,prod_0189531a36c049171820,var_65cde14be098ea1a671d,2026-06-01,64,13
inv_e175fe20c8a86c9710cb,prod_0189531a36c049171820,var_3827fef61cdfb42fbde9,2026-06-01,79,17
inv_4f65e30ee04ff14c80b0,prod_0189531a36c049171820,var_e1d35731895df46c299d,2026-06-01,63,5
inv_ffaced3a332761017970,prod_0189531a36c049171820,var_a11d1e73dd135e3f1cb9,2026-06-01,127,0
inv_f96b708e3d1c73f9795c,prod_4fb11ac857411bda88a4,var_77f9b98f706e27f8d8f9,2026-06-01,145,15
inv_9d5512559be96626f04b,prod_4fb11ac857411bda88a4,var_fad911836ba0bc2d17e3,2026-06-01,78,0
inv_845ed83a0e34a000e984,prod_4fb11ac857411bda88a4,var_6b4cde94e24613aa178d,2026-06-01,78,3
inv_c794ca7593c253f8856d,prod_4fb11ac857411bda88a4,var_71823e970238e186821c,2026-06-01,119,18
inv_66cf81106221ec9e81ac,prod_4fb11ac857411bda88a4,var_58a00b869159191e4ac9,2026-06-01,115,12
inv_7a9ec99a41d5da9b2f28,prod_4fb11ac857411bda88a4,var_70e1c4a0d7096208c340,2026-06-01,77,14
inv_c29bf772f06a33fbb6fc,prod_4fb11ac857411bda88a4,var_e49c1d617edcf65ee83c,2026-06-01,121,5
inv_f95639072599e7e0cfa1,prod_4fb11ac857411bda88a4,var_acbadd53c4704809d846,2026-06-01,91,14
inv_26fc4dd5f0b5b860be67,prod_4fb11ac857411bda88a4,var_2683dc797f5a0706de2c,2026-06-01,147,9
inv_eb696bd3fadf1d874b97,prod_4fb11ac857411bda88a4,var_6bfb37f2e216be599dfb,2026-06-01,151,18
inv_a636f6850df0e49342fa,prod_4fb11ac857411bda88a4,var_55e00ca073f61b9775de,2026-06-01,61,11
inv_6e250e0603f91515fbca,prod_4fb11ac857411bda88a4,var_b1841532494f148dfc95,2026-06-01,67,8
inv_26740a4d1f54bd91c1b1,prod_4fb11ac857411bda88a4,var_63784919911926a972c2,2026-06-01,88,5
inv_13d813e56cb7785eea03,prod_4fb11ac857411bda88a4,var_0c8dbcf461e87274cd44,2026-06-01,75,1
inv_5f13c0c68622c46d874f,prod_4fb11ac857411bda88a4,var_85a21cc286764b196eba,2026-06-01,66,18
inv_bc8322417e6a266c9386,prod_4fb11ac857411bda88a4,var_69ad1a308528a65fbf7f,2026-06-01,90,7
inv_c5d002eef466dfc5059c,prod_4fb11ac857411bda88a4,var_48589628c217474fe88e,2026-06-01,140,15
inv_f7599b37452cc613cff7,prod_4fb11ac857411bda88a4,var_78ce2ee3c901aabec73e,2026-06-01,119,12
inv_eb3c7637d136f2aa8f8d,prod_4fb11ac857411bda88a4,var_94b54f7c484f05634866,2026-06-01,125,1
inv_07d2c182881d71048ba4,prod_4fb11ac857411bda88a4,var_fc65fa629ab0cfab4741,2026-06-01,120,10
inv_29f311176d3c66f18ced,prod_4fb11ac857411bda88a4,var_0298ed73b20b2a58ddc3,2026-06-01,128,0
inv_439a5c0cd09d7c0a8483,prod_4fb11ac857411bda88a4,var_b9b996a2b08ed40ea006,2026-06-01,114,17
inv_0744f306f450ecc54e50,prod_4fb11ac857411bda88a4,var_97d1184949150ec3ff6c,2026-06-01,155,5
inv_dbb2c25e59db8d1c0a02,prod_4fb11ac857411bda88a4,var_9ddc10ac2aa76ca09954,2026-06-01,83,5
inv_9a7d8b7904eadd77625b,prod_4fb11ac857411bda88a4,var_79dbcc3eddbb79b3678b,2026-06-01,130,11
inv_70d3fc1aa023fec8b5a0,prod_4fb11ac857411bda88a4,var_dc811c3db2dffa2b4d77,2026-06-01,105,12
inv_dcbe803a10d9ed757832,prod_4fb11ac857411bda88a4,var_03e26300920b777b60ce,2026-06-01,131,6
inv_c90a6a896d4f8b30a496,prod_4fb11ac857411bda88a4,var_2f00cf3713efd884f325,2026-06-01,77,7
inv_a7d8659eb24bfc4f9915,prod_4fb11ac857411bda88a4,var_8d03581fc9e13826e5f0,2026-06-01,111,13
inv_db796ba321c10805eac2,prod_4fb11ac857411bda88a4,var_8c55152214d872854644,2026-06-01,147,16
inv_3eec38a9a8d5ba15f0e2,prod_2efa0aed0d6e67ecae58,var_53840b82f1f41986b97b,2026-06-01,56,9
inv_ef82a6bc23aeca8f2d37,prod_2efa0aed0d6e67ecae58,var_499d2419d323a686d2c6,2026-06-01,154,5
inv_391b5c35cecabb6cfa39,prod_2efa0aed0d6e67ecae58,var_6dfdc29a2a61c6f5087f,2026-06-01,113,1
inv_e18757aff176b185a24f,prod_2efa0aed0d6e67ecae58,var_64183720fcbbbd913ed0,2026-06-01,153,4
inv_bc3e9eb2d1d8a8d071d1,prod_2efa0aed0d6e67ecae58,var_d045b09c714a135c2f0a,2026-06-01,110,10
inv_8ba34d0a79074087b99a,prod_2efa0aed0d6e67ecae58,var_f6d3f9a9c8e4616f6c5c,2026-06-01,133,11
inv_70f61c654f88ec1084b3,prod_2efa0aed0d6e67ecae58,var_1a3c43e3bd57b167f4c1,2026-06-01,143,17
inv_e332c820e299a57aaa2c,prod_2efa0aed0d6e67ecae58,var_b54607373ac7bafb02f6,2026-06-01,70,6
inv_97fd91ada0f049741f0a,prod_2efa0aed0d6e67ecae58,var_5414ce2508350e24da4d,2026-06-01,113,1
inv_5340c03d64adaf36e673,prod_2efa0aed0d6e67ecae58,var_1e08d41c5ab96cce1ce2,2026-06-01,77,6
inv_b623705f23a63712b39f,prod_2efa0aed0d6e67ecae58,var_93a3c087875d45eb3101,2026-06-01,73,0
inv_5a331ec6dd67cb9ef873,prod_2efa0aed0d6e67ecae58,var_e03ac89cc365fa42f93c,2026-06-01,62,2
inv_acc578b8dcfe5387c618,prod_2efa0aed0d6e67ecae58,var_7696cc7d0631b8c9ee6f,2026-06-01,72,12
inv_6579e25c66a2c3aed6d4,prod_2efa0aed0d6e67ecae58,var_0cf84000f5859801c60f,2026-06-01,133,4
inv_d3817286dd46ab39faf0,prod_2efa0aed0d6e67ecae58,var_8031b1936b5e05c16a08,2026-06-01,92,12
inv_196ac300c6f969412742,prod_2efa0aed0d6e67ecae58,var_3faf67b40721672e3de6,2026-06-01,139,14
inv_1be2eaf663f559b201d8,prod_2efa0aed0d6e67ecae58,var_ffa3148e0ee7668d8f30,2026-06-01,82,14
inv_ae3643f938843f4a554f,prod_2efa0aed0d6e67ecae58,var_8ab4fd713004558e9200,2026-06-01,129,5
inv_c1176039e3604213d5f8,prod_2efa0aed0d6e67ecae58,var_38d5b5f8cb87a53d650b,2026-06-01,96,1
inv_2c486adfaf097d0521e3,prod_2efa0aed0d6e67ecae58,var_7563e95b2351a5fa4a08,2026-06-01,68,2
inv_dd21a0de1c6a9c14feb1,prod_2efa0aed0d6e67ecae58,var_ef0af573f8034823d555,2026-06-01,104,13
inv_3f4aa9e805410b97ff7e,prod_2efa0aed0d6e67ecae58,var_7f3a3296ffbd820f7f55,2026-06-01,131,1
inv_d2b1aeb17bd931a064c3,prod_2efa0aed0d6e67ecae58,var_d206780fbe564728bf65,2026-06-01,123,13
inv_60764451f21ec962f634,prod_2efa0aed0d6e67ecae58,var_5e478e2b39c40398fb76,2026-06-01,112,9
inv_e599a400b5895d8cc433,prod_2efa0aed0d6e67ecae58,var_c5d4b04e619e436daff8,2026-06-01,152,3
inv_c405df59f8125f02e2b9,prod_2efa0aed0d6e67ecae58,var_c1d92c21012faefae3f8,2026-06-01,149,10
inv_07f4273f4ee7461224ad,prod_2efa0aed0d6e67ecae58,var_2a91c104878870f34df4,2026-06-01,137,1
inv_c504bf24c86de4446e26,prod_2efa0aed0d6e67ecae58,var_fe046aec4c2aa733984d,2026-06-01,108,12
inv_3444e2edfaf3f6dc4faa,prod_2efa0aed0d6e67ecae58,var_0072c3c72ae42a25b5f3,2026-06-01,127,4
inv_13c10207d6b99bdf7d28,prod_2efa0aed0d6e67ecae58,var_32173c8dbdf8eac79214,2026-06-01,61,2
inv_0fe5f7da614fe7f436b2,prod_1aac77da65d619e6240f,var_fada642b3d793e48890b,2026-06-01,133,2
inv_18476ea1e3996a5640a5,prod_1aac77da65d619e6240f,var_b0665991d9649a256643,2026-06-01,106,2
inv_cdb9b748c9dcdb514dc7,prod_1aac77da65d619e6240f,var_fe1215c4f405465a502b,2026-06-01,134,14
inv_c25d4b7eca94222f8541,prod_1aac77da65d619e6240f,var_30c9251395a079628b82,2026-06-01,156,1
inv_292e0d8b0d61f1192ac3,prod_1aac77da65d619e6240f,var_e865328517c3330f1431,2026-06-01,127,12
inv_4ca0023dcad250abb89b,prod_1aac77da65d619e6240f,var_4ec6f48b0a97467baa73,2026-06-01,159,10
inv_eb6a47d9ac8514da7a9c,prod_1aac77da65d619e6240f,var_9818589b07d9187961de,2026-06-01,142,10
inv_ecb55b653c818bf86163,prod_1aac77da65d619e6240f,var_b26eea452ddb91e6275c,2026-06-01,70,6
inv_66fd6b9747d0826bbb8b,prod_1aac77da65d619e6240f,var_19fa5bf87e2a73901ef4,2026-06-01,77,18
inv_4abf2e29090dd75fe4f9,prod_1aac77da65d619e6240f,var_582d11378691a5a6e4e9,2026-06-01,149,16
inv_c3d17792add8425db068,prod_1aac77da65d619e6240f,var_8ec37fcdee5f1140ec55,2026-06-01,122,1
inv_74b86fab488f2e4144fa,prod_1aac77da65d619e6240f,var_a6767a237b512235506f,2026-06-01,140,2
inv_f49f62b9a156c03a452d,prod_1aac77da65d619e6240f,var_0249455f35a9dd408d40,2026-06-01,76,6
inv_7969869857a183262ab1,prod_1aac77da65d619e6240f,var_9d2bbbb4593860eae1c2,2026-06-01,115,10
inv_46052f55d2923b3c2c0f,prod_1aac77da65d619e6240f,var_b504113d4e05f26566f9,2026-06-01,121,0
inv_9a433a552cd98e35ab3a,prod_1aac77da65d619e6240f,var_19b6c0119781ca26cfab,2026-06-01,155,10
inv_3f30e887f08020b40c00,prod_1aac77da65d619e6240f,var_30a71ca69a0597e20603,2026-06-01,75,6
inv_41b76b3042c73355396a,prod_1aac77da65d619e6240f,var_44f43fafea7f397d29fa,2026-06-01,72,7
inv_2bea10294048043b9fae,prod_1aac77da65d619e6240f,var_aa467d7577abf3fbc60e,2026-06-01,98,6
inv_d7e0cfdae43dd23b812e,prod_1aac77da65d619e6240f,var_b18529e43b561104e73d,2026-06-01,91,11
inv_961a51710c1a8afe8b3f,prod_1aac77da65d619e6240f,var_f4e84136e702c56fc319,2026-06-01,142,1
inv_2dd9d50e4d959ecfe44a,prod_1aac77da65d619e6240f,var_811e9c78b377b4e4453c,2026-06-01,85,0
inv_cbfead3b6178b6f2ab83,prod_1aac77da65d619e6240f,var_f5ccef0575523ac6faa5,2026-06-01,61,13
inv_26d4974c182746b5ec29,prod_1aac77da65d619e6240f,var_e91175ca45ab8fc349dc,2026-06-01,154,3
inv_8a0bba55ef05bce1f1cc,prod_1aac77da65d619e6240f,var_e68010c463448ce42243,2026-06-01,100,13
inv_385ae779886f41d8989e,prod_1aac77da65d619e6240f,var_3a2e554b388bcfe86ab3,2026-06-01,142,14
inv_6b9b271cf5ef23f2126b,prod_1aac77da65d619e6240f,var_827c52ca8f98abbcdae2,2026-06-01,160,9
inv_2c2c6846c18c8f897f2e,prod_1aac77da65d619e6240f,var_11a4e26a7ab75dc78c86,2026-06-01,70,12
inv_5647d89a8e07e2007dfc,prod_1aac77da65d619e6240f,var_5229b1982481efd531f3,2026-06-01,131,9
inv_a0224f407981add7eca4,prod_1aac77da65d619e6240f,var_3971b7f2774b1e5a316d,2026-06-01,122,14
inv_6443bc66d916ebc6008e,prod_ea26883fb1deabd15141,var_c95ef6026df6ba67eec8,2026-06-01,77,15
inv_65651a71998d95ce41a0,prod_ea26883fb1deabd15141,var_bc45956a6234980b8431,2026-06-01,134,15
inv_03144e50b7726cd1396f,prod_ea26883fb1deabd15141,var_8d5d2d5c13ed45a481ad,2026-06-01,148,8
inv_57c800b7b3b9d1872b15,prod_ea26883fb1deabd15141,var_be2b12a3e53e8671f3d6,2026-06-01,140,9
inv_fd2b73e1abff97fd0a50,prod_ea26883fb1deabd15141,var_def87b80ab2972f8be9d,2026-06-01,59,0
inv_e7b4d26541f5dc490522,prod_ea26883fb1deabd15141,var_ad88e442b4ec9a747624,2026-06-01,79,14
inv_be4599e99e73c1525224,prod_ea26883fb1deabd15141,var_a18ec8356e2d553dbf65,2026-06-01,92,18
inv_491dc81a3ebaf586576c,prod_ea26883fb1deabd15141,var_8fe117c6a6c73be68252,2026-06-01,76,18
inv_5d2d91b8b5de701652da,prod_ea26883fb1deabd15141,var_a56e028f2685d369a8a2,2026-06-01,59,3
inv_d017753f150a759839dd,prod_ebe756215bbfcde882c1,var_f9b6333510f3a2bddcce,2026-06-01,61,8
inv_8f94d3ea0676b9d1f564,prod_ebe756215bbfcde882c1,var_84ff60b1ac8610102053,2026-06-01,96,6
inv_8c582bd3b37697c225d7,prod_ebe756215bbfcde882c1,var_0c2a56074856654cc09c,2026-06-01,115,0
inv_0e0875acd4dd758b6fe6,prod_ebe756215bbfcde882c1,var_54a48c4e9f5a97d29dac,2026-06-01,68,17
inv_3c0694ecfea3556ce585,prod_ebe756215bbfcde882c1,var_477f71369f8ec76bae72,2026-06-01,114,16
inv_a2fc2ae74f362224865d,prod_ebe756215bbfcde882c1,var_1712a2d5f6a5d208055e,2026-06-01,102,17
inv_2377d033881963c72fd3,prod_ebe756215bbfcde882c1,var_63071a389c1b1f57160c,2026-06-01,85,6
inv_c39935a87441a82676fe,prod_ebe756215bbfcde882c1,var_5d625c4bbaa3b689d1db,2026-06-01,64,0
inv_5a8725a851703073fbce,prod_ebe756215bbfcde882c1,var_d93959e68a9c1ed24606,2026-06-01,104,8
inv_4ab920d4fd568d7f6849,prod_72dfeba4701d415d317a,var_11b9ced246c49a2a69c6,2026-06-01,148,16
inv_1be6c13d8dd27fd03e1d,prod_72dfeba4701d415d317a,var_a0b00e2faaec9758659d,2026-06-01,93,2
inv_82435439d0b3d54730cc,prod_72dfeba4701d415d317a,var_07a3825bb8e2e492b76b,2026-06-01,78,4
inv_8c413e3b79f095a5aba0,prod_72dfeba4701d415d317a,var_abf4b066285529554ec5,2026-06-01,103,1
inv_fd8bcc20dd9117df5822,prod_72dfeba4701d415d317a,var_8a23a15f6866bdee9409,2026-06-01,155,13
inv_fc6159fdfce3d9cdbdb8,prod_72dfeba4701d415d317a,var_a4481e5f98f473cda093,2026-06-01,93,18
inv_8a1083dbab0e8a1c32a9,prod_72dfeba4701d415d317a,var_15a5da1605c0b6e7842d,2026-06-01,71,6
inv_5bd033a370f4bdbce572,prod_72dfeba4701d415d317a,var_1a7a54f91d9a9784b173,2026-06-01,91,5
inv_7312b6063732a26f1eff,prod_72dfeba4701d415d317a,var_c1969c0733b4dc908af7,2026-06-01,83,0
inv_3ec4736712a2e131da97,prod_72dfeba4701d415d317a,var_4aeb79589687b461e96f,2026-06-01,89,6
inv_ea46419467b85460e932,prod_72dfeba4701d415d317a,var_be4c5e4aeb2733383b86,2026-06-01,56,11
inv_719649934bf7f1853b6e,prod_72dfeba4701d415d317a,var_e55f60ce5370c732b493,2026-06-01,136,4
inv_a5e70427fc319741e1bf,prod_72dfeba4701d415d317a,var_a8e55173ba8ba00fbb58,2026-06-01,57,5
inv_93c2acb015a4edfb3950,prod_72dfeba4701d415d317a,var_9ae1b9494d9b24b6814d,2026-06-01,153,4
inv_a7354af8fad522c631e2,prod_72dfeba4701d415d317a,var_c81a94d9a15b6b760523,2026-06-01,133,8
inv_1cd394fa9f51edb464a8,prod_72dfeba4701d415d317a,var_0088bda42ae04ba0e6f0,2026-06-01,56,0
inv_bd46234f713035d08724,prod_72dfeba4701d415d317a,var_261e93378c2ea03cf536,2026-06-01,111,5
inv_312c01171f9c5e4ce524,prod_72dfeba4701d415d317a,var_3095fdb99afdb37f42a9,2026-06-01,72,5
inv_380d13488fed483ae614,prod_72dfeba4701d415d317a,var_b93ffcc4df25b6049fd7,2026-06-01,140,0
inv_4422aa22e48de6075599,prod_72dfeba4701d415d317a,var_cf614c1f8ce5ad152f86,2026-06-01,102,10
inv_6bff55d2e058fe7ce838,prod_72dfeba4701d415d317a,var_439e4a3b1ded76626bcc,2026-06-01,148,15
inv_5264c7350c2b40978b38,prod_72dfeba4701d415d317a,var_7a9bd3c5007019c19bfe,2026-06-01,66,5
inv_84c51621a2ba9a8b3193,prod_72dfeba4701d415d317a,var_8856a9a1708ad62e3b1d,2026-06-01,87,8
inv_567061d4d372ac1b3d1c,prod_72dfeba4701d415d317a,var_082ccc283fa2bea80c16,2026-06-01,120,10
inv_bda644b2f31aef4282e1,prod_d87cfc68d1aef053d198,var_199bb1069f0216fdcbf6,2026-06-01,96,2
inv_1f1b8588580e71031525,prod_d87cfc68d1aef053d198,var_7867058976a19bca1d0d,2026-06-01,82,15
inv_782028acb5a49d73a9c5,prod_30d7a0ddc2ef16ba66b9,var_cb896475831a28934bfe,2026-06-01,80,18
inv_c24b5d0210dcd7436f61,prod_30d7a0ddc2ef16ba66b9,var_5ad21b0b072b59385182,2026-06-01,152,10
