id,customer_id,email,first_name,last_name,consent_status,created_at
kprof_0d77b6e9e5054472d9a6,cust_821bda0bd0aa72b0d0eb,morgan.allen.1665@example.com,Morgan,Allen,subscribed,2025-11-02T09:19:18.000Z
kprof_7f3618c2e36e5ce38eba,cust_edde5d2a731c52e35c5f,miles.patel.6423@example.com,Miles,Patel,subscribed,2025-11-02T12:50:47.000Z
kprof_96d6998a6673012eb26b,cust_08c02d00dfdc24dd866c,evan.miller.7152@example.com,Evan,Miller,subscribed,2025-11-02T13:34:50.000Z
kprof_106a88eef81f9fef4ede,cust_1333e0bee295f984813d,lena.walker.4134@example.com,Lena,Walker,subscribed,2025-11-02T22:19:24.000Z
kprof_3db30e130fa3e4ac26f1,cust_21959317a9e84530421a,jamie.walker.4568@example.com,Jamie,Walker,subscribed,2025-11-03T07:34:56.000Z
kprof_07be8c3ae0da4ef9cead,cust_432ec66e6e818d95ccf6,priya.johnson.4728@example.com,Priya,Johnson,subscribed,2025-11-03T17:21:17.000Z
kprof_c011c7e60d1d138fc297,cust_cdf9e06f23e0c5d542fd,noah.walker.2946@example.com,Noah,Walker,subscribed,2025-11-03T17:40:36.000Z
kprof_aa807935e0384545a40a,cust_8dd5f6a6536813b8e2a6,drew.miller.3671@example.com,Drew,Miller,subscribed,2025-11-03T23:25:06.000Z
kprof_e44e0a00c0e3bdf3fcef,cust_ecd2ea37dc9ba4b26584,priya.clark.8595@example.com,Priya,Clark,subscribed,2025-11-04T06:53:49.000Z
kprof_dbd598c581fcc3bf6ebc,cust_f8699acf22e8e7b69243,taylor.hall.6486@example.com,Taylor,Hall,subscribed,2025-11-04T12:03:13.000Z
kprof_3d15f786ef5e1299b262,cust_589f8fec2ed470e6aa9b,drew.walker.5127@example.com,Drew,Walker,subscribed,2025-11-04T12:48:51.000Z
kprof_487f67a2c6f5a6dc279b,cust_8a1354d33d0acff52b54,casey.hall.4198@example.com,Casey,Hall,subscribed,2025-11-05T10:07:12.000Z
kprof_b61c7f4ea8d2e7497059,cust_1f0f8e583f1bbde338c6,sofia.smith.2450@example.com,Sofia,Smith,subscribed,2025-11-05T13:16:58.000Z
kprof_b9d80533b071cebf5313,cust_ac438756e3abf72024b7,evan.miller.3288@example.com,Evan,Miller,subscribed,2025-11-05T14:28:46.000Z
kprof_4d04ece6b1d2bc71a84c,cust_e9d3394d91f9b01e95fc,cameron.miller.6036@example.com,Cameron,Miller,subscribed,2025-11-05T15:04:42.000Z
kprof_5200c82f1e0083e1d1c8,cust_91785414ac14ff0da4cb,cameron.allen.3186@example.com,Cameron,Allen,unsubscribed,2025-11-05T20:45:28.000Z
kprof_d7f354f667c8f4793e04,cust_d162b656ab43795dab0a,riley.kim.6528@example.com,Riley,Kim,subscribed,2025-11-06T17:38:48.000Z
kprof_6f882893ea6c9d0e5f77,cust_ad354e967cd48965cb87,nora.wright.6335@example.com,Nora,Wright,subscribed,2025-11-06T19:43:47.000Z
kprof_abb14b13323d82bf8467,cust_2bf7aaf3a103bb0ab66c,drew.lee.4841@example.com,Drew,Lee,subscribed,2025-11-06T23:54:10.000Z
kprof_2992d86c6f2e086572a3,cust_efbbc1d5552bef54395f,jordan.nguyen.4128@example.com,Jordan,Nguyen,subscribed,2025-11-07T08:05:51.000Z
kprof_c785762747fd1926fc68,cust_e86f24a668d1f41b8ec6,nora.wilson.8759@example.com,Nora,Wilson,subscribed,2025-11-07T12:47:47.000Z
kprof_d7ef5896a853ac304fc6,cust_436d95cbd9e7fa5558a7,noah.martinez.1610@example.com,Noah,Martinez,subscribed,2025-11-07T13:20:49.000Z
kprof_fa268ffbd394dd669b0b,cust_f62ea95a6d2d90d94e03,cameron.clark.8744@example.com,Cameron,Clark,subscribed,2025-11-07T14:36:52.000Z
kprof_7288557a88e4ba20d434,cust_e6a5771d24ba675dcf96,theo.clark.5776@example.com,Theo,Clark,subscribed,2025-11-07T14:57:03.000Z
kprof_360e21b785bc9f783888,cust_16fcce8bad58452d4d48,alex.brown.5478@example.com,Alex,Brown,subscribed,2025-11-07T15:48:47.000Z
kprof_7eb1e58d6f08ba44005d,cust_ceea63936b766282dbd4,noah.miller.7288@example.com,Noah,Miller,subscribed,2025-11-08T12:02:41.000Z
kprof_accd233feace1d737469,cust_9b28ab6acc6d0429690f,iris.clark.3387@example.com,Iris,Clark,subscribed,2025-11-08T17:35:54.000Z
kprof_b729e05b2f7a8276e999,cust_b53babc7d1a2435f5c82,theo.hall.498@example.com,Theo,Hall,subscribed,2025-11-09T09:43:26.000Z
kprof_6663840b9fd3cb494f03,cust_e91d3272d04798f95e90,miles.johnson.6855@example.com,Miles,Johnson,subscribed,2025-11-09T13:01:45.000Z
kprof_3a6d63bdefd1230ac574,cust_6c227de683c3e7e75d77,evan.lewis.9116@example.com,Evan,Lewis,subscribed,2025-11-09T13:36:02.000Z
kprof_258890362ab7b04e577e,cust_7b79498fd91d0e656b43,nora.lewis.7205@example.com,Nora,Lewis,subscribed,2025-11-09T15:31:28.000Z
kprof_3449886389a762c80743,cust_614b3290fb15d191aa72,taylor.clark.165@example.com,Taylor,Clark,subscribed,2025-11-10T10:31:27.000Z
kprof_6aff4d371660c0096b75,cust_1163a09a5d8d71331cb2,evan.clark.4279@example.com,Evan,Clark,unsubscribed,2025-11-11T07:51:41.000Z
kprof_1117c5caf87525555162,cust_95777750976fa9c4ce7e,taylor.patel.710@example.com,Taylor,Patel,subscribed,2025-11-11T10:20:35.000Z
kprof_a7079025d622202d7bba,cust_60d60d9117cc179601c2,morgan.johnson.2944@example.com,Morgan,Johnson,subscribed,2025-11-11T11:28:52.000Z
kprof_a42190bb8fb0dafbc40b,cust_c15c61df386722731135,morgan.anderson.4172@example.com,Morgan,Anderson,subscribed,2025-11-11T17:48:28.000Z
kprof_af7e2834f310ff89beda,cust_44dbb037937b86200334,nora.nguyen.1191@example.com,Nora,Nguyen,subscribed,2025-11-12T14:03:24.000Z
kprof_8fad470dfcf4195bec66,cust_3f8529347d90a51ab98b,cameron.davis.4485@example.com,Cameron,Davis,subscribed,2025-11-12T15:16:46.000Z
kprof_6ea9a92310a40117f5bd,cust_5a98548beb3f17d9a300,iris.wilson.7930@example.com,Iris,Wilson,subscribed,2025-11-12T18:08:18.000Z
kprof_ffaf28abcd1ae89d159a,cust_0ed64bee6dcaf435a450,morgan.wright.5279@example.com,Morgan,Wright,subscribed,2025-11-12T23:26:05.000Z
kprof_e7537c3662fb5c02d6a5,cust_8fc5b70337426947f216,taylor.lee.7457@example.com,Taylor,Lee,subscribed,2025-11-13T12:38:39.000Z
kprof_1c08c2c3ba557df146fb,cust_9b0c7598f1c91b2c5c57,noah.davis.433@example.com,Noah,Davis,subscribed,2025-11-13T19:06:39.000Z
kprof_607c1dbc9ace2db62fe3,cust_df8b17a066e66de22bd1,morgan.garcia.2650@example.com,Morgan,Garcia,subscribed,2025-11-14T10:20:55.000Z
kprof_b5f2236933ec5c224541,cust_32de986d1e59cd94f10a,evan.kim.5436@example.com,Evan,Kim,unsubscribed,2025-11-14T10:33:57.000Z
kprof_66e52de55def686312d1,cust_c2ab09602bbb83db18a1,alex.lewis.3059@example.com,Alex,Lewis,subscribed,2025-11-14T18:30:11.000Z
kprof_4e3cb96a3ee50b266602,cust_9944b7a8693b7c822a56,casey.anderson.3685@example.com,Casey,Anderson,subscribed,2025-11-14T20:05:03.000Z
kprof_cf28a151962afdf8cadc,cust_1f1c412c9122bcb921b8,lena.hall.207@example.com,Lena,Hall,subscribed,2025-11-14T20:46:48.000Z
kprof_04f9395aa1f0f77c298f,cust_16dc6b21cf8de25a266c,riley.smith.7433@example.com,Riley,Smith,subscribed,2025-11-14T20:57:07.000Z
kprof_ec973d303c35ac7d48b3,cust_03f81a00b8ec62a76e94,noah.davis.210@example.com,Noah,Davis,subscribed,2025-11-14T22:35:35.000Z
kprof_55cacdd18cebf900ada1,cust_cdc2ca99ddaf6c5f9e8d,miles.young.7559@example.com,Miles,Young,subscribed,2025-11-14T23:45:06.000Z
kprof_35b676b5ff7dda2379a3,cust_0e7ef888d5356cdf8673,drew.patel.1070@example.com,Drew,Patel,subscribed,2025-11-15T06:00:44.000Z
kprof_98c19d846b9f1160bfe0,cust_607f9c04db09c5216823,casey.garcia.964@example.com,Casey,Garcia,subscribed,2025-11-15T18:01:17.000Z
kprof_f0eef9928c9462c1643a,cust_bf783e53f7f17448bbf9,jordan.johnson.7963@example.com,Jordan,Johnson,subscribed,2025-11-16T07:26:53.000Z
kprof_cb691ff05f2ca40a5615,cust_28170c441b3bd119f788,jamie.patel.1930@example.com,Jamie,Patel,subscribed,2025-11-16T07:31:11.000Z
kprof_c84e441b27ba500b66b6,cust_f06b73d5152ab97af1a0,evan.miller.5578@example.com,Evan,Miller,subscribed,2025-11-16T14:41:33.000Z
kprof_b0cae41a586d47be9462,cust_a78f6582e4b7116731b4,cameron.hall.2883@example.com,Cameron,Hall,subscribed,2025-11-16T17:28:45.000Z
kprof_6f1c38579f9b9a1c3088,cust_111f0e049d2a75834c69,cameron.hall.4648@example.com,Cameron,Hall,subscribed,2025-11-16T20:53:16.000Z
kprof_d0d33c2cc4de50741489,cust_05fc163276ec90282617,maya.hall.5612@example.com,Maya,Hall,subscribed,2025-11-16T21:25:37.000Z
kprof_56e633b5dfcfe383905b,cust_bb8b5df717badeb95691,priya.walker.3988@example.com,Priya,Walker,subscribed,2025-11-16T22:12:13.000Z
kprof_1c53589385be5823501c,cust_53816a2f726843a07bed,evan.johnson.4915@example.com,Evan,Johnson,subscribed,2025-11-17T10:01:16.000Z
kprof_70b6e5e45bdd6bb580c1,cust_2cfe6c4e051db29b6272,theo.smith.1304@example.com,Theo,Smith,unsubscribed,2025-11-17T10:42:16.000Z
kprof_f1a339d2136f56efc301,cust_6b27d2ac0e52d35bbab1,alex.anderson.7235@example.com,Alex,Anderson,subscribed,2025-11-17T15:43:04.000Z
kprof_9082ce09c8ea810bfdea,cust_5d49a660298982395dd6,riley.wilson.4848@example.com,Riley,Wilson,unsubscribed,2025-11-17T15:46:46.000Z
kprof_72fef440379899a4c925,cust_ca261b0c38612a979bbf,riley.smith.7090@example.com,Riley,Smith,subscribed,2025-11-17T23:14:35.000Z
kprof_8b936c654750b64fd1bf,cust_fa51023e36fdb9166344,sofia.patel.1359@example.com,Sofia,Patel,subscribed,2025-11-18T07:52:59.000Z
kprof_35a6bd2fc308a5245839,cust_e035c8fdab8585290dc2,iris.johnson.2619@example.com,Iris,Johnson,subscribed,2025-11-18T08:32:24.000Z
kprof_796dae2b9b3f1b6dddbe,cust_1ebe1e9252b56f9112f9,alex.nguyen.6120@example.com,Alex,Nguyen,subscribed,2025-11-19T09:42:31.000Z
kprof_5ab359dcbde6a9121fba,cust_966873c2b5c00cd69ee3,taylor.smith.352@example.com,Taylor,Smith,subscribed,2025-11-19T15:30:02.000Z
kprof_c1f8c2ba6a67e66d8652,cust_1ad7998afff84345bca8,avery.walker.6170@example.com,Avery,Walker,subscribed,2025-11-20T15:11:11.000Z
kprof_1cb56e5f9d763896f593,cust_f336ad54cc31feee26ca,casey.nguyen.1321@example.com,Casey,Nguyen,subscribed,2025-11-20T23:24:22.000Z
kprof_ef16e68ab74c7880aa57,cust_eb1d6b950b6a4f305bc4,avery.patel.5740@example.com,Avery,Patel,subscribed,2025-11-21T07:45:49.000Z
kprof_99378829486921a4362d,cust_aff0a68e45186a611b11,taylor.nguyen.3942@example.com,Taylor,Nguyen,subscribed,2025-11-21T07:57:09.000Z
kprof_f065e68be12d4afb6e42,cust_3f89cef5b94c84943304,maya.kim.7999@example.com,Maya,Kim,subscribed,2025-11-21T11:15:19.000Z
kprof_39f16c370e20e7f3bbb5,cust_66188d7ebd50d228c645,jamie.wright.4035@example.com,Jamie,Wright,subscribed,2025-11-21T15:00:52.000Z
kprof_0513ada3af2d41735406,cust_b144448284e3d7a7813a,taylor.young.6868@example.com,Taylor,Young,subscribed,2025-11-23T09:47:16.000Z
kprof_cbad9dc242bd744dd891,cust_e8d2d34572e993031c16,casey.davis.3166@example.com,Casey,Davis,subscribed,2025-11-23T12:06:51.000Z
kprof_179863f24266e30ffb07,cust_cb5fca02f0f201d026d1,nora.kim.2462@example.com,Nora,Kim,subscribed,2025-11-23T13:22:01.000Z
kprof_1d1430197c64509e7699,cust_e02e96943f1433bc731c,theo.miller.6331@example.com,Theo,Miller,subscribed,2025-11-23T22:33:39.000Z
kprof_23607f6068905d65857c,cust_70187f9f298147acdba2,jamie.wilson.9701@example.com,Jamie,Wilson,subscribed,2025-11-24T08:34:57.000Z
kprof_b1cc3cf16f7a744c9001,cust_24fbfabb42203eb52212,miles.allen.4372@example.com,Miles,Allen,subscribed,2025-11-25T06:07:12.000Z
kprof_b54035bbd872816c9fdc,cust_a66e9b7eaafe9b358254,iris.patel.6051@example.com,Iris,Patel,subscribed,2025-11-25T08:45:37.000Z
kprof_5fdc139c0187bbae9cc6,cust_2cfffb018b6da486c1a0,cameron.wright.7364@example.com,Cameron,Wright,subscribed,2025-11-25T09:21:06.000Z
kprof_4b97e071f391b1aad3f9,cust_1cf9944894d03e06c25f,casey.clark.3290@example.com,Casey,Clark,subscribed,2025-11-25T11:28:49.000Z
kprof_8057ed12ac67e678b157,cust_97f12f77fd6d57066f85,jamie.davis.3110@example.com,Jamie,Davis,subscribed,2025-11-25T15:02:11.000Z
kprof_d9a006fe8ae1fc74ac3c,cust_52f2840b20ba042a6964,evan.wilson.1618@example.com,Evan,Wilson,subscribed,2025-11-25T16:23:24.000Z
kprof_563b6874c5b72f1171f4,cust_b1d3964929bc66978b7f,noah.clark.7218@example.com,Noah,Clark,subscribed,2025-11-25T22:21:25.000Z
kprof_df245a94f55cd4ce37b7,cust_eed7aba40dca597e216e,lena.walker.6238@example.com,Lena,Walker,subscribed,2025-11-26T08:40:00.000Z
kprof_f7cd76f8bbb152272f35,cust_7476b81c52a1674cb4cb,sofia.wright.6004@example.com,Sofia,Wright,subscribed,2025-11-26T11:09:50.000Z
kprof_8ef637e0e3d23f47aaad,cust_d907782f7f4bd245d722,miles.clark.6696@example.com,Miles,Clark,subscribed,2025-11-26T18:18:12.000Z
kprof_a20e62c0b9ad4ab3fe98,cust_d5fd1bec62f1d3fa4437,alex.martinez.8553@example.com,Alex,Martinez,subscribed,2025-11-26T23:58:12.000Z
kprof_2f4308f3e876fb6e4a1c,cust_10851c153ac0ce09be54,taylor.martinez.6723@example.com,Taylor,Martinez,subscribed,2025-11-27T14:30:41.000Z
kprof_020909bf9b6e86707efd,cust_40c0e309f58168c9ab45,sofia.martinez.9886@example.com,Sofia,Martinez,subscribed,2025-11-27T19:09:33.000Z
kprof_d14360ddcba98e93e37b,cust_cdb0ce59d877631e9274,riley.nguyen.6439@example.com,Riley,Nguyen,subscribed,2025-11-27T22:55:44.000Z
kprof_521af824cb4cd1b016c9,cust_e1f5b0abb2f3caac9ec9,riley.lewis.2121@example.com,Riley,Lewis,subscribed,2025-11-28T08:36:49.000Z
kprof_c1438eddde6b1e2e112d,cust_511abf75823afc04e5e6,priya.martinez.8470@example.com,Priya,Martinez,subscribed,2025-11-28T16:27:59.000Z
kprof_06653ca1ceec914b15a5,cust_b43613ccdbe9fff23e62,maya.clark.5800@example.com,Maya,Clark,subscribed,2025-11-28T23:33:23.000Z
kprof_827d3189debd53849ca7,cust_e97968faa910cbda5958,iris.smith.2283@example.com,Iris,Smith,subscribed,2025-11-29T12:01:23.000Z
kprof_f8ba7e687fe47b339d1e,cust_4351438d111553e829ac,cameron.allen.4648@example.com,Cameron,Allen,subscribed,2025-11-29T23:16:07.000Z
kprof_db305ee25ad0e83648e7,cust_81b15429ca1f61c0f2c5,noah.johnson.6726@example.com,Noah,Johnson,subscribed,2025-11-30T07:34:50.000Z
kprof_f23025bc53d4d4debbcd,cust_f17954ea528cd575965e,priya.martinez.7656@example.com,Priya,Martinez,subscribed,2025-11-30T10:24:43.000Z
kprof_08dc2be4ae593f727615,cust_7d6e3ddb19b67fb167c8,nora.kim.2446@example.com,Nora,Kim,subscribed,2025-11-30T13:04:35.000Z
kprof_1fece79a221c1adf883d,cust_c7387dea0c59338a0035,miles.lewis.4109@example.com,Miles,Lewis,subscribed,2025-11-30T16:46:06.000Z
kprof_975e6d0e4170bb1cc309,cust_f22dd7b4e03a1904a4e3,cameron.martinez.2690@example.com,Cameron,Martinez,subscribed,2025-11-30T19:51:16.000Z
kprof_8134e8047f6891efd4b2,cust_146342b7daf282ee6c93,alex.hall.3715@example.com,Alex,Hall,subscribed,2025-11-30T22:32:43.000Z
kprof_5c1ff5e284e30399fcaf,cust_a296bfa72622312112b8,jordan.allen.1686@example.com,Jordan,Allen,subscribed,2025-11-30T23:41:51.000Z
kprof_c44f3071abbdc2bb4219,cust_67dfa234a5499925ce5f,maya.walker.8523@example.com,Maya,Walker,subscribed,2025-12-01T07:45:55.000Z
kprof_4bd3520147699d096c53,cust_c1b6fef593f04c1644ea,alex.johnson.5960@example.com,Alex,Johnson,subscribed,2025-12-01T09:24:13.000Z
kprof_3b19f40dc2963a03492d,cust_e869c7647a8b943c72e3,avery.lee.8553@example.com,Avery,Lee,subscribed,2025-12-01T09:48:39.000Z
kprof_4a7f1608a14732cb4408,cust_b4d77dca6cf8d726b445,nora.young.6756@example.com,Nora,Young,subscribed,2025-12-01T16:21:42.000Z
kprof_8c49310408f6dfd84829,cust_bfabff23c4a557e56b05,theo.patel.9268@example.com,Theo,Patel,subscribed,2025-12-01T21:04:53.000Z
kprof_c140c9a20fbf0526aa55,cust_92576f9393c26897a22e,evan.wright.5217@example.com,Evan,Wright,subscribed,2025-12-02T15:00:41.000Z
kprof_8c6f55d50fe7e721240c,cust_e9274eaa5939bea43db7,miles.lewis.8243@example.com,Miles,Lewis,subscribed,2025-12-02T15:10:02.000Z
kprof_8788ff5e1893fa578175,cust_df55be82648aa36f9a5f,jamie.lewis.4872@example.com,Jamie,Lewis,subscribed,2025-12-02T17:44:46.000Z
kprof_540e3db3458160ccf351,cust_f0da68eb483b70f7f3b2,iris.martinez.473@example.com,Iris,Martinez,subscribed,2025-12-02T19:05:11.000Z
kprof_2e5b31dd869d031e7bb2,cust_7f893780af2223137b79,nora.wilson.2487@example.com,Nora,Wilson,subscribed,2025-12-03T06:35:15.000Z
kprof_7ce62c7650e63d46823f,cust_fa30208c1dc8796692bd,miles.martinez.1351@example.com,Miles,Martinez,subscribed,2025-12-03T10:37:14.000Z
kprof_70ece784c0f66e8b16fd,cust_000bf4686aa35097e80f,jordan.garcia.8085@example.com,Jordan,Garcia,subscribed,2025-12-04T10:51:20.000Z
kprof_e077493106564dfe87b0,cust_2b54470ace49b877ede2,evan.anderson.1664@example.com,Evan,Anderson,subscribed,2025-12-04T10:55:00.000Z
kprof_259e25f5ea13b047311c,cust_8fb1d19dd4464026d68d,cameron.lewis.3902@example.com,Cameron,Lewis,subscribed,2025-12-04T11:25:03.000Z
kprof_c343a37a8d0244d97639,cust_c000315730f827c1278d,nora.young.9400@example.com,Nora,Young,subscribed,2025-12-04T12:49:32.000Z
kprof_06de7c5932f1adf7ec84,cust_cb1fc1a5e988c9828c23,taylor.nguyen.3719@example.com,Taylor,Nguyen,subscribed,2025-12-04T15:12:44.000Z
kprof_652ed16cfb0b76aa880b,cust_1975994da3f25777d5ca,alex.allen.4128@example.com,Alex,Allen,subscribed,2025-12-04T21:16:01.000Z
kprof_6cebc7875ab1fa7aa902,cust_096db5862a733f30b5e3,theo.johnson.1349@example.com,Theo,Johnson,subscribed,2025-12-05T06:18:36.000Z
kprof_526539feb0156a336b24,cust_5a5888eace46e21d4c01,alex.walker.2579@example.com,Alex,Walker,subscribed,2025-12-05T06:50:06.000Z
kprof_52bacedf61ec0c63f51f,cust_6bfad8f52539c61744e5,drew.smith.9177@example.com,Drew,Smith,subscribed,2025-12-05T09:37:06.000Z
kprof_58b1244a8fbaa743f9f4,cust_e10ba7a9ca0b753eb189,casey.johnson.1463@example.com,Casey,Johnson,subscribed,2025-12-05T11:34:52.000Z
kprof_2be371c27455677d9c0e,cust_b092439e3482162bb1f0,maya.miller.5793@example.com,Maya,Miller,subscribed,2025-12-05T14:55:30.000Z
kprof_17c582aa7fe8cdee3a33,cust_2ccaccf37ec1b8ab0d8e,jamie.clark.585@example.com,Jamie,Clark,subscribed,2025-12-05T16:52:19.000Z
kprof_17daaaee0ffe9abfa3c5,cust_6b335b50b620a04750fa,maya.lee.8295@example.com,Maya,Lee,subscribed,2025-12-05T17:31:34.000Z
kprof_56480687b1453f885e53,cust_1ca679561fc759324523,jordan.young.727@example.com,Jordan,Young,subscribed,2025-12-05T20:21:55.000Z
kprof_320baca2b262f740d188,cust_75ac67f330017e0171cf,taylor.nguyen.2958@example.com,Taylor,Nguyen,subscribed,2025-12-06T21:23:00.000Z
kprof_89fbc04beec6abf9e328,cust_328212cdaf4efe2fe873,taylor.garcia.226@example.com,Taylor,Garcia,subscribed,2025-12-07T13:10:58.000Z
kprof_ee72a96f5aae449e751f,cust_8e8414bb566e93da9219,evan.miller.663@example.com,Evan,Miller,subscribed,2025-12-07T20:57:01.000Z
kprof_5849e1e407068e204834,cust_3086392983eb9effb4e4,drew.davis.8520@example.com,Drew,Davis,subscribed,2025-12-07T23:11:40.000Z
kprof_9326b2ee68d15d286cfc,cust_3a2bb7af97d0f2bef5b5,casey.clark.3700@example.com,Casey,Clark,subscribed,2025-12-08T10:56:16.000Z
kprof_97e1bbf2aab1f0e1df90,cust_b83641ce1b8975c5df7d,evan.lee.5020@example.com,Evan,Lee,subscribed,2025-12-08T23:05:06.000Z
kprof_57b0d7b8700a80792f9e,cust_2a89b3f9a430105550f3,riley.miller.8749@example.com,Riley,Miller,subscribed,2025-12-09T15:47:51.000Z
kprof_5a4cfaadc0151e23bcd3,cust_29aa550b3515bebf5110,jordan.anderson.3002@example.com,Jordan,Anderson,subscribed,2025-12-10T13:42:53.000Z
kprof_3696794d48503371ba87,cust_b12eb8145810f86ffbf0,morgan.miller.8563@example.com,Morgan,Miller,subscribed,2025-12-10T15:12:52.000Z
kprof_0643c4c39a434ebb4ae2,cust_fd1289f43a768f6a571b,avery.smith.2199@example.com,Avery,Smith,subscribed,2025-12-10T18:04:30.000Z
kprof_1ab158d323b236fc781c,cust_5cd00214a3d7776aa2ed,jamie.brown.8857@example.com,Jamie,Brown,subscribed,2025-12-11T07:33:25.000Z
kprof_e09e3581de663e811211,cust_5abcd80406ecd75d9c7d,noah.anderson.3612@example.com,Noah,Anderson,subscribed,2025-12-11T08:45:19.000Z
kprof_8f637fa97390c0db6b74,cust_bb09396f094fc84678a2,evan.wilson.7285@example.com,Evan,Wilson,subscribed,2025-12-11T15:30:11.000Z
kprof_794eab06099eb47ec258,cust_b964a419defd45cd75cb,maya.miller.6296@example.com,Maya,Miller,subscribed,2025-12-11T16:27:02.000Z
kprof_a83403b6f003a6ce7b32,cust_31b8ebfb1e307d66a731,drew.clark.9532@example.com,Drew,Clark,subscribed,2025-12-11T22:09:57.000Z
kprof_b0b9d4514347a5105535,cust_0e0ecc1fbbcb18096d03,cameron.allen.5156@example.com,Cameron,Allen,unsubscribed,2025-12-12T16:16:32.000Z
kprof_bf0e829b7866962844cb,cust_6888ebb2907d75b334eb,riley.wilson.3852@example.com,Riley,Wilson,subscribed,2025-12-13T19:53:30.000Z
kprof_45c9463185a21c12c71d,cust_d957779c3214f6de95ed,nora.clark.4594@example.com,Nora,Clark,subscribed,2025-12-14T15:17:12.000Z
kprof_8e8bedb678fcd795a19d,cust_30fed5e1ab477d9d67d4,priya.wilson.6388@example.com,Priya,Wilson,subscribed,2025-12-14T16:37:27.000Z
kprof_ca943ae6403fddc9db34,cust_094899b9dc8467ce3f07,noah.anderson.8142@example.com,Noah,Anderson,subscribed,2025-12-14T20:35:06.000Z
kprof_22b09279730f2e78c26c,cust_95ed0dd9139ab9d80b05,taylor.allen.7048@example.com,Taylor,Allen,subscribed,2025-12-15T14:31:34.000Z
kprof_57fccafcccd583402eb7,cust_60f71094920124ee674d,maya.martinez.9364@example.com,Maya,Martinez,subscribed,2025-12-15T18:58:31.000Z
kprof_7206016b957541368cfa,cust_51ec42e93fba841c96cd,jordan.johnson.719@example.com,Jordan,Johnson,subscribed,2025-12-15T19:10:44.000Z
kprof_5d531d654466d8ff27f3,cust_4bb29cd92ec0655449ec,miles.miller.1730@example.com,Miles,Miller,subscribed,2025-12-16T06:06:17.000Z
kprof_ac6fa87c15f0d4ca05ac,cust_cce75e8b4a0e1584bf8d,sofia.johnson.7484@example.com,Sofia,Johnson,subscribed,2025-12-16T08:03:27.000Z
kprof_676e241355ca19375fb9,cust_148ca07f01ffc8e32a81,noah.anderson.7331@example.com,Noah,Anderson,unsubscribed,2025-12-16T09:57:21.000Z
kprof_b5b94d6a12c8252c4b5b,cust_e94912248fd38e1e5847,cameron.nguyen.9395@example.com,Cameron,Nguyen,subscribed,2025-12-16T21:04:05.000Z
kprof_fe4e300302f86c59178d,cust_4b374231b25bece7e418,miles.clark.7342@example.com,Miles,Clark,subscribed,2025-12-17T09:52:35.000Z
kprof_0b3cdf3f692fc73f4752,cust_c5be1ef0fbc9aa0ad105,noah.young.1335@example.com,Noah,Young,subscribed,2025-12-17T15:53:56.000Z
kprof_e6e72ac892e706e9cfe4,cust_314cd058ebd80d16f1e6,avery.wilson.4595@example.com,Avery,Wilson,subscribed,2025-12-17T18:07:32.000Z
kprof_ff2442325dba583b7823,cust_e9cf057121b9d83b352b,miles.walker.8028@example.com,Miles,Walker,subscribed,2025-12-18T14:20:07.000Z
kprof_e1a7da330b218f2f16db,cust_7cb6891c74a5e76c5c9e,alex.allen.2450@example.com,Alex,Allen,subscribed,2025-12-18T17:57:17.000Z
kprof_4694dc31cc33085a75ac,cust_6128d38cd56e86719f23,nora.lewis.3911@example.com,Nora,Lewis,subscribed,2025-12-19T14:53:47.000Z
kprof_7dea85a8c139f034fd23,cust_b57181827b8c8d613a68,evan.garcia.6983@example.com,Evan,Garcia,unsubscribed,2025-12-19T23:10:08.000Z
kprof_4178e04687222730896f,cust_0b2f061d54f8e79dfcee,theo.wright.2266@example.com,Theo,Wright,subscribed,2025-12-19T23:55:06.000Z
kprof_b26c76d5e9732fa8a01d,cust_54acbb5eb83e11d3781e,jordan.anderson.2701@example.com,Jordan,Anderson,subscribed,2025-12-20T07:12:48.000Z
kprof_42e4426c2cc685e3b671,cust_2b1aaf8b848a272915f1,avery.nguyen.7032@example.com,Avery,Nguyen,subscribed,2025-12-20T08:56:53.000Z
kprof_e1ac1fb96d10c31b66b8,cust_7e527b76c1cf1c2c4080,jamie.smith.4974@example.com,Jamie,Smith,subscribed,2025-12-22T09:31:22.000Z
kprof_fabae987de548ec5cfd5,cust_3cb2859167127d1ecf17,nora.miller.7478@example.com,Nora,Miller,subscribed,2025-12-22T10:03:52.000Z
kprof_0b8c7f94cb1ab121df35,cust_66865f0e803c6eb9c856,avery.kim.9775@example.com,Avery,Kim,subscribed,2025-12-22T22:11:13.000Z
kprof_5bae979933cfbed269cd,cust_a3015f1f870b5fca5351,avery.miller.5959@example.com,Avery,Miller,subscribed,2025-12-22T22:22:52.000Z
kprof_13ffb7492e4834604fe7,cust_ee2b3fccc582d96ad0f8,nora.smith.2509@example.com,Nora,Smith,subscribed,2025-12-23T10:25:02.000Z
kprof_9abc665e76fbe20aa92c,cust_95bdce78df645b786700,iris.clark.7555@example.com,Iris,Clark,subscribed,2025-12-23T12:11:51.000Z
kprof_a54127deec7f57a75a43,cust_2b8c8982e212731bc533,iris.lewis.5170@example.com,Iris,Lewis,subscribed,2025-12-23T17:19:32.000Z
kprof_2fd7d5b4609f28f97459,cust_501a9ce8fd448c673fba,lena.walker.5295@example.com,Lena,Walker,subscribed,2025-12-24T13:03:32.000Z
kprof_036006345d4dd0caa3de,cust_1aae00d28d3a00bcea0a,iris.davis.3141@example.com,Iris,Davis,unsubscribed,2025-12-24T19:24:13.000Z
kprof_3695a4117f286dd6ec8e,cust_e4f2e707a55c4878f253,cameron.martinez.8955@example.com,Cameron,Martinez,subscribed,2025-12-25T12:38:41.000Z
kprof_05e2d70632f342384e24,cust_d38d523a306fe485d7f4,iris.hall.3880@example.com,Iris,Hall,subscribed,2025-12-26T15:45:29.000Z
kprof_eda7c9dc71b83c91a803,cust_fc9c75285535b4b79fcb,jamie.hall.4622@example.com,Jamie,Hall,unsubscribed,2025-12-26T22:15:12.000Z
kprof_53f9bc765a03c8e5f7c7,cust_51d5b47ba242225627a3,cameron.johnson.8120@example.com,Cameron,Johnson,subscribed,2025-12-27T07:53:55.000Z
kprof_980d90889aa0590d3268,cust_c8df633746c4cb41a62d,sofia.brown.7492@example.com,Sofia,Brown,subscribed,2025-12-28T08:59:45.000Z
kprof_bad856c60d3aa41ad0d7,cust_7ff2aa33c3e41140643c,lena.hall.1062@example.com,Lena,Hall,subscribed,2025-12-28T13:25:15.000Z
kprof_bc0ca18e441cff4755f9,cust_f9eadae9668808f62fee,lena.anderson.7868@example.com,Lena,Anderson,subscribed,2025-12-28T20:23:28.000Z
kprof_b154e84ad20b77ba5902,cust_f7b686f3a79fd4a4ce79,alex.davis.6637@example.com,Alex,Davis,subscribed,2025-12-29T08:31:28.000Z
kprof_cecbf9b3dda3a4a26907,cust_56974b85b37b93375239,casey.hall.5145@example.com,Casey,Hall,subscribed,2025-12-29T17:36:31.000Z
kprof_64f52c2bf2b6c3156fc5,cust_6e142583300c8d777374,avery.kim.3250@example.com,Avery,Kim,unsubscribed,2025-12-29T18:22:19.000Z
kprof_90811c2d0b62ba3aad25,cust_be4bb82483fff1091a8b,morgan.lewis.4345@example.com,Morgan,Lewis,subscribed,2025-12-30T06:05:15.000Z
kprof_655a52345b1fd916f8ea,cust_afe4fce87e3560ba0f06,jamie.smith.6209@example.com,Jamie,Smith,subscribed,2025-12-30T10:00:02.000Z
kprof_e80b2c225b5bb11c7844,cust_bdabe3cad86f50f47fbc,evan.lee.6396@example.com,Evan,Lee,subscribed,2025-12-30T13:36:48.000Z
kprof_cf02e405d0ae8a134ae2,cust_abc53a8a715b6a1e1f69,drew.miller.7950@example.com,Drew,Miller,subscribed,2025-12-30T21:40:01.000Z
kprof_fd5d8b588f50914d9ee3,cust_debfee9380f646c4ea97,cameron.miller.4878@example.com,Cameron,Miller,subscribed,2025-12-31T07:07:26.000Z
kprof_f8b1d4abeec40d8abe0c,cust_9679a6bb4a4d37b3110c,iris.kim.2862@example.com,Iris,Kim,subscribed,2025-12-31T15:19:31.000Z
kprof_cdb998014d2065ed16b2,cust_c5067842280d18fd24fa,cameron.wright.3359@example.com,Cameron,Wright,subscribed,2025-12-31T17:08:16.000Z
kprof_8d95e79051afa049e0cf,cust_c6d7f3bf5521bfa7156a,taylor.martinez.9328@example.com,Taylor,Martinez,subscribed,2025-12-31T18:39:27.000Z
kprof_1aee7da3693786e5dd51,cust_8c1a01eb4055a985c9bf,sofia.lewis.561@example.com,Sofia,Lewis,unsubscribed,2025-12-31T20:26:23.000Z
kprof_1ad9e022e89c797bd774,,lena.hall.2664@example.com,Lena,Hall,subscribed,2026-01-01T06:35:14.000Z
kprof_d39d6e338e9d499b8480,,riley.miller.784@example.com,Riley,Miller,subscribed,2026-01-01T08:42:53.000Z
kprof_62e6fe77494eb6700b62,,taylor.walker.1661@example.com,Taylor,Walker,subscribed,2026-01-01T10:20:53.000Z
kprof_f8e9777282912c06d99d,,theo.nguyen.1130@example.com,Theo,Nguyen,subscribed,2026-01-01T11:28:06.000Z
kprof_4e6eb348a6c8e1e079ee,,jordan.allen.1021@example.com,Jordan,Allen,subscribed,2026-01-01T21:43:18.000Z
kprof_b339b93e5d2d87a2f679,,morgan.young.7056@example.com,Morgan,Young,subscribed,2026-01-01T23:22:55.000Z
kprof_97978a555e4d15da2884,,alex.clark.4200@example.com,Alex,Clark,subscribed,2026-01-02T22:54:07.000Z
kprof_88a2f1e8b2c4a33b3141,,taylor.lewis.6453@example.com,Taylor,Lewis,subscribed,2026-01-03T06:04:35.000Z
kprof_0f3ad7f758924d8d5d45,,iris.anderson.8519@example.com,Iris,Anderson,subscribed,2026-01-03T17:16:03.000Z
kprof_de517aad4b4a8453097d,,cameron.walker.1529@example.com,Cameron,Walker,subscribed,2026-01-03T17:44:11.000Z
kprof_90bf00ad1dc299ff812a,,evan.martinez.7966@example.com,Evan,Martinez,subscribed,2026-01-03T21:53:22.000Z
kprof_f98f355ed3bf988fe8fd,,morgan.wilson.2236@example.com,Morgan,Wilson,subscribed,2026-01-03T22:57:51.000Z
kprof_0b6a2a1740ab88d2e4e6,,evan.wilson.5285@example.com,Evan,Wilson,subscribed,2026-01-03T23:08:21.000Z
kprof_3da23ddb831cf1cd5385,,noah.patel.3675@example.com,Noah,Patel,subscribed,2026-01-03T23:17:30.000Z
kprof_158f3d1e64c47cc38c20,,alex.martinez.1174@example.com,Alex,Martinez,subscribed,2026-01-03T23:26:07.000Z
kprof_7ba5928bdfbbba0ad1fe,,alex.smith.5800@example.com,Alex,Smith,subscribed,2026-01-04T16:30:40.000Z
kprof_1ef420cdfa54d366ae7b,,jordan.anderson.2794@example.com,Jordan,Anderson,subscribed,2026-01-04T19:24:20.000Z
kprof_d883770f13f5c555e664,,miles.nguyen.5672@example.com,Miles,Nguyen,subscribed,2026-01-04T22:10:02.000Z
kprof_59da51de5ba5c337df32,,maya.allen.917@example.com,Maya,Allen,subscribed,2026-01-05T18:07:27.000Z
kprof_c03f494208547d77ca75,,sofia.lewis.427@example.com,Sofia,Lewis,subscribed,2026-01-05T21:28:12.000Z
kprof_138f6b0edc98bd36801c,,casey.clark.6137@example.com,Casey,Clark,subscribed,2026-01-06T07:47:20.000Z
kprof_076dd6943ea469bf0c14,,miles.smith.7707@example.com,Miles,Smith,subscribed,2026-01-06T09:37:41.000Z
kprof_dddd341e51742b746342,,miles.walker.3922@example.com,Miles,Walker,subscribed,2026-01-06T13:43:12.000Z
kprof_0b14245311a714b3be04,,evan.brown.108@example.com,Evan,Brown,subscribed,2026-01-06T15:42:56.000Z
kprof_00fcc4bd8c38fa156887,,avery.walker.2863@example.com,Avery,Walker,subscribed,2026-01-06T18:09:02.000Z
kprof_a9496d5b5ea31750e5f8,,nora.lewis.3858@example.com,Nora,Lewis,subscribed,2026-01-06T19:50:50.000Z
kprof_8e1c8b5aca16c3cdceca,,alex.brown.4319@example.com,Alex,Brown,subscribed,2026-01-06T20:55:31.000Z
kprof_dbd9076d82e8820b02cb,,lena.miller.2181@example.com,Lena,Miller,subscribed,2026-01-07T10:50:34.000Z
kprof_65b2808861758005700f,,theo.clark.8158@example.com,Theo,Clark,subscribed,2026-01-07T15:08:10.000Z
kprof_17e50835ba68ed849a34,,casey.brown.1236@example.com,Casey,Brown,subscribed,2026-01-07T15:10:26.000Z
kprof_aac4af6237fdbb5914bd,,drew.lee.6122@example.com,Drew,Lee,subscribed,2026-01-07T15:40:39.000Z
kprof_f72d0de7e8e52a63cc80,,noah.young.294@example.com,Noah,Young,subscribed,2026-01-07T15:44:15.000Z
kprof_b86aaeacbbdf0d438db7,,iris.nguyen.9291@example.com,Iris,Nguyen,subscribed,2026-01-07T15:47:38.000Z
kprof_a0486b29d638a877efae,,nora.clark.5350@example.com,Nora,Clark,subscribed,2026-01-07T15:52:45.000Z
kprof_7b909dc7011d4ca5c763,,morgan.clark.9362@example.com,Morgan,Clark,subscribed,2026-01-08T13:24:05.000Z
kprof_b95816464647e77cebaa,,miles.martinez.4482@example.com,Miles,Martinez,subscribed,2026-01-08T15:00:46.000Z
kprof_ff29b66f21188292c663,,drew.wilson.7190@example.com,Drew,Wilson,subscribed,2026-01-08T15:16:52.000Z
kprof_6b4a49ec16cac25c3af5,cust_464f83cf9cfbef8ca3e9,taylor.kim.2987@example.com,Taylor,Kim,subscribed,2026-01-08T16:42:35.000Z
kprof_68e19f45eb706de29cec,,cameron.garcia.9456@example.com,Cameron,Garcia,subscribed,2026-01-09T06:43:22.000Z
kprof_36ec627f795b6daf6c5b,,casey.lee.6910@example.com,Casey,Lee,subscribed,2026-01-09T07:12:38.000Z
kprof_b67b0d5b63b5b9935d29,,theo.clark.5764@example.com,Theo,Clark,subscribed,2026-01-09T08:26:22.000Z
kprof_88206198b66a4849be6f,cust_ec36e0ff3440d6240325,morgan.anderson.581@example.com,Morgan,Anderson,subscribed,2026-01-10T06:01:19.000Z
kprof_8194cdc396510c01cca6,,jordan.smith.8653@example.com,Jordan,Smith,subscribed,2026-01-10T08:31:18.000Z
kprof_c4b09393074a490a575b,,jamie.martinez.7906@example.com,Jamie,Martinez,subscribed,2026-01-10T10:28:49.000Z
kprof_b466f90de2c2577aeb53,,maya.johnson.8648@example.com,Maya,Johnson,subscribed,2026-01-10T11:11:15.000Z
kprof_fed91e95861fd63c5f2d,cust_592786370de3d1e561a6,miles.wilson.9104@example.com,Miles,Wilson,subscribed,2026-01-10T19:24:43.000Z
kprof_81f29f47dfec660b53a8,cust_f86bcd473c74a71ea282,riley.lee.8678@example.com,Riley,Lee,subscribed,2026-01-11T14:41:02.000Z
kprof_df9157b0a3e4b5251b3c,cust_d898fb13ddb9f1e24f02,lena.martinez.9547@example.com,Lena,Martinez,unsubscribed,2026-01-11T15:15:43.000Z
kprof_cbfc07d510c189f94d54,,avery.clark.4033@example.com,Avery,Clark,subscribed,2026-01-11T15:36:26.000Z
kprof_4b315577bfa7e65bb2b8,,avery.lee.9242@example.com,Avery,Lee,subscribed,2026-01-11T20:15:23.000Z
kprof_4568bfc692b01c42e261,,casey.anderson.7568@example.com,Casey,Anderson,subscribed,2026-01-11T21:03:24.000Z
kprof_2b6c7be89d6263812223,,maya.walker.2695@example.com,Maya,Walker,subscribed,2026-01-11T22:42:20.000Z
kprof_a4373ecf0a435a055744,,miles.clark.4484@example.com,Miles,Clark,subscribed,2026-01-11T23:20:55.000Z
kprof_37d7771dd5ced8dffd2d,,jordan.wilson.9095@example.com,Jordan,Wilson,subscribed,2026-01-12T21:01:42.000Z
kprof_430fdc76f55ce663ce71,,maya.walker.4638@example.com,Maya,Walker,subscribed,2026-01-12T23:00:53.000Z
kprof_40551949ab5893da45e9,,taylor.allen.7741@example.com,Taylor,Allen,subscribed,2026-01-13T11:04:29.000Z
kprof_2c6d91f9f462dc2d224f,,priya.clark.5854@example.com,Priya,Clark,subscribed,2026-01-13T12:39:25.000Z
kprof_363bdba97c346448ce89,cust_412fba66cbdf241c4cf3,miles.nguyen.5011@example.com,Miles,Nguyen,subscribed,2026-01-13T13:14:56.000Z
kprof_b77abbabdb3e82acd181,cust_661321ee31a6a91c244d,jamie.miller.2036@example.com,Jamie,Miller,subscribed,2026-01-13T14:41:16.000Z
kprof_fd49d00a9f70cea5dd63,,avery.miller.2444@example.com,Avery,Miller,subscribed,2026-01-13T15:52:20.000Z
kprof_6b149996f56bcd365c4a,cust_730e9a06b9dc61524e23,drew.smith.7333@example.com,Drew,Smith,subscribed,2026-01-13T17:35:26.000Z
kprof_716993d7518fddc3932f,,sofia.patel.3434@example.com,Sofia,Patel,subscribed,2026-01-14T08:09:02.000Z
kprof_b0db60d9bbdc7c70d108,cust_9343b4e59f454f6aa942,jordan.hall.1730@example.com,Jordan,Hall,subscribed,2026-01-14T12:07:21.000Z
kprof_c591147c1085c7c96f45,,morgan.allen.9079@example.com,Morgan,Allen,subscribed,2026-01-14T13:38:56.000Z
kprof_868ef00b8c15a228a224,,noah.hall.9764@example.com,Noah,Hall,subscribed,2026-01-14T13:45:36.000Z
kprof_ae7fd111101aa78f5913,,lena.wilson.541@example.com,Lena,Wilson,subscribed,2026-01-14T18:02:31.000Z
kprof_c6b2a787879506d9eced,,casey.lewis.4786@example.com,Casey,Lewis,subscribed,2026-01-14T21:41:33.000Z
kprof_02fec1a58a6730087fee,cust_96abe667a8296531b8f6,drew.wright.3253@example.com,Drew,Wright,subscribed,2026-01-14T23:00:24.000Z
kprof_f4aeadda9f8c395f52ac,,nora.walker.4303@example.com,Nora,Walker,subscribed,2026-01-14T23:56:01.000Z
kprof_72f16de22cf145a4e0c0,,riley.anderson.2277@example.com,Riley,Anderson,subscribed,2026-01-15T13:10:21.000Z
kprof_8436253159669681978d,,nora.lewis.4122@example.com,Nora,Lewis,subscribed,2026-01-15T14:53:18.000Z
kprof_77c21311128b5f12cf89,cust_316cbcfd24f4f0e79d84,iris.hall.1922@example.com,Iris,Hall,subscribed,2026-01-15T16:48:33.000Z
kprof_f1fcffdcf994add808e4,cust_8dbbb261caa27bee69f5,lena.walker.2749@example.com,Lena,Walker,subscribed,2026-01-15T18:21:29.000Z
kprof_5d0cefdde0e6c2290a61,,nora.kim.4351@example.com,Nora,Kim,subscribed,2026-01-15T19:51:55.000Z
kprof_de82581e93216730eb92,cust_f84fa3aa5db890b197a7,maya.anderson.5542@example.com,Maya,Anderson,subscribed,2026-01-15T19:57:36.000Z
kprof_8ddbb10e22c9c77681b9,,iris.young.9237@example.com,Iris,Young,subscribed,2026-01-16T08:28:29.000Z
kprof_2f391076cf588fdba221,,alex.clark.6725@example.com,Alex,Clark,subscribed,2026-01-16T09:24:04.000Z
kprof_dd987552bf0beb1186c1,,maya.young.2504@example.com,Maya,Young,subscribed,2026-01-16T09:38:39.000Z
kprof_bfcf26ef64133abdbbb3,,theo.wilson.1180@example.com,Theo,Wilson,subscribed,2026-01-16T22:28:35.000Z
kprof_86686f168fd8be119882,,jamie.johnson.9494@example.com,Jamie,Johnson,subscribed,2026-01-17T06:33:31.000Z
kprof_66c5546e77879828c9b3,,morgan.smith.5262@example.com,Morgan,Smith,subscribed,2026-01-17T08:29:07.000Z
kprof_061104656ada5d3945fc,,miles.brown.6671@example.com,Miles,Brown,subscribed,2026-01-17T11:25:21.000Z
kprof_49d15ca08dd2752ffc99,,alex.clark.7933@example.com,Alex,Clark,subscribed,2026-01-17T11:40:59.000Z
kprof_42ee175082a749bb0dad,cust_51c2859df6b42fec7c75,miles.young.5433@example.com,Miles,Young,subscribed,2026-01-17T14:43:21.000Z
kprof_63795f3405a72af0d036,cust_538e92c2a1475c05775b,iris.clark.4597@example.com,Iris,Clark,subscribed,2026-01-17T15:44:49.000Z
kprof_40650ced72ed48f5f2d9,,sofia.lee.1111@example.com,Sofia,Lee,subscribed,2026-01-17T17:30:55.000Z
kprof_a135af28869fb44e752f,,riley.smith.8517@example.com,Riley,Smith,subscribed,2026-01-17T20:57:09.000Z
kprof_279e9176ff47e2cae8ff,cust_7fae067d271e7695bece,nora.garcia.3253@example.com,Nora,Garcia,subscribed,2026-01-17T22:22:28.000Z
kprof_606f0eb7aa352ed69578,,evan.kim.7687@example.com,Evan,Kim,subscribed,2026-01-18T06:35:29.000Z
kprof_803b525c941253c51485,,morgan.clark.6868@example.com,Morgan,Clark,subscribed,2026-01-18T09:42:36.000Z
kprof_73db0c42b6c4cac62b63,,priya.young.3506@example.com,Priya,Young,subscribed,2026-01-18T16:05:11.000Z
kprof_a3ffad5bca60ea49aeda,,alex.kim.3038@example.com,Alex,Kim,subscribed,2026-01-18T20:33:29.000Z
kprof_6be2d24aaf6164b7cce8,,noah.miller.4415@example.com,Noah,Miller,subscribed,2026-01-18T21:23:46.000Z
kprof_3258a60438c2ebc5833f,,noah.hall.5137@example.com,Noah,Hall,subscribed,2026-01-18T22:07:45.000Z
kprof_c429ff277793cabe0418,,priya.garcia.5385@example.com,Priya,Garcia,subscribed,2026-01-18T23:10:42.000Z
kprof_3e131116c31ef04c8d5e,,iris.patel.6014@example.com,Iris,Patel,subscribed,2026-01-19T09:15:11.000Z
kprof_5d7051b38ea1ff97ea48,,miles.johnson.963@example.com,Miles,Johnson,subscribed,2026-01-19T11:02:31.000Z
kprof_343837d838470542f5f5,,drew.patel.1226@example.com,Drew,Patel,subscribed,2026-01-19T17:21:51.000Z
kprof_aa3887a9948df22d3b0f,,riley.anderson.6234@example.com,Riley,Anderson,subscribed,2026-01-19T19:27:20.000Z
kprof_27080e8a63ea657cdc43,,alex.kim.9281@example.com,Alex,Kim,subscribed,2026-01-19T21:55:40.000Z
kprof_9823aca142816bd3db75,,jamie.brown.7836@example.com,Jamie,Brown,subscribed,2026-01-20T07:55:23.000Z
kprof_cc80a9dc83e2941fa910,,noah.brown.3656@example.com,Noah,Brown,subscribed,2026-01-20T15:54:17.000Z
kprof_a06d8474e810eabb2c7c,,cameron.walker.9869@example.com,Cameron,Walker,subscribed,2026-01-20T20:14:14.000Z
kprof_c47cc6e3879245421558,cust_cff72b082ba654543c6b,lena.lewis.4942@example.com,Lena,Lewis,subscribed,2026-01-21T06:56:27.000Z
kprof_9af2227b0a6ddcb27993,cust_843bbb30d0868c6934d5,taylor.wilson.1419@example.com,Taylor,Wilson,subscribed,2026-01-21T08:37:23.000Z
kprof_8fc32901a461912bfba9,,morgan.davis.3996@example.com,Morgan,Davis,subscribed,2026-01-21T08:46:56.000Z
kprof_33222e2af119657384c4,,evan.kim.2946@example.com,Evan,Kim,subscribed,2026-01-21T10:39:01.000Z
kprof_736769e6697967e9c292,,casey.johnson.138@example.com,Casey,Johnson,subscribed,2026-01-21T13:54:13.000Z
kprof_19d89fc3bfc4fb0ba0ea,cust_aba8f5681f190465f5f2,morgan.wilson.386@example.com,Morgan,Wilson,subscribed,2026-01-21T21:05:49.000Z
kprof_a4d142ec4340d0921cec,,taylor.lee.836@example.com,Taylor,Lee,subscribed,2026-01-22T08:45:27.000Z
kprof_7b5496acd3dc829a5d52,cust_bb45db0341107d136289,drew.hall.2991@example.com,Drew,Hall,subscribed,2026-01-22T09:06:05.000Z
kprof_100eee8cefc3615ec9a5,,iris.hall.8206@example.com,Iris,Hall,subscribed,2026-01-22T09:36:34.000Z
kprof_bf232b04d7539307bc7b,cust_1107d46b44bec518126a,lena.lee.3961@example.com,Lena,Lee,subscribed,2026-01-22T09:56:06.000Z
kprof_cd2f94cb580a7f89fc64,,maya.allen.5035@example.com,Maya,Allen,subscribed,2026-01-22T11:01:43.000Z
kprof_a9f9298c46c095de9edc,cust_4895dbddd79903ccf492,casey.clark.4455@example.com,Casey,Clark,subscribed,2026-01-22T12:26:00.000Z
kprof_ebcc1557c33d51615604,,taylor.nguyen.2657@example.com,Taylor,Nguyen,subscribed,2026-01-22T15:41:14.000Z
kprof_af043bc9fc58030d67bf,,jordan.walker.1449@example.com,Jordan,Walker,subscribed,2026-01-22T17:31:56.000Z
kprof_37a789a718087b10e12a,cust_41202427d0a4b2e56ad7,miles.lee.9722@example.com,Miles,Lee,subscribed,2026-01-22T18:23:56.000Z
kprof_09be71fc201b31fe1f45,,miles.clark.1680@example.com,Miles,Clark,subscribed,2026-01-23T07:57:15.000Z
kprof_f525e9b3a3507912bf8f,cust_a169c4adfcb98c75eb75,taylor.hall.7794@example.com,Taylor,Hall,subscribed,2026-01-23T13:07:13.000Z
kprof_a4413dea608440863469,cust_e6eab57226dd0905819b,maya.nguyen.4391@example.com,Maya,Nguyen,subscribed,2026-01-23T18:34:34.000Z
kprof_7c7d1c620bfc2bd50f27,,evan.hall.8230@example.com,Evan,Hall,subscribed,2026-01-23T23:28:36.000Z
kprof_e9910cac98252a8942c3,,maya.allen.2928@example.com,Maya,Allen,subscribed,2026-01-24T10:57:28.000Z
kprof_0448b688b3e6ced79557,,jordan.wilson.7084@example.com,Jordan,Wilson,subscribed,2026-01-24T18:01:02.000Z
kprof_965faef5fbb52f04a35c,,nora.young.3852@example.com,Nora,Young,subscribed,2026-01-24T22:41:04.000Z
kprof_5ef4d135a2edcb38ba03,cust_99222b35d84683af3500,iris.walker.8741@example.com,Iris,Walker,subscribed,2026-01-24T22:50:51.000Z
kprof_e7b635f8bbe0f1dfccac,,evan.kim.1255@example.com,Evan,Kim,subscribed,2026-01-25T11:46:49.000Z
kprof_4a527a6dae2f1e17dec9,,taylor.johnson.8218@example.com,Taylor,Johnson,subscribed,2026-01-25T13:53:49.000Z
kprof_8af23a5a0baadb8a3cc3,cust_76094e47ac27198d2ccd,theo.hall.8915@example.com,Theo,Hall,subscribed,2026-01-25T15:09:08.000Z
kprof_4061f2c2e908feae7eab,,noah.hall.4839@example.com,Noah,Hall,subscribed,2026-01-25T17:08:46.000Z
kprof_68f9887584b5e8fe7a69,cust_9d86864136ccf2f11d6e,taylor.clark.6975@example.com,Taylor,Clark,subscribed,2026-01-25T18:11:49.000Z
kprof_2e29a46a8ecfcc65fa68,,taylor.hall.8822@example.com,Taylor,Hall,subscribed,2026-01-25T19:26:52.000Z
kprof_00974b6620a879ebf95c,,taylor.hall.6525@example.com,Taylor,Hall,subscribed,2026-01-26T07:27:05.000Z
kprof_81e826881e59da176296,,taylor.garcia.6411@example.com,Taylor,Garcia,subscribed,2026-01-26T08:47:23.000Z
kprof_882bd7fab04a72dba916,,morgan.brown.814@example.com,Morgan,Brown,subscribed,2026-01-26T09:28:06.000Z
kprof_d27f3b62ef5618f1e2d8,,miles.anderson.7281@example.com,Miles,Anderson,subscribed,2026-01-26T14:35:32.000Z
kprof_bd5388c11902a1553560,,noah.johnson.3962@example.com,Noah,Johnson,subscribed,2026-01-26T15:11:11.000Z
kprof_8e8bfca4933af714f64f,,casey.allen.282@example.com,Casey,Allen,subscribed,2026-01-26T16:41:48.000Z
kprof_58d23252aa5b4046ddfa,cust_467ab0d539e4f8df5b38,sofia.kim.5625@example.com,Sofia,Kim,subscribed,2026-01-27T09:24:13.000Z
kprof_daf9af5a37f2864e99e5,,evan.martinez.9214@example.com,Evan,Martinez,subscribed,2026-01-27T09:51:03.000Z
kprof_ed96238a9a7dca28a2f3,,evan.johnson.8025@example.com,Evan,Johnson,subscribed,2026-01-27T13:25:16.000Z
kprof_20867aae760ed2f628c8,,theo.wright.5525@example.com,Theo,Wright,subscribed,2026-01-27T13:35:42.000Z
kprof_4b45de8464b5df461346,,miles.patel.702@example.com,Miles,Patel,subscribed,2026-01-27T18:34:10.000Z
kprof_e98c8676822680b1e348,cust_43217afa457ce5ec8912,drew.martinez.7266@example.com,Drew,Martinez,subscribed,2026-01-27T19:01:19.000Z
kprof_c996bccd785d9be4ff79,,alex.miller.927@example.com,Alex,Miller,subscribed,2026-01-27T23:37:18.000Z
kprof_f7da40106c2903ae3ae6,,alex.hall.4358@example.com,Alex,Hall,subscribed,2026-01-28T08:50:38.000Z
kprof_390ff7db0003e929d5d6,,sofia.walker.1906@example.com,Sofia,Walker,subscribed,2026-01-28T10:24:26.000Z
kprof_0341833f101deeefe669,,casey.lee.4861@example.com,Casey,Lee,subscribed,2026-01-28T10:35:36.000Z
kprof_4c343204165c3895aa30,,drew.garcia.519@example.com,Drew,Garcia,subscribed,2026-01-28T11:26:59.000Z
kprof_1f9ff255c620b78bebab,cust_c09335b491037a6b0c16,iris.brown.1178@example.com,Iris,Brown,subscribed,2026-01-28T11:50:34.000Z
kprof_3eee81c43ffe3fa5d3e8,,jamie.garcia.7397@example.com,Jamie,Garcia,subscribed,2026-01-28T11:52:49.000Z
kprof_8df3ae6663e67f0dae30,,casey.johnson.9832@example.com,Casey,Johnson,subscribed,2026-01-28T14:32:14.000Z
kprof_703f1529dcbaf8b0ad41,cust_843ffe99961bec6399d9,jamie.clark.8902@example.com,Jamie,Clark,subscribed,2026-01-28T16:24:00.000Z
kprof_f2521c8954e08cded0c3,,casey.kim.8079@example.com,Casey,Kim,subscribed,2026-01-29T07:21:20.000Z
kprof_4abc7bd56dd68cd0a116,,priya.patel.1677@example.com,Priya,Patel,subscribed,2026-01-29T08:55:35.000Z
kprof_c17f3ebe0c6dc6a5bb3e,,evan.garcia.7894@example.com,Evan,Garcia,subscribed,2026-01-29T09:06:35.000Z
kprof_f55c476f5909729b951d,cust_4a484f501d56bc9fd2f3,cameron.nguyen.5890@example.com,Cameron,Nguyen,subscribed,2026-01-29T16:20:20.000Z
kprof_35a0033de2a4c55046be,,jamie.hall.1687@example.com,Jamie,Hall,subscribed,2026-01-30T10:55:44.000Z
kprof_3fc4426eabc566e48fee,,casey.garcia.367@example.com,Casey,Garcia,subscribed,2026-01-30T11:03:37.000Z
kprof_ddb9fe1fd20928cb6111,cust_ac7d7508254e90679874,riley.hall.5983@example.com,Riley,Hall,subscribed,2026-01-30T16:54:52.000Z
kprof_13e607ea1b63779f401e,,cameron.clark.8120@example.com,Cameron,Clark,subscribed,2026-01-30T20:09:22.000Z
kprof_7cbc4c6813a798aac4f3,cust_1e77ca5512954599d49f,miles.allen.1002@example.com,Miles,Allen,subscribed,2026-01-31T10:16:47.000Z
kprof_d534dec26e928a52c329,cust_2a2fa013190442b92e19,evan.lewis.1099@example.com,Evan,Lewis,subscribed,2026-01-31T11:33:31.000Z
kprof_c04938103414a38bc594,,cameron.garcia.8308@example.com,Cameron,Garcia,subscribed,2026-01-31T12:45:39.000Z
kprof_cd9443e5a6889a224039,,alex.smith.5697@example.com,Alex,Smith,subscribed,2026-01-31T15:42:12.000Z
kprof_d016f7cf709768a45c92,cust_ac134c083581e3cd5179,cameron.brown.8493@example.com,Cameron,Brown,subscribed,2026-01-31T20:03:03.000Z
kprof_3f2697d74ca394f946b7,,miles.lewis.3762@example.com,Miles,Lewis,subscribed,2026-02-01T08:25:37.000Z
kprof_68000e83cf9d3fe6a60a,cust_02a3421794224a3ecc5a,avery.hall.6714@example.com,Avery,Hall,subscribed,2026-02-01T08:26:38.000Z
kprof_c32bd392881e0df4d1ea,cust_2f4de23108b6aeb22333,evan.johnson.8937@example.com,Evan,Johnson,subscribed,2026-02-01T13:34:36.000Z
kprof_6dacb5f05975872f3189,,jordan.martinez.9856@example.com,Jordan,Martinez,subscribed,2026-02-01T15:34:03.000Z
kprof_91e3fc816c7048f55ef4,,theo.allen.669@example.com,Theo,Allen,subscribed,2026-02-01T17:15:18.000Z
kprof_2857d6e64b0c92e7a47c,,alex.smith.171@example.com,Alex,Smith,subscribed,2026-02-01T22:41:29.000Z
kprof_f439070318f365098d69,,cameron.anderson.5191@example.com,Cameron,Anderson,subscribed,2026-02-01T23:01:22.000Z
kprof_93b168aa0a1bb905aea0,,jamie.anderson.1510@example.com,Jamie,Anderson,subscribed,2026-02-02T07:25:18.000Z
kprof_11a38c1148b655c703a3,,alex.davis.4605@example.com,Alex,Davis,subscribed,2026-02-02T08:23:27.000Z
kprof_d0e43d67bf3ff0202adf,cust_8296979f53294e132149,jamie.nguyen.6851@example.com,Jamie,Nguyen,subscribed,2026-02-02T14:27:40.000Z
kprof_42d41809d7228b467d97,cust_8603c25c7f8e2cc54116,casey.brown.2578@example.com,Casey,Brown,subscribed,2026-02-02T15:56:37.000Z
kprof_46ec8fbf4795c4dfd894,cust_08aa6713036a9d07e8d6,nora.davis.2564@example.com,Nora,Davis,subscribed,2026-02-02T19:41:50.000Z
kprof_0e9c5dc044a1aa18c5ea,cust_625e59e561e88421c202,lena.patel.4413@example.com,Lena,Patel,unsubscribed,2026-02-02T19:57:46.000Z
kprof_296d9c17f700700b8bca,,casey.nguyen.1737@example.com,Casey,Nguyen,subscribed,2026-02-02T21:13:53.000Z
kprof_8cd679568fc75f9a5bdb,,jordan.young.4913@example.com,Jordan,Young,subscribed,2026-02-02T22:17:38.000Z
kprof_8d602335dd09186bc0a7,,casey.lewis.5268@example.com,Casey,Lewis,subscribed,2026-02-02T23:15:33.000Z
kprof_dd4fa19533b9ae73f9e7,cust_3ec77dd6f2c678f825db,riley.brown.5582@example.com,Riley,Brown,subscribed,2026-02-03T12:22:45.000Z
kprof_ac6199e0307a00369cbb,cust_a94655c92fcbb4d5c0e6,taylor.brown.7026@example.com,Taylor,Brown,subscribed,2026-02-03T13:25:14.000Z
kprof_bd104e549f3996518d4e,,casey.wilson.4465@example.com,Casey,Wilson,subscribed,2026-02-03T13:36:20.000Z
kprof_91ea40d4393e22274d50,,nora.johnson.1882@example.com,Nora,Johnson,subscribed,2026-02-03T15:20:36.000Z
kprof_4b1c3c88fd5637918aca,cust_fad144248cd02ec15ecb,theo.davis.1262@example.com,Theo,Davis,subscribed,2026-02-03T16:50:20.000Z
kprof_8ef2b19a5a2e323b9b3c,,maya.smith.977@example.com,Maya,Smith,subscribed,2026-02-03T17:51:53.000Z
kprof_130b85f276670fc37ca0,cust_4848a15725d897620437,casey.wilson.4138@example.com,Casey,Wilson,subscribed,2026-02-04T06:08:47.000Z
kprof_0c5473d55fecb9596d21,,jamie.nguyen.3913@example.com,Jamie,Nguyen,subscribed,2026-02-04T06:11:34.000Z
kprof_81a5104814a2918e6064,,nora.johnson.440@example.com,Nora,Johnson,subscribed,2026-02-04T07:03:45.000Z
kprof_81c7dd8a2dd90133456e,cust_c69a802280738bcd9b6b,sofia.hall.268@example.com,Sofia,Hall,subscribed,2026-02-04T08:19:48.000Z
kprof_f561b7aee1545bb5d5cf,cust_73a2dde28c118f306703,miles.lee.8321@example.com,Miles,Lee,subscribed,2026-02-04T12:12:59.000Z
kprof_09c8d41ab263ddcbd7e9,cust_848ebf52158799e13ecc,jamie.miller.1790@example.com,Jamie,Miller,subscribed,2026-02-04T12:34:35.000Z
kprof_464733e870247d46b7bf,cust_f3757ed3c1ff759c1999,iris.nguyen.7708@example.com,Iris,Nguyen,subscribed,2026-02-04T13:10:25.000Z
kprof_db258f8a57fc7cc76bcb,,drew.kim.7394@example.com,Drew,Kim,subscribed,2026-02-04T17:20:47.000Z
kprof_8fe8fa36315b4260fa44,,alex.davis.9475@example.com,Alex,Davis,subscribed,2026-02-04T19:45:51.000Z
kprof_0541bd32988342d23cdb,cust_8fd774e7907d2c847f4f,riley.nguyen.4533@example.com,Riley,Nguyen,subscribed,2026-02-04T20:00:41.000Z
kprof_4b2a22c408150683df6a,cust_340bda3e2ec09dbabb68,taylor.allen.7610@example.com,Taylor,Allen,subscribed,2026-02-05T06:39:10.000Z
kprof_c47e36a42b6f61bc0321,cust_b0ec65d21ca0f118932d,drew.patel.3510@example.com,Drew,Patel,subscribed,2026-02-05T07:11:56.000Z
kprof_b667b8395ce053ca5d3d,,iris.martinez.5003@example.com,Iris,Martinez,subscribed,2026-02-05T07:35:33.000Z
kprof_cb7c5ecfc41d3bd41064,,morgan.young.2495@example.com,Morgan,Young,subscribed,2026-02-05T13:06:29.000Z
kprof_a71a8667eb5292f01cd4,,maya.lee.5629@example.com,Maya,Lee,subscribed,2026-02-05T16:11:35.000Z
kprof_fd92dea423f839b826f4,,noah.hall.2421@example.com,Noah,Hall,subscribed,2026-02-05T17:00:13.000Z
kprof_48aa009db1eecd9c361c,,avery.johnson.7648@example.com,Avery,Johnson,subscribed,2026-02-05T19:35:16.000Z
kprof_6ea82d057bf26b3a00a0,cust_eb63894240166165d8fa,drew.davis.2677@example.com,Drew,Davis,subscribed,2026-02-05T19:37:27.000Z
kprof_a15d28cd543b7a14cee7,,alex.clark.4731@example.com,Alex,Clark,subscribed,2026-02-05T22:48:25.000Z
kprof_31fe35914a6bd8bb75e0,cust_34f52791295e2b1f1bc9,alex.patel.9032@example.com,Alex,Patel,subscribed,2026-02-06T07:48:38.000Z
kprof_db9b80c00769befc41f8,cust_b5202424026e54c0e36e,cameron.wright.5850@example.com,Cameron,Wright,subscribed,2026-02-06T11:36:10.000Z
kprof_6563a8d13316b8ff5b42,cust_b5157f2c9ef87de9c645,nora.wilson.3674@example.com,Nora,Wilson,subscribed,2026-02-06T14:31:23.000Z
kprof_63d75810cb4bd624ebf6,cust_3fe202bb5392f3e22d63,casey.wilson.6354@example.com,Casey,Wilson,subscribed,2026-02-06T14:33:21.000Z
kprof_b1e18f9040859df00fa9,cust_c3278c96923e0f593b7a,riley.kim.4526@example.com,Riley,Kim,subscribed,2026-02-06T16:32:30.000Z
kprof_eb3e3e6a4fe485351c3c,cust_af5b95d0af14748eb535,riley.miller.9351@example.com,Riley,Miller,subscribed,2026-02-06T16:36:53.000Z
kprof_e28da81aa039da681ea0,,evan.miller.6165@example.com,Evan,Miller,subscribed,2026-02-06T16:46:09.000Z
kprof_238b3a040e714dedfa6c,cust_67eebda896395a8819e2,avery.lewis.3912@example.com,Avery,Lewis,subscribed,2026-02-06T17:32:49.000Z
kprof_a5b477e7991426480f17,cust_503862a228d535500165,cameron.nguyen.8015@example.com,Cameron,Nguyen,subscribed,2026-02-06T19:32:27.000Z
kprof_079f05a1a127400371fd,cust_5f4e42e80a7a38703708,maya.wilson.1043@example.com,Maya,Wilson,subscribed,2026-02-06T20:13:35.000Z
kprof_31295d506f41b5885144,,sofia.martinez.8138@example.com,Sofia,Martinez,subscribed,2026-02-06T20:22:17.000Z
kprof_8fe0730349e36fabed85,cust_b8c721c42efe65d80de1,nora.hall.2194@example.com,Nora,Hall,subscribed,2026-02-06T23:19:24.000Z
kprof_099b2ecfeba653317881,,lena.davis.4794@example.com,Lena,Davis,subscribed,2026-02-07T08:08:19.000Z
kprof_de77aa62fc9615cbe0e2,cust_f8cdc7d9ce71d7feefee,theo.clark.7276@example.com,Theo,Clark,subscribed,2026-02-07T11:18:44.000Z
kprof_9e93770c3ff549eb4ef2,,riley.hall.9861@example.com,Riley,Hall,subscribed,2026-02-07T12:37:15.000Z
kprof_f1d1f10e24a90f7dcc6b,cust_d42bee5275c5e39ccde3,nora.martinez.2970@example.com,Nora,Martinez,subscribed,2026-02-07T16:04:04.000Z
kprof_fd46114c63c311f2782b,cust_3c63706c154e87820548,jordan.wright.5269@example.com,Jordan,Wright,subscribed,2026-02-07T16:52:40.000Z
kprof_c0073c6e9ca5540ad75f,,taylor.young.8298@example.com,Taylor,Young,unsubscribed,2026-02-07T17:26:29.000Z
kprof_fcb0fa3b5d08095f8210,,alex.martinez.3181@example.com,Alex,Martinez,subscribed,2026-02-07T17:49:19.000Z
kprof_2f190c723175c4e18371,,priya.hall.1737@example.com,Priya,Hall,subscribed,2026-02-07T17:50:42.000Z
kprof_9686ef296c358ef75475,,avery.hall.2893@example.com,Avery,Hall,subscribed,2026-02-08T07:13:52.000Z
kprof_d6d42d6024d675b7106b,cust_b3af745cd1ff71e15df8,jordan.davis.5725@example.com,Jordan,Davis,subscribed,2026-02-08T08:29:22.000Z
kprof_1546d595800076c4e6fe,cust_e47ff41e49cf3cfdce92,cameron.johnson.1063@example.com,Cameron,Johnson,subscribed,2026-02-08T11:28:49.000Z
kprof_b9b3076dff19f7376f03,,cameron.lewis.2300@example.com,Cameron,Lewis,subscribed,2026-02-08T12:42:32.000Z
kprof_73a57ad1c8f878366736,cust_f852f11543c8549fd0b2,alex.davis.6884@example.com,Alex,Davis,subscribed,2026-02-08T22:08:10.000Z
kprof_9cb4fa29ff9fd94291f8,cust_df37d1e9d455e7444df9,evan.kim.9057@example.com,Evan,Kim,subscribed,2026-02-09T06:46:15.000Z
kprof_77997e87d8fc56f53cc2,cust_d6dd6e235270d9a7ef16,riley.brown.5295@example.com,Riley,Brown,subscribed,2026-02-09T07:48:43.000Z
kprof_fdb304fc32b7a6164a0f,,taylor.lee.5642@example.com,Taylor,Lee,subscribed,2026-02-09T10:19:53.000Z
kprof_9fedee9c8144a69bf70c,cust_be46b654be718a2f916e,cameron.lee.2497@example.com,Cameron,Lee,subscribed,2026-02-09T12:11:46.000Z
kprof_eeafc7770a1d09ad7f23,cust_d035c9e34cd3c3bf0acf,alex.kim.604@example.com,Alex,Kim,subscribed,2026-02-09T18:17:19.000Z
kprof_5f4ab3d4ccaa1dc40992,cust_7636416ca066d8dbda5b,alex.allen.4915@example.com,Alex,Allen,subscribed,2026-02-09T20:24:57.000Z
kprof_ad2abee20d81641887c8,,theo.patel.6322@example.com,Theo,Patel,subscribed,2026-02-09T21:10:32.000Z
kprof_7c4f33f5de1daaafdd26,,lena.brown.1653@example.com,Lena,Brown,subscribed,2026-02-10T07:12:54.000Z
kprof_1130b16d7813f7195737,,avery.clark.4626@example.com,Avery,Clark,subscribed,2026-02-10T08:16:31.000Z
kprof_4297963d0ed21db35ae5,,jordan.hall.4502@example.com,Jordan,Hall,subscribed,2026-02-10T09:13:30.000Z
kprof_419b31c3665e3fef9fd2,,priya.garcia.2419@example.com,Priya,Garcia,subscribed,2026-02-10T09:21:44.000Z
kprof_8c68a2a66ade4d91c504,,priya.patel.4355@example.com,Priya,Patel,subscribed,2026-02-10T11:36:26.000Z
kprof_2327b762501d725829c8,cust_a57a7eb1a76150d008ef,sofia.johnson.6415@example.com,Sofia,Johnson,subscribed,2026-02-10T12:51:28.000Z
kprof_ddf63c46c6be0e1a42ab,cust_984e77cc1dc2bfd87a27,taylor.smith.5880@example.com,Taylor,Smith,subscribed,2026-02-10T12:59:01.000Z
kprof_573d5c0eddbebf277fb9,cust_6eab7611d16fd88eac5e,nora.lewis.7503@example.com,Nora,Lewis,subscribed,2026-02-10T17:51:18.000Z
kprof_f61c4a646decd899d772,,morgan.martinez.4752@example.com,Morgan,Martinez,subscribed,2026-02-10T20:12:37.000Z
kprof_6d22f9a5828346082d8c,,cameron.brown.141@example.com,Cameron,Brown,subscribed,2026-02-11T07:23:00.000Z
kprof_bf6e02ba5f25944c20a4,,casey.allen.6679@example.com,Casey,Allen,subscribed,2026-02-11T07:23:57.000Z
kprof_c69ed2271b084d75820d,,iris.kim.817@example.com,Iris,Kim,subscribed,2026-02-11T08:39:27.000Z
kprof_3f73b7d2cab5a03bb10f,cust_302d1e99cd13756d9ebd,evan.davis.2134@example.com,Evan,Davis,subscribed,2026-02-11T12:40:15.000Z
kprof_db09bbfcc1a325dd41de,,drew.lee.4238@example.com,Drew,Lee,subscribed,2026-02-11T15:05:54.000Z
kprof_8596fb23af3609ef538e,,jamie.smith.2657@example.com,Jamie,Smith,subscribed,2026-02-11T15:57:56.000Z
kprof_b37906c3771107e634fe,cust_d8f5c706944c8f4b2963,riley.kim.6357@example.com,Riley,Kim,subscribed,2026-02-11T19:22:34.000Z
kprof_c556c2674d86eaaddbbd,,taylor.brown.7052@example.com,Taylor,Brown,subscribed,2026-02-11T21:19:17.000Z
kprof_e9c60d689adf89319c82,,drew.garcia.7082@example.com,Drew,Garcia,subscribed,2026-02-11T22:54:25.000Z
kprof_e2d7eddc8a18b40b73b5,,theo.lewis.1372@example.com,Theo,Lewis,subscribed,2026-02-12T12:39:34.000Z
kprof_a36be7a576f60eccb518,cust_7e9ea4d64b88b21cef31,drew.johnson.8002@example.com,Drew,Johnson,subscribed,2026-02-12T15:15:52.000Z
kprof_d2db5f4d2f9374a6ed75,cust_dd4a1010131cd53a9a6d,casey.walker.4528@example.com,Casey,Walker,subscribed,2026-02-12T15:42:18.000Z
kprof_5c68ff5a6874fef42706,cust_8486933decab12928d69,priya.brown.1520@example.com,Priya,Brown,subscribed,2026-02-12T19:59:42.000Z
kprof_f277832ffecca2a139ac,,alex.brown.9112@example.com,Alex,Brown,subscribed,2026-02-13T07:41:25.000Z
kprof_0d0cb989c5e8401c57ac,,iris.walker.1290@example.com,Iris,Walker,subscribed,2026-02-13T08:02:29.000Z
kprof_f16cd5f68a9c12c626fa,,avery.garcia.6303@example.com,Avery,Garcia,subscribed,2026-02-13T10:25:58.000Z
kprof_636e2ae60d23a66eed34,cust_e3a245631da69d98fa87,alex.miller.3218@example.com,Alex,Miller,subscribed,2026-02-13T12:32:14.000Z
kprof_38e7632dc5265b4a415c,,maya.lee.7651@example.com,Maya,Lee,subscribed,2026-02-13T12:33:47.000Z
kprof_395231511c02c70cd259,,casey.young.267@example.com,Casey,Young,subscribed,2026-02-13T13:06:12.000Z
kprof_a6f9cd6c142937b30a7a,cust_83e0df584902aa9cd2e9,morgan.clark.4666@example.com,Morgan,Clark,subscribed,2026-02-13T13:14:45.000Z
kprof_2ea579c08b287079b817,,noah.anderson.8768@example.com,Noah,Anderson,subscribed,2026-02-13T14:24:00.000Z
kprof_ecca1c614362d0347e93,cust_217070f56f4c8746d273,noah.kim.5266@example.com,Noah,Kim,subscribed,2026-02-13T17:06:31.000Z
kprof_943a456d0040d1f99fc1,,evan.nguyen.3740@example.com,Evan,Nguyen,subscribed,2026-02-13T17:24:09.000Z
kprof_b89fc09a47389358f6d9,,lena.davis.3976@example.com,Lena,Davis,subscribed,2026-02-13T20:51:40.000Z
kprof_4991ab3a33578f209c02,cust_65d84105833f8e53cfc7,taylor.hall.1634@example.com,Taylor,Hall,subscribed,2026-02-13T20:54:21.000Z
kprof_5893992a28545fa40959,,jamie.kim.3563@example.com,Jamie,Kim,subscribed,2026-02-13T22:12:07.000Z
kprof_71c1b833ddb443ed7f70,,priya.smith.6920@example.com,Priya,Smith,subscribed,2026-02-14T11:53:17.000Z
kprof_5c87823ff394f7df6c92,cust_fc71eba4ce9e9d096321,evan.miller.1697@example.com,Evan,Miller,subscribed,2026-02-14T13:55:33.000Z
kprof_373c47239d7cd65cee2a,,jamie.garcia.4659@example.com,Jamie,Garcia,subscribed,2026-02-14T14:35:53.000Z
kprof_67a67479f96267ab80f0,,miles.johnson.9670@example.com,Miles,Johnson,subscribed,2026-02-14T16:38:06.000Z
kprof_fd7464864dbc961a4375,,lena.davis.4243@example.com,Lena,Davis,subscribed,2026-02-14T17:46:50.000Z
kprof_2eaf004f98de36a01b2c,cust_228e18e379cec4d2a5d5,maya.young.7460@example.com,Maya,Young,subscribed,2026-02-14T17:50:39.000Z
kprof_63c5b9d4e821352498bb,,nora.clark.8689@example.com,Nora,Clark,subscribed,2026-02-14T19:59:09.000Z
kprof_0b348780990125eae37d,cust_06392801fbbdd6e30975,priya.lee.776@example.com,Priya,Lee,subscribed,2026-02-14T20:54:44.000Z
kprof_482a04d0052c97163dfb,cust_735b25b21b6e4fcb15f4,jordan.kim.3144@example.com,Jordan,Kim,subscribed,2026-02-14T21:26:02.000Z
kprof_7d889007c2d565b6059c,,iris.wright.576@example.com,Iris,Wright,subscribed,2026-02-14T23:23:11.000Z
kprof_d4f5ee89b7f5d5acb0f6,cust_4def9957d9c3a3e8eca4,lena.anderson.7095@example.com,Lena,Anderson,subscribed,2026-02-15T07:36:30.000Z
kprof_f5050897558a8ebdd86f,,riley.walker.6261@example.com,Riley,Walker,subscribed,2026-02-15T09:01:07.000Z
kprof_c2054a4391d4d200cfd8,cust_6fd8d282edb96ab401bc,priya.hall.3164@example.com,Priya,Hall,subscribed,2026-02-15T13:48:30.000Z
kprof_ad363504c8056fbf9ccf,,morgan.allen.8211@example.com,Morgan,Allen,subscribed,2026-02-15T15:42:14.000Z
kprof_fc791942cc374726a6f4,,alex.smith.4935@example.com,Alex,Smith,subscribed,2026-02-15T17:42:50.000Z
kprof_9c49299d0be681d80c1b,cust_c4145a08e4bb9fa8eefe,nora.anderson.2501@example.com,Nora,Anderson,subscribed,2026-02-15T18:40:17.000Z
kprof_75d45918f613913b93f6,,nora.patel.3302@example.com,Nora,Patel,subscribed,2026-02-16T10:00:16.000Z
kprof_118d2b303a30c6765138,,nora.patel.8692@example.com,Nora,Patel,subscribed,2026-02-16T13:34:38.000Z
kprof_7c50706c76bfc23f3594,cust_7ad3753e599d655e7e0a,iris.clark.9511@example.com,Iris,Clark,subscribed,2026-02-16T15:10:17.000Z
kprof_1b406d3f8786cad61565,,maya.brown.1638@example.com,Maya,Brown,unsubscribed,2026-02-16T15:31:06.000Z
kprof_f7f733815411c3d06dea,,evan.nguyen.1941@example.com,Evan,Nguyen,subscribed,2026-02-16T21:27:58.000Z
kprof_4d6f091f1aa5ca38fa52,,drew.lee.8171@example.com,Drew,Lee,subscribed,2026-02-16T21:30:37.000Z
kprof_082368cd84b88ebcd7f2,,priya.smith.9198@example.com,Priya,Smith,subscribed,2026-02-16T22:26:22.000Z
kprof_3e48ae047aea8858df11,,lena.smith.1931@example.com,Lena,Smith,subscribed,2026-02-17T10:57:55.000Z
kprof_64cbb135ee628c5e67bb,,miles.hall.7511@example.com,Miles,Hall,subscribed,2026-02-17T14:32:48.000Z
kprof_de01a2f6abd9fb28087d,,iris.wilson.5762@example.com,Iris,Wilson,subscribed,2026-02-17T15:12:54.000Z
kprof_b4bf4293847c67124def,cust_7f8f97a83e424d4c23d7,sofia.johnson.949@example.com,Sofia,Johnson,subscribed,2026-02-17T15:14:23.000Z
kprof_f570048d6e1080124768,,drew.wilson.6384@example.com,Drew,Wilson,subscribed,2026-02-17T22:07:08.000Z
kprof_80a30a8424bcb54026bf,cust_d20d4bd12278e7e90393,cameron.lee.5469@example.com,Cameron,Lee,unsubscribed,2026-02-17T23:44:01.000Z
kprof_f1770a8b6e366f87df00,cust_3d2ec425a05273e8aed4,noah.martinez.721@example.com,Noah,Martinez,subscribed,2026-02-18T07:10:10.000Z
kprof_bf3786bdcf95b9e5fe49,cust_e05d43e992da10d31173,jordan.wilson.8357@example.com,Jordan,Wilson,subscribed,2026-02-18T07:19:32.000Z
kprof_3a5de25fc756a368fc5c,cust_97610aadea7136204d4d,miles.allen.2828@example.com,Miles,Allen,subscribed,2026-02-18T08:15:44.000Z
kprof_e61d84d2a3b713579311,cust_b7f12d1decc1c27900b2,lena.walker.1781@example.com,Lena,Walker,subscribed,2026-02-18T08:28:48.000Z
kprof_60b0a5918cadd66fb5cf,,iris.young.7670@example.com,Iris,Young,subscribed,2026-02-18T12:19:26.000Z
kprof_397b0da5c04c77a20803,,sofia.davis.5221@example.com,Sofia,Davis,subscribed,2026-02-18T13:07:28.000Z
kprof_070ff9055b795fccdf88,,iris.miller.4684@example.com,Iris,Miller,subscribed,2026-02-18T18:24:30.000Z
kprof_b18cf0d1e00db9d86be4,,evan.kim.9206@example.com,Evan,Kim,subscribed,2026-02-18T19:53:51.000Z
kprof_6cd487d39a25753a8da6,cust_4e9ae64800f86f0c0b4a,evan.lee.5598@example.com,Evan,Lee,subscribed,2026-02-18T21:41:29.000Z
kprof_03dd6dcf68ec8690b299,,maya.lewis.6139@example.com,Maya,Lewis,subscribed,2026-02-18T22:13:26.000Z
kprof_19192f726255e7964a65,cust_88349cb3d9457e7a1750,drew.young.1620@example.com,Drew,Young,subscribed,2026-02-19T15:33:01.000Z
kprof_262d1f1eb024ebdc26ee,cust_361a7ed1c05fa17350fe,taylor.clark.4461@example.com,Taylor,Clark,subscribed,2026-02-19T20:31:57.000Z
kprof_60374835cd614044e0de,cust_01d92416bee29fd654e8,taylor.smith.3666@example.com,Taylor,Smith,subscribed,2026-02-19T22:30:37.000Z
kprof_c2f4bb537bebb9786a09,,iris.johnson.6110@example.com,Iris,Johnson,subscribed,2026-02-20T07:23:38.000Z
kprof_3d66a4502e83e8171418,,casey.kim.3208@example.com,Casey,Kim,subscribed,2026-02-20T08:35:33.000Z
kprof_da04e635488b01125373,cust_e76d765eb6f0857f9307,avery.miller.2766@example.com,Avery,Miller,subscribed,2026-02-20T11:52:51.000Z
kprof_8ada47ee8818fcb66bf8,cust_068f81659d66eb52759d,avery.kim.1514@example.com,Avery,Kim,subscribed,2026-02-20T15:44:00.000Z
kprof_289d4f97870643489f14,cust_acb2c391c659ab81e586,lena.miller.7792@example.com,Lena,Miller,subscribed,2026-02-20T16:13:19.000Z
kprof_8f72d97d15c106671185,,iris.lewis.5809@example.com,Iris,Lewis,subscribed,2026-02-20T16:38:15.000Z
kprof_c3ff40ae6a49a50b6f8f,,taylor.davis.4326@example.com,Taylor,Davis,subscribed,2026-02-20T21:33:53.000Z
kprof_136779350a770d87ef7e,,morgan.young.6322@example.com,Morgan,Young,subscribed,2026-02-21T08:08:41.000Z
kprof_c0f3a4bec789314fc8c9,cust_a4d579e4a60f56f407a3,alex.garcia.2484@example.com,Alex,Garcia,subscribed,2026-02-21T09:03:19.000Z
kprof_8171341fb7a2eaeae2ea,,avery.davis.4401@example.com,Avery,Davis,subscribed,2026-02-21T09:45:09.000Z
kprof_f968fa2c6306189718ba,cust_2da9b8131ca14e91df21,morgan.anderson.604@example.com,Morgan,Anderson,unsubscribed,2026-02-21T11:25:51.000Z
kprof_9382cdf5f23737f57c48,cust_d8ec9d712159e697695c,noah.wright.1865@example.com,Noah,Wright,subscribed,2026-02-21T14:01:33.000Z
kprof_70e53609fc88db42eba5,cust_be17bb769d443679302d,theo.garcia.4968@example.com,Theo,Garcia,subscribed,2026-02-21T14:59:21.000Z
kprof_95013b57ab9ab057b2bb,cust_4259c249b7707860177c,alex.martinez.1207@example.com,Alex,Martinez,subscribed,2026-02-21T15:20:24.000Z
kprof_f174e582d73f2ec5b100,cust_fbe646c5e0481154026d,casey.garcia.8841@example.com,Casey,Garcia,subscribed,2026-02-21T18:14:13.000Z
kprof_a9e212a469006eaf27fb,cust_cfcc2c512d614c473146,riley.anderson.4701@example.com,Riley,Anderson,subscribed,2026-02-21T19:06:52.000Z
kprof_a398194d07bc47a2710a,,alex.nguyen.2755@example.com,Alex,Nguyen,subscribed,2026-02-21T20:20:11.000Z
kprof_ecd7e1ae23223a9d5489,cust_64c77d317585ebcf086b,sofia.miller.4445@example.com,Sofia,Miller,subscribed,2026-02-21T21:02:27.000Z
kprof_b6c75d0291253f13b867,cust_53fda01c314ffa88800e,avery.hall.6485@example.com,Avery,Hall,subscribed,2026-02-21T22:36:41.000Z
kprof_b77cc1124f145d3574f3,,noah.smith.2974@example.com,Noah,Smith,subscribed,2026-02-22T10:12:09.000Z
kprof_e647c73e349c607fbe0e,cust_8b03c6791d398681ccfd,iris.johnson.7718@example.com,Iris,Johnson,subscribed,2026-02-22T19:56:17.000Z
kprof_0c5ee3becbcb11ac2678,cust_6e5d120680b7655542c0,nora.wilson.6537@example.com,Nora,Wilson,subscribed,2026-02-22T22:17:42.000Z
kprof_107c88e48f4db800ac31,cust_c9d18fb9a47b872b5d26,cameron.wright.157@example.com,Cameron,Wright,subscribed,2026-02-23T08:24:39.000Z
kprof_f1195ca84a01ffb20a9b,cust_0e1e5396d01dfedcc758,sofia.smith.7056@example.com,Sofia,Smith,subscribed,2026-02-23T10:45:53.000Z
kprof_6372a3d75f6c70860ca2,cust_1233358750fed70e7015,nora.wright.8786@example.com,Nora,Wright,subscribed,2026-02-23T12:02:35.000Z
kprof_d8a7e3800264cb84ad07,,jordan.martinez.2902@example.com,Jordan,Martinez,subscribed,2026-02-23T12:40:55.000Z
kprof_d12331db88e2e6169c2c,,taylor.davis.1038@example.com,Taylor,Davis,subscribed,2026-02-23T12:45:46.000Z
kprof_f727f5d049c2ad5efcc8,cust_62fe3d65dd6c3ff984ad,cameron.hall.4390@example.com,Cameron,Hall,subscribed,2026-02-24T06:08:33.000Z
kprof_dc2f2f5c406419cd34a5,cust_a16af41d6774fcfb4a41,maya.brown.3966@example.com,Maya,Brown,subscribed,2026-02-24T09:12:04.000Z
kprof_65e2f0e10a3652688bed,,jordan.wright.4530@example.com,Jordan,Wright,subscribed,2026-02-24T10:33:47.000Z
kprof_bd1455d0c87afa61b68d,,cameron.young.8455@example.com,Cameron,Young,subscribed,2026-02-24T12:48:40.000Z
kprof_14b62a0fc8cc6a8da7a1,cust_b29113d188512badd20a,riley.davis.6297@example.com,Riley,Davis,subscribed,2026-02-24T13:26:15.000Z
kprof_70fcab7c0c7e99edc0ed,cust_0f2b246cdb7bd6fc7d5e,riley.hall.9260@example.com,Riley,Hall,subscribed,2026-02-24T15:49:40.000Z
kprof_40e24ab97e8c0dcd2080,,riley.wilson.3720@example.com,Riley,Wilson,subscribed,2026-02-24T16:38:45.000Z
kprof_9ebf8432f6183800c744,cust_677b6571d75d24da5f5a,evan.anderson.7605@example.com,Evan,Anderson,subscribed,2026-02-24T16:54:58.000Z
kprof_b209bd96c46c369e3043,cust_9d14631dafd11f8433ba,lena.johnson.196@example.com,Lena,Johnson,subscribed,2026-02-24T22:32:21.000Z
kprof_662d7368985b336d8496,cust_049f523232ece4049e9e,miles.kim.1924@example.com,Miles,Kim,subscribed,2026-02-25T08:11:25.000Z
kprof_074efebb0d9115c0e709,cust_f8894fc47c0e75da82a4,jordan.anderson.2960@example.com,Jordan,Anderson,subscribed,2026-02-25T08:33:16.000Z
kprof_638d1d2de15cb2198369,cust_945431441ebea38cd24e,theo.smith.1018@example.com,Theo,Smith,subscribed,2026-02-25T13:34:49.000Z
kprof_b48b1c60b3781200c7bf,,sofia.kim.3679@example.com,Sofia,Kim,subscribed,2026-02-25T14:10:10.000Z
kprof_4b9343e1e9c653e945bf,cust_55995df146cd8331551b,theo.allen.4092@example.com,Theo,Allen,subscribed,2026-02-25T15:00:12.000Z
kprof_99371e0d1042752bfc31,,drew.miller.5572@example.com,Drew,Miller,subscribed,2026-02-25T16:40:38.000Z
kprof_32c6bea4f47a8c0562b7,cust_ce1ee86b9497d2904a3b,taylor.walker.2734@example.com,Taylor,Walker,subscribed,2026-02-25T17:06:38.000Z
kprof_ddba2e1af6b70dbad488,,theo.lewis.7106@example.com,Theo,Lewis,subscribed,2026-02-25T18:02:06.000Z
kprof_8f27808573528a737979,,morgan.wright.892@example.com,Morgan,Wright,subscribed,2026-02-25T18:09:04.000Z
kprof_2e05281e5f60d2d5c461,,jordan.garcia.5622@example.com,Jordan,Garcia,subscribed,2026-02-25T20:24:41.000Z
kprof_3cbe3eefbe013878dd61,,priya.young.6232@example.com,Priya,Young,subscribed,2026-02-25T22:50:46.000Z
kprof_3c8512e5af35fea61163,cust_117699c1a979051ea994,theo.lewis.7546@example.com,Theo,Lewis,subscribed,2026-02-25T23:39:28.000Z
kprof_a3b85c85482e6d80e8df,cust_6e40a75fd32e5082fb9f,taylor.miller.235@example.com,Taylor,Miller,subscribed,2026-02-26T17:20:00.000Z
kprof_d956a176de5f4c4a4787,cust_0da588e7b597018aa8c3,iris.miller.7160@example.com,Iris,Miller,subscribed,2026-02-26T22:26:14.000Z
kprof_d5d8effdc4545bfe0ad9,,taylor.smith.932@example.com,Taylor,Smith,subscribed,2026-02-26T23:41:18.000Z
kprof_865b217ec35876e3899c,cust_14fe2d4cf21dbaaf9160,maya.martinez.3582@example.com,Maya,Martinez,subscribed,2026-02-27T07:04:23.000Z
kprof_e0ab46fd605a247c479b,cust_eda15b6d5e77326acba6,jordan.nguyen.1879@example.com,Jordan,Nguyen,subscribed,2026-02-27T09:40:21.000Z
kprof_829c5671ff4c96e0e174,cust_9c30ae9f794591018215,lena.walker.3330@example.com,Lena,Walker,subscribed,2026-02-27T12:25:19.000Z
kprof_c46a039bea85ffde6585,,theo.patel.8663@example.com,Theo,Patel,subscribed,2026-02-27T20:46:24.000Z
kprof_bf7114b359cbbd49b087,,priya.patel.455@example.com,Priya,Patel,subscribed,2026-02-27T22:29:56.000Z
kprof_25096deea257936f1cbb,,priya.wilson.3602@example.com,Priya,Wilson,subscribed,2026-02-28T14:43:47.000Z
kprof_10d5e87c5e23074b99d1,,priya.wright.2157@example.com,Priya,Wright,unsubscribed,2026-02-28T16:42:41.000Z
kprof_c45a8c111df93d4a8eed,,drew.wilson.6359@example.com,Drew,Wilson,subscribed,2026-02-28T18:09:20.000Z
kprof_6c24e5136eb906c663be,,morgan.lee.3534@example.com,Morgan,Lee,subscribed,2026-02-28T21:57:46.000Z
kprof_cfbcf6fd2a8009355ff2,cust_3870ff8e8e01a54da00d,miles.martinez.4882@example.com,Miles,Martinez,subscribed,2026-02-28T22:06:30.000Z
kprof_800253c0318354cebe32,,lena.davis.6650@example.com,Lena,Davis,subscribed,2026-02-28T22:34:45.000Z
kprof_9e1deda1b65cbc409c5c,cust_dcaf9394b086873a7568,priya.lee.382@example.com,Priya,Lee,subscribed,2026-02-28T22:37:31.000Z
kprof_94f185197f1eb5ecb7e5,cust_9c06b6eb316da9d9d4a2,maya.young.8055@example.com,Maya,Young,subscribed,2026-02-28T23:50:22.000Z
kprof_47d012d33c6a292d09ca,cust_e715db4878b0d61d549c,theo.hall.7996@example.com,Theo,Hall,subscribed,2026-03-01T12:08:24.000Z
kprof_4426b6f78cf986a4c425,cust_643ff017ec396cf15336,lena.patel.2768@example.com,Lena,Patel,unsubscribed,2026-03-01T15:53:00.000Z
kprof_4d216f66476a23839cd0,cust_fa8c78de4938f0b07df4,nora.allen.8359@example.com,Nora,Allen,subscribed,2026-03-01T18:47:34.000Z
kprof_8e5e44fc8c24bd05ffcd,,riley.anderson.6263@example.com,Riley,Anderson,subscribed,2026-03-01T20:37:19.000Z
kprof_8826cef40bea5b3e2abd,cust_7fc8717b020187800c4f,nora.nguyen.6327@example.com,Nora,Nguyen,subscribed,2026-03-01T21:24:09.000Z
kprof_916cca928ab8404e0fed,cust_e68cf0d28ceb7a04ca06,miles.brown.4503@example.com,Miles,Brown,subscribed,2026-03-01T23:05:02.000Z
kprof_d9c800bdbf746187eefe,cust_6493fd2f7ba9606a9c6d,avery.walker.7516@example.com,Avery,Walker,subscribed,2026-03-01T23:09:14.000Z
kprof_7e4e1a60885dc5ebe431,,priya.hall.4978@example.com,Priya,Hall,subscribed,2026-03-01T23:39:46.000Z
kprof_4d42b4d714cf6b06cab1,cust_cb9e937a3f563a2a4707,riley.patel.293@example.com,Riley,Patel,subscribed,2026-03-02T07:25:25.000Z
kprof_71d38afa225839174144,,lena.young.9442@example.com,Lena,Young,subscribed,2026-03-02T08:09:44.000Z
kprof_793529bc314c57d0edad,,iris.smith.6602@example.com,Iris,Smith,subscribed,2026-03-02T11:03:52.000Z
kprof_73d79cf62e0a5a508551,,alex.anderson.4708@example.com,Alex,Anderson,subscribed,2026-03-02T13:55:23.000Z
kprof_d062805cb2fcac22375d,cust_db3ce1d5941f38c5b273,noah.davis.188@example.com,Noah,Davis,subscribed,2026-03-02T14:06:30.000Z
kprof_26996ac74f45a774e36b,,theo.anderson.5053@example.com,Theo,Anderson,subscribed,2026-03-02T14:09:53.000Z
kprof_bff5fe708899b759b917,cust_6d9e61db03ab21d625f8,jamie.anderson.4351@example.com,Jamie,Anderson,subscribed,2026-03-02T14:27:18.000Z
kprof_3d4e8ceac1fafb80d30a,,drew.patel.1564@example.com,Drew,Patel,subscribed,2026-03-02T16:45:27.000Z
kprof_924fd04cb274656e6edf,cust_3d6bbefeaffadde991e4,alex.clark.7926@example.com,Alex,Clark,subscribed,2026-03-02T16:48:59.000Z
kprof_731052626a363901a7c2,cust_3ff6c4bbf63c79ca19f6,riley.walker.1331@example.com,Riley,Walker,subscribed,2026-03-02T17:51:37.000Z
kprof_318486bfd3687b2d6b0f,cust_959721655eca125d7ed5,morgan.allen.8425@example.com,Morgan,Allen,subscribed,2026-03-02T18:58:15.000Z
kprof_dd8d62e1a89b6f117959,,jordan.kim.3069@example.com,Jordan,Kim,subscribed,2026-03-02T19:33:01.000Z
kprof_42b2623d7262191fd636,cust_b7841da1a3d2662a5ee8,morgan.wright.6524@example.com,Morgan,Wright,subscribed,2026-03-02T19:42:26.000Z
kprof_8abe83aa8d5618811a7d,cust_5f66771485b2fd4cd7b8,avery.wilson.118@example.com,Avery,Wilson,subscribed,2026-03-02T20:55:28.000Z
kprof_d4b5fba568f270d78d0d,,casey.hall.8320@example.com,Casey,Hall,subscribed,2026-03-02T22:32:03.000Z
kprof_260fb8d1e37fb6d8a131,,lena.clark.4100@example.com,Lena,Clark,subscribed,2026-03-03T07:15:12.000Z
kprof_dc3a73966b0780063098,cust_c5d8a3cd2be8c520dcff,taylor.young.7900@example.com,Taylor,Young,subscribed,2026-03-03T10:08:21.000Z
kprof_a05d2f72acb927dc3ae1,,cameron.anderson.6758@example.com,Cameron,Anderson,subscribed,2026-03-03T11:11:32.000Z
kprof_6d885789ce610d0d0e49,cust_d34e9c27696bb0ad05f1,jamie.kim.1703@example.com,Jamie,Kim,subscribed,2026-03-03T12:06:14.000Z
kprof_911e83532674e2a9e17a,,jordan.walker.9195@example.com,Jordan,Walker,subscribed,2026-03-03T12:13:57.000Z
kprof_ac73c784c3a9d70d5476,cust_79dddac521532c5fb78d,noah.johnson.9576@example.com,Noah,Johnson,subscribed,2026-03-03T14:17:35.000Z
kprof_040d5c9d8c80936119b4,,alex.walker.7788@example.com,Alex,Walker,subscribed,2026-03-03T15:40:33.000Z
kprof_372d06f47039b032cb17,cust_da0c7d87cb59be41e7b6,noah.brown.8120@example.com,Noah,Brown,subscribed,2026-03-03T16:14:49.000Z
kprof_48635cdb5b9344c84b6f,cust_3179b670eb643cb42f3b,evan.kim.6934@example.com,Evan,Kim,subscribed,2026-03-03T18:57:47.000Z
kprof_373ae2a49633451a5666,cust_1498cb75bea18562fa92,casey.hall.5396@example.com,Casey,Hall,subscribed,2026-03-03T23:17:55.000Z
kprof_b54ea153961a59f72f6b,cust_13ebf54e382ffc1f9aa4,avery.hall.8230@example.com,Avery,Hall,subscribed,2026-03-04T06:17:24.000Z
kprof_9252ee6a10f730d5a217,,morgan.anderson.5891@example.com,Morgan,Anderson,subscribed,2026-03-04T06:24:56.000Z
kprof_f8beaa705ad1a20c3550,,miles.lewis.3018@example.com,Miles,Lewis,subscribed,2026-03-04T06:33:44.000Z
kprof_4adb8b50df01454f63c8,cust_3bbcdbd0ea0724cc4fd9,cameron.anderson.3055@example.com,Cameron,Anderson,subscribed,2026-03-04T06:43:31.000Z
kprof_109b1dfa4a860f2c9c2e,,morgan.allen.9696@example.com,Morgan,Allen,subscribed,2026-03-04T08:55:04.000Z
kprof_da1dda3fe6a5b85cd731,,priya.hall.2510@example.com,Priya,Hall,subscribed,2026-03-04T10:53:18.000Z
kprof_2709e4d7799711c75ca4,,theo.lewis.3913@example.com,Theo,Lewis,subscribed,2026-03-04T12:01:30.000Z
kprof_e5184af72866fe7855ae,cust_8af7e68e1645ddb4d1c8,alex.kim.3262@example.com,Alex,Kim,subscribed,2026-03-04T16:37:50.000Z
kprof_902c99d648eb6e78c87d,,casey.lewis.285@example.com,Casey,Lewis,subscribed,2026-03-04T18:19:53.000Z
kprof_d0b60ae30f307d7bbae4,cust_1650858083de2eff17d1,alex.clark.4146@example.com,Alex,Clark,subscribed,2026-03-04T18:54:17.000Z
kprof_1c26d24539095fea3f68,cust_e0d35c0e259a1fdfddae,taylor.martinez.1411@example.com,Taylor,Martinez,subscribed,2026-03-04T19:21:00.000Z
kprof_d03025a959c11276bdf5,,cameron.hall.9044@example.com,Cameron,Hall,subscribed,2026-03-04T20:12:43.000Z
kprof_520ce8fa94d752f8a130,cust_da7bb30d3f1df4b4456f,evan.allen.6907@example.com,Evan,Allen,subscribed,2026-03-04T21:25:08.000Z
kprof_a13cd4fe90eea1d96538,cust_dad763cf348bf2ff97e3,jordan.smith.9853@example.com,Jordan,Smith,subscribed,2026-03-04T22:41:06.000Z
kprof_5574a9b5b6a04a35b98b,cust_47e6ddee7617184d6ab4,priya.smith.1367@example.com,Priya,Smith,subscribed,2026-03-05T07:21:28.000Z
kprof_d69c30a2b25f8c15ced3,cust_5203abeac28b063f81bc,avery.allen.946@example.com,Avery,Allen,subscribed,2026-03-05T07:50:48.000Z
kprof_6976b9b0b4db6bdce88c,cust_5e01623a54cec6aed496,nora.anderson.6963@example.com,Nora,Anderson,subscribed,2026-03-05T08:44:47.000Z
kprof_a5861223efe7cca44da6,,cameron.kim.9941@example.com,Cameron,Kim,subscribed,2026-03-05T09:05:00.000Z
kprof_e8c35235fd5ebb04e102,cust_02131b8162e1f638e2ac,miles.clark.977@example.com,Miles,Clark,subscribed,2026-03-05T10:17:20.000Z
kprof_d8cec88f654718e958cb,cust_b19d0b34e94f9318acbe,jamie.brown.663@example.com,Jamie,Brown,subscribed,2026-03-05T12:14:05.000Z
kprof_0d57ff68e59156b67d3c,,priya.nguyen.2472@example.com,Priya,Nguyen,subscribed,2026-03-05T13:13:14.000Z
kprof_2c9c2cbf26d7044dca46,,sofia.johnson.2678@example.com,Sofia,Johnson,subscribed,2026-03-05T17:37:12.000Z
kprof_344fad04eb8b253ed033,,jamie.brown.8599@example.com,Jamie,Brown,subscribed,2026-03-05T21:22:01.000Z
kprof_09a5765917e21ae99a19,cust_6a8e08fd2fea9adea43f,maya.miller.1867@example.com,Maya,Miller,subscribed,2026-03-06T06:15:17.000Z
kprof_5b03aea77a60b51ef885,,riley.lee.3786@example.com,Riley,Lee,subscribed,2026-03-06T06:26:19.000Z
kprof_66269afb4d8dad8d7760,,jordan.patel.4464@example.com,Jordan,Patel,subscribed,2026-03-06T09:21:04.000Z
kprof_01180a473a3b474de918,,jamie.miller.6493@example.com,Jamie,Miller,subscribed,2026-03-06T09:28:34.000Z
kprof_0fd6a1fcbc45b27168de,,riley.allen.4664@example.com,Riley,Allen,subscribed,2026-03-06T10:11:18.000Z
kprof_549e5304f58808e91d35,,nora.walker.5222@example.com,Nora,Walker,subscribed,2026-03-06T12:32:44.000Z
kprof_b415ce4269fd448ea149,,jordan.clark.458@example.com,Jordan,Clark,subscribed,2026-03-06T13:29:47.000Z
kprof_82acaa96f4d56e5976d2,,avery.miller.6380@example.com,Avery,Miller,subscribed,2026-03-06T17:15:34.000Z
kprof_5ea6c7052bab401ce4eb,cust_0d361f99291bdca70b61,jamie.brown.9278@example.com,Jamie,Brown,subscribed,2026-03-06T18:59:08.000Z
kprof_e4ff32a24d53a5ae27aa,,nora.johnson.6361@example.com,Nora,Johnson,subscribed,2026-03-06T21:16:57.000Z
kprof_f7edf3420bf750892826,cust_61dd37bd95a5811a0f52,theo.young.543@example.com,Theo,Young,subscribed,2026-03-06T21:56:53.000Z
kprof_24c30bea9c408727406e,cust_5657d4c5aeb7b92ec10b,evan.allen.1141@example.com,Evan,Allen,subscribed,2026-03-07T06:31:22.000Z
kprof_52bd6d53ff3655f13d33,,alex.young.4902@example.com,Alex,Young,subscribed,2026-03-07T07:32:08.000Z
kprof_fdb566d2f336d3603190,cust_f7f0ea7d8fe3bf203fb2,noah.smith.2193@example.com,Noah,Smith,subscribed,2026-03-07T09:59:31.000Z
kprof_ea630ec1a67dcb6dfa21,cust_ea591095ccacc8625c33,iris.patel.5976@example.com,Iris,Patel,subscribed,2026-03-07T11:29:21.000Z
kprof_496ab899c7050bda9da8,,evan.lewis.2445@example.com,Evan,Lewis,subscribed,2026-03-07T15:23:15.000Z
kprof_6c068fadef3449a11cc8,cust_21b0ef04d046a7962e38,nora.brown.9086@example.com,Nora,Brown,subscribed,2026-03-07T16:14:06.000Z
kprof_96026a6e8f8784942d9e,,riley.patel.3730@example.com,Riley,Patel,subscribed,2026-03-07T16:56:43.000Z
kprof_17e2749d934b69f92f10,cust_e0c126a222bd2979267f,jordan.hall.5461@example.com,Jordan,Hall,subscribed,2026-03-07T18:44:35.000Z
kprof_b1c66290ef8de8786b39,,evan.hall.8322@example.com,Evan,Hall,subscribed,2026-03-07T19:27:21.000Z
kprof_a32fdfd3b8b5d19e47da,,cameron.miller.6633@example.com,Cameron,Miller,subscribed,2026-03-07T19:35:50.000Z
kprof_1e250a5afa60223adc0f,cust_6ba78c22bcafa9a5a4db,nora.lee.6394@example.com,Nora,Lee,subscribed,2026-03-07T20:32:39.000Z
kprof_49245a8b7c233f59a853,,morgan.smith.1438@example.com,Morgan,Smith,subscribed,2026-03-08T06:49:02.000Z
kprof_d23feb5cce822f1ee617,cust_d3a9a431196292acc69a,nora.miller.8340@example.com,Nora,Miller,subscribed,2026-03-08T12:47:51.000Z
kprof_7aad34d28758412dfe1d,cust_fa11ba9d1174115c007d,casey.johnson.2183@example.com,Casey,Johnson,subscribed,2026-03-08T12:59:05.000Z
kprof_a208914eec8df4ded2cb,cust_883e0afcbfdfa57c2ed5,nora.anderson.8490@example.com,Nora,Anderson,subscribed,2026-03-08T15:22:07.000Z
kprof_00a414283f1b9bc8a95e,cust_8fc9f50c4e56b3c9fd37,taylor.wilson.5749@example.com,Taylor,Wilson,subscribed,2026-03-08T16:39:14.000Z
kprof_6cbcc2d3a43f060df9ee,,lena.smith.8608@example.com,Lena,Smith,subscribed,2026-03-08T19:20:12.000Z
kprof_04957d624dbf1cdf9d09,,drew.martinez.9824@example.com,Drew,Martinez,subscribed,2026-03-08T19:40:47.000Z
kprof_06d5e02f086caf02bd0c,,jamie.johnson.680@example.com,Jamie,Johnson,subscribed,2026-03-08T20:05:00.000Z
kprof_2bbe989b480144eeea40,cust_5735926917056f3130d7,jordan.davis.780@example.com,Jordan,Davis,subscribed,2026-03-08T22:52:39.000Z
kprof_a2c9d7995dc58d995296,,riley.martinez.9408@example.com,Riley,Martinez,subscribed,2026-03-09T07:42:15.000Z
kprof_dddfd66a25dd9bbc5d5e,cust_fa61386d485276a0a280,casey.wright.6231@example.com,Casey,Wright,subscribed,2026-03-09T09:21:41.000Z
kprof_4b1c688efaf696bb6467,,drew.clark.4364@example.com,Drew,Clark,subscribed,2026-03-09T09:50:52.000Z
kprof_85f7a747e390fa98435b,cust_a9421f092a6c8a999c12,jordan.lee.4617@example.com,Jordan,Lee,subscribed,2026-03-09T09:59:54.000Z
kprof_323808557e75baf2d601,,alex.garcia.4477@example.com,Alex,Garcia,subscribed,2026-03-09T10:29:39.000Z
kprof_55fa0e7b2b2b11ebc474,,avery.allen.7268@example.com,Avery,Allen,subscribed,2026-03-09T10:59:42.000Z
kprof_4390e85cce97ca1080d7,cust_98ae21d754d2504be618,maya.martinez.6276@example.com,Maya,Martinez,subscribed,2026-03-09T13:29:59.000Z
kprof_66c278986a4d74faa8dc,cust_05f3790785af63cfdd45,drew.patel.7474@example.com,Drew,Patel,subscribed,2026-03-09T13:37:48.000Z
kprof_3827e98e94e7648df7d0,cust_6994509720c312421cc8,alex.miller.5940@example.com,Alex,Miller,subscribed,2026-03-09T15:32:14.000Z
kprof_c26b3bd5196a8ae09e3f,cust_a5c16ac770a0149f321a,lena.kim.6729@example.com,Lena,Kim,subscribed,2026-03-09T17:40:55.000Z
kprof_933e43829a7895f4fb18,,noah.kim.1603@example.com,Noah,Kim,subscribed,2026-03-09T20:27:13.000Z
kprof_7ff4aa06c6a1c3e8f989,cust_27be33b07486fcd4d44b,riley.young.9298@example.com,Riley,Young,subscribed,2026-03-09T22:40:30.000Z
kprof_87b98ea57b896a96065e,cust_48a40568101c2ce3777d,morgan.lee.9799@example.com,Morgan,Lee,subscribed,2026-03-10T07:30:26.000Z
kprof_a80b7d61096ba9d43c29,cust_e28d262b6c41006b34a2,riley.hall.7968@example.com,Riley,Hall,subscribed,2026-03-10T07:57:42.000Z
kprof_12147c8d8a71af31df97,cust_2917b561dab18720c57d,jamie.garcia.2477@example.com,Jamie,Garcia,subscribed,2026-03-10T08:48:36.000Z
kprof_19cf0421efab7bfae02a,,lena.lewis.749@example.com,Lena,Lewis,subscribed,2026-03-10T09:45:27.000Z
kprof_55544c68d2b100484ff4,,theo.lewis.2220@example.com,Theo,Lewis,subscribed,2026-03-10T10:49:26.000Z
kprof_848a4eea32e8f9a612e1,cust_12a526bbe4e09eaf89e6,theo.nguyen.3360@example.com,Theo,Nguyen,subscribed,2026-03-10T10:56:01.000Z
kprof_76cf5264a1a0ffa3fd70,,avery.allen.1887@example.com,Avery,Allen,subscribed,2026-03-10T15:03:57.000Z
kprof_6d22a770460cb9d37c3b,cust_7f32bf644f98a025c079,nora.lewis.4211@example.com,Nora,Lewis,subscribed,2026-03-10T15:34:49.000Z
kprof_0756a045812e3949bbe5,,riley.miller.3625@example.com,Riley,Miller,subscribed,2026-03-10T15:37:01.000Z
kprof_5413b26699a7dccb6f16,,alex.wright.4143@example.com,Alex,Wright,subscribed,2026-03-10T16:17:52.000Z
kprof_6ccf1eb9e9107418ab3f,cust_a234edeba1dcacf2c51a,jamie.martinez.4325@example.com,Jamie,Martinez,subscribed,2026-03-10T18:40:39.000Z
kprof_99adab1106a3ef7bbf1f,cust_7f42996455f0dee736e0,theo.walker.9676@example.com,Theo,Walker,subscribed,2026-03-10T19:39:58.000Z
kprof_4c2903cbf58ea6d6d5f5,cust_b23c34e8684aae09d1b5,maya.kim.3330@example.com,Maya,Kim,subscribed,2026-03-10T21:37:58.000Z
kprof_2a9dce6452a5cbefe3b7,cust_5e78b22bade130ab9542,riley.wright.2976@example.com,Riley,Wright,subscribed,2026-03-10T22:00:56.000Z
kprof_7841a8a2a0b6de2745c2,,riley.allen.2998@example.com,Riley,Allen,subscribed,2026-03-10T22:49:17.000Z
kprof_dd4d511db6fa315a1778,,noah.johnson.1353@example.com,Noah,Johnson,subscribed,2026-03-11T07:02:17.000Z
kprof_ccc982e334725b318fbe,,iris.nguyen.227@example.com,Iris,Nguyen,subscribed,2026-03-11T09:21:43.000Z
kprof_8a830c919ff619368146,,priya.davis.6315@example.com,Priya,Davis,subscribed,2026-03-11T09:53:23.000Z
kprof_417624d9eb9fa71cb32a,cust_ada607b5f9303abc5aa7,taylor.allen.8754@example.com,Taylor,Allen,subscribed,2026-03-11T09:57:43.000Z
kprof_ee0daf0dd493abf2fe6d,cust_ee0d4633b3b9c71a2ba3,jamie.kim.3063@example.com,Jamie,Kim,subscribed,2026-03-11T10:08:57.000Z
kprof_879a493abe19679637fa,cust_5a6deee6ee215e98f69d,miles.brown.7978@example.com,Miles,Brown,subscribed,2026-03-11T13:28:37.000Z
kprof_ae355f9ca68b5294c6e7,,noah.young.201@example.com,Noah,Young,subscribed,2026-03-11T13:37:05.000Z
kprof_15a7e9d76445d04c9784,,morgan.lee.7301@example.com,Morgan,Lee,subscribed,2026-03-11T15:57:41.000Z
kprof_9b88516c5d99631d7dc4,cust_40ddc8f76f41f9e0761c,taylor.wilson.2954@example.com,Taylor,Wilson,subscribed,2026-03-11T15:59:47.000Z
kprof_3b0025a4a70f4a388223,cust_aa979732cc8efaf3918d,sofia.garcia.9660@example.com,Sofia,Garcia,subscribed,2026-03-11T18:32:05.000Z
kprof_f6c36e83b03bceeb0b60,,drew.wright.7499@example.com,Drew,Wright,subscribed,2026-03-11T19:41:03.000Z
kprof_91268448544ae5676541,,lena.anderson.9796@example.com,Lena,Anderson,subscribed,2026-03-11T21:44:04.000Z
kprof_981265159893bbd38386,cust_fae453b57216c3b0808e,iris.nguyen.1648@example.com,Iris,Nguyen,subscribed,2026-03-12T07:00:04.000Z
kprof_673603be5ca512676ec6,cust_72d6d205274768a89159,riley.walker.9061@example.com,Riley,Walker,subscribed,2026-03-12T10:15:05.000Z
kprof_f89da49be16c6416a6e3,cust_76a55613f59923e6d612,alex.clark.9868@example.com,Alex,Clark,subscribed,2026-03-12T12:12:36.000Z
kprof_30e4998e9869545a5d3d,cust_0b83458c8937c85c809d,morgan.brown.1726@example.com,Morgan,Brown,subscribed,2026-03-12T13:38:07.000Z
kprof_3bb58f927949a6691d9f,,taylor.walker.1250@example.com,Taylor,Walker,subscribed,2026-03-12T14:33:19.000Z
kprof_146b160f1fd86ee3a488,,jamie.wilson.7202@example.com,Jamie,Wilson,subscribed,2026-03-12T15:00:34.000Z
kprof_0ba1d0d39b8d50d38c33,cust_3608f838be53549f2358,maya.johnson.3022@example.com,Maya,Johnson,subscribed,2026-03-12T18:34:03.000Z
kprof_de31538549aadbfb9eb1,cust_2caf006c88258b4e6871,evan.young.6459@example.com,Evan,Young,subscribed,2026-03-13T12:32:46.000Z
kprof_e4a537c00404dd53fd4f,,jamie.wilson.5836@example.com,Jamie,Wilson,subscribed,2026-03-13T16:20:17.000Z
kprof_b63845470ba1a93d2487,,maya.martinez.5985@example.com,Maya,Martinez,subscribed,2026-03-13T16:48:21.000Z
kprof_4ab661d58d3e1ed293c6,cust_04be9003980243189e66,nora.martinez.9908@example.com,Nora,Martinez,unsubscribed,2026-03-13T18:39:42.000Z
kprof_3bc6fafe5dbe6ca5a34e,,evan.hall.4024@example.com,Evan,Hall,subscribed,2026-03-13T20:13:29.000Z
kprof_c809d214131768a89091,cust_dc6d8a4e77e09da3340d,drew.wright.6874@example.com,Drew,Wright,subscribed,2026-03-13T23:05:06.000Z
kprof_d35dd7e7365660147757,cust_bc6c1c22e634feab6593,theo.johnson.9030@example.com,Theo,Johnson,subscribed,2026-03-13T23:25:04.000Z
kprof_a05c744c244d0af955d5,,avery.anderson.7596@example.com,Avery,Anderson,subscribed,2026-03-14T07:30:02.000Z
kprof_2d15acf78d53ef977d48,cust_caf5cf1a671f26e918fd,noah.walker.912@example.com,Noah,Walker,subscribed,2026-03-14T09:04:11.000Z
kprof_e35d5f45f6e7d982507e,,theo.garcia.1176@example.com,Theo,Garcia,subscribed,2026-03-14T10:28:23.000Z
kprof_82df8924f6bead9cc8ec,cust_ee7e5cc6c61206b7ce1b,morgan.davis.4497@example.com,Morgan,Davis,subscribed,2026-03-14T11:15:29.000Z
kprof_6d1adfc41e72d30ec19e,cust_0fceec50158174b13bc2,lena.hall.6227@example.com,Lena,Hall,subscribed,2026-03-14T11:37:32.000Z
kprof_86f535119054a6566e85,,priya.wright.5627@example.com,Priya,Wright,subscribed,2026-03-14T12:25:58.000Z
kprof_d3833ad9bfa1faa0da4d,cust_1da7eb92b6a2d449d6a3,morgan.young.662@example.com,Morgan,Young,subscribed,2026-03-14T13:14:29.000Z
kprof_71ff7da406248651da7f,,taylor.clark.7881@example.com,Taylor,Clark,subscribed,2026-03-14T15:27:13.000Z
kprof_a63b5c497b7748175a4b,,alex.smith.8735@example.com,Alex,Smith,subscribed,2026-03-14T18:16:57.000Z
kprof_d554169b34dc3e5a5afd,cust_65d7ba59c5c7a443140a,miles.martinez.2908@example.com,Miles,Martinez,subscribed,2026-03-14T19:01:00.000Z
kprof_6bdfd5471b852958afa3,cust_f82cef94082cec944669,morgan.davis.9824@example.com,Morgan,Davis,subscribed,2026-03-14T19:19:44.000Z
kprof_9bd5f75754e6174c4a88,,jamie.young.708@example.com,Jamie,Young,subscribed,2026-03-14T20:46:52.000Z
kprof_bd5f51f33a5de212093e,cust_4748f5aa02926d1bd957,drew.davis.4266@example.com,Drew,Davis,subscribed,2026-03-14T20:48:55.000Z
kprof_d917501c08e12c95da4e,,priya.smith.5264@example.com,Priya,Smith,subscribed,2026-03-14T21:47:10.000Z
kprof_9bb6b4fb2869dbb5468b,,taylor.wright.6306@example.com,Taylor,Wright,subscribed,2026-03-14T21:56:21.000Z
kprof_954e5948da28c4724449,cust_da0b9520135f451f92ff,iris.garcia.2497@example.com,Iris,Garcia,subscribed,2026-03-15T06:58:59.000Z
kprof_48e363f3b68b8a40ea6f,cust_40a6c43c9f8406795d9a,iris.nguyen.6060@example.com,Iris,Nguyen,subscribed,2026-03-15T07:56:15.000Z
kprof_1d231a36965ba455e90f,cust_88403ae10bbad038d232,taylor.smith.1527@example.com,Taylor,Smith,unsubscribed,2026-03-15T07:57:37.000Z
kprof_c32e1e9a18af18ca721a,,drew.davis.322@example.com,Drew,Davis,subscribed,2026-03-15T09:46:21.000Z
kprof_da7b422377bc6d527a44,,taylor.young.3540@example.com,Taylor,Young,subscribed,2026-03-15T11:06:29.000Z
kprof_380668bfdd1830a4dd4f,cust_2a4efe6820e4d0c25362,jordan.patel.3370@example.com,Jordan,Patel,unsubscribed,2026-03-15T11:20:31.000Z
kprof_0b1eb9981d73a6664437,cust_50ce895e7b75a0e49402,iris.allen.1387@example.com,Iris,Allen,subscribed,2026-03-15T11:22:56.000Z
kprof_f3e7f226630d4acdca82,,alex.nguyen.1850@example.com,Alex,Nguyen,subscribed,2026-03-15T14:36:58.000Z
kprof_1166fd503d86603676bf,cust_459bed70c7a56fffea43,miles.davis.482@example.com,Miles,Davis,subscribed,2026-03-15T16:03:27.000Z
kprof_347715bd573f853591fb,cust_2c8df8e325d3bbb8977b,avery.anderson.5487@example.com,Avery,Anderson,subscribed,2026-03-15T17:40:43.000Z
kprof_9353f1a10e5aed769faf,cust_db0d8fa1b3b8b872a420,miles.garcia.2555@example.com,Miles,Garcia,subscribed,2026-03-15T19:51:03.000Z
kprof_29e6d8c742676434971a,,jamie.wilson.5159@example.com,Jamie,Wilson,subscribed,2026-03-15T22:08:04.000Z
kprof_c543ef8143edd454a400,,theo.wright.2501@example.com,Theo,Wright,subscribed,2026-03-15T22:47:02.000Z
kprof_14ce624f8f2d617c477f,,iris.wilson.177@example.com,Iris,Wilson,subscribed,2026-03-16T07:54:06.000Z
kprof_ee58680026e6f3ce6cde,,casey.wright.739@example.com,Casey,Wright,subscribed,2026-03-16T09:50:38.000Z
kprof_a6901c3f95e8c17a99a4,,casey.johnson.2757@example.com,Casey,Johnson,unsubscribed,2026-03-16T11:14:28.000Z
kprof_33ac2f8e61b6ffee80db,cust_c11758eb929f1c2fee6b,theo.wilson.2348@example.com,Theo,Wilson,subscribed,2026-03-16T14:08:11.000Z
kprof_85f7a8047a7c3947e155,cust_127030e3a2bfb7c2bf0d,taylor.lee.157@example.com,Taylor,Lee,subscribed,2026-03-16T14:43:40.000Z
kprof_9575d8d792568fa5f627,cust_447ef7cc78511b6012dd,morgan.davis.3675@example.com,Morgan,Davis,subscribed,2026-03-16T17:47:40.000Z
kprof_aecdda00816cbfd39dfc,,priya.brown.3027@example.com,Priya,Brown,unsubscribed,2026-03-16T20:08:10.000Z
kprof_5fac8f84d8351c2db29e,,alex.johnson.3904@example.com,Alex,Johnson,subscribed,2026-03-16T21:08:04.000Z
kprof_3e56f8310471fd1a6db6,cust_9281a6fa7156bd6d9037,maya.garcia.1411@example.com,Maya,Garcia,subscribed,2026-03-16T23:19:52.000Z
kprof_e7a40c196e7253812831,cust_eef556b5af487366e593,theo.lee.4303@example.com,Theo,Lee,unsubscribed,2026-03-17T07:00:32.000Z
kprof_9f0159e23af1d1f5d0d5,,miles.anderson.3254@example.com,Miles,Anderson,subscribed,2026-03-17T07:45:22.000Z
kprof_24479066ccd42c8f4b53,,taylor.davis.6094@example.com,Taylor,Davis,subscribed,2026-03-17T09:13:49.000Z
kprof_1f05250b4388ccd93828,cust_4ca05d5d9aed821890a6,alex.allen.1468@example.com,Alex,Allen,subscribed,2026-03-17T14:26:41.000Z
kprof_ffeb0a93dbda49376c65,cust_0394e982b5c48dd28a70,cameron.davis.3932@example.com,Cameron,Davis,subscribed,2026-03-17T15:12:26.000Z
kprof_ea181069c1fbfd05a0ad,cust_16bd36d1c06a7039c1a9,priya.allen.2204@example.com,Priya,Allen,subscribed,2026-03-17T15:36:12.000Z
kprof_5613bb811f23cbf4b768,cust_4f018bd2492b7c10fd7c,priya.walker.7958@example.com,Priya,Walker,subscribed,2026-03-17T15:42:32.000Z
kprof_8aae2c78e630bfc4d2c9,cust_2a56707186dc0641de2d,sofia.johnson.3561@example.com,Sofia,Johnson,subscribed,2026-03-17T17:18:17.000Z
kprof_a28c0c8cdb55b513b244,cust_3c55eb51dd1974d3436c,sofia.smith.4301@example.com,Sofia,Smith,subscribed,2026-03-17T20:25:15.000Z
kprof_83d0ba96b19a7f60314d,cust_9525ea72b7d82df702b6,morgan.nguyen.8938@example.com,Morgan,Nguyen,subscribed,2026-03-17T20:59:12.000Z
kprof_5db920a7c7da32f22a13,cust_c99b450a43e647ce8a8e,cameron.davis.8811@example.com,Cameron,Davis,subscribed,2026-03-17T22:56:23.000Z
kprof_30549764ade8226991b7,cust_ba1c18ca394f7dafce11,iris.miller.4215@example.com,Iris,Miller,subscribed,2026-03-18T07:12:18.000Z
kprof_a71847e3ad2b023b86c9,cust_b2fa3d71846a53f78ef0,morgan.lee.6192@example.com,Morgan,Lee,subscribed,2026-03-18T07:58:51.000Z
kprof_cd33fcca93572eefd348,cust_1d447bd97d496cbcbb94,jordan.nguyen.621@example.com,Jordan,Nguyen,subscribed,2026-03-18T08:27:08.000Z
kprof_bc553bda2450db0a2c27,,riley.brown.4446@example.com,Riley,Brown,subscribed,2026-03-18T10:29:40.000Z
kprof_aee07430ede21d5bd0b9,cust_f799e012b63138f36124,cameron.miller.3347@example.com,Cameron,Miller,subscribed,2026-03-18T11:55:43.000Z
kprof_742455d774c076b0c726,,jordan.walker.7364@example.com,Jordan,Walker,subscribed,2026-03-18T12:35:35.000Z
kprof_02e8de4e41dd946e2fe9,cust_3f4434a5a1764d48eec8,drew.kim.3259@example.com,Drew,Kim,subscribed,2026-03-18T13:24:40.000Z
kprof_ab192dc9cd29df5baad3,cust_0fe07010904a1391e221,sofia.davis.7880@example.com,Sofia,Davis,subscribed,2026-03-18T15:05:45.000Z
kprof_3fce5d55568aeb574eb8,cust_f42b72156fc953eafc35,drew.patel.5784@example.com,Drew,Patel,subscribed,2026-03-18T15:25:03.000Z
kprof_d7324063850de078119c,cust_ee549158dbb56a8bbe68,miles.miller.5861@example.com,Miles,Miller,subscribed,2026-03-18T22:07:27.000Z
kprof_b566da4de500b1193b27,,taylor.young.8764@example.com,Taylor,Young,subscribed,2026-03-18T23:26:32.000Z
kprof_61c871f6a8d8ca878619,,drew.patel.2276@example.com,Drew,Patel,subscribed,2026-03-18T23:54:10.000Z
kprof_853e18f877c7f3e4b498,cust_81798031a02ac16815e9,noah.miller.6644@example.com,Noah,Miller,subscribed,2026-03-19T06:37:23.000Z
kprof_04dfc845ee9bbd8cf2ad,cust_d4d6c42da940e0d93798,noah.clark.7090@example.com,Noah,Clark,subscribed,2026-03-19T10:24:25.000Z
kprof_24a12b50e6ca7b78f11b,,taylor.miller.9271@example.com,Taylor,Miller,subscribed,2026-03-19T10:37:38.000Z
kprof_d6f92a2d45e37773e758,cust_9b60187538d4b197c2a9,nora.hall.2884@example.com,Nora,Hall,subscribed,2026-03-19T10:42:30.000Z
kprof_5a0e6f1e11c6d53d8a39,cust_decf533ee960b29ed93a,noah.davis.7361@example.com,Noah,Davis,subscribed,2026-03-19T10:48:23.000Z
kprof_a56558e5e616252254aa,cust_6c7ced81dd5987adf3af,alex.walker.1654@example.com,Alex,Walker,subscribed,2026-03-19T16:24:48.000Z
kprof_20593b5e1b38be6ba627,,taylor.anderson.4465@example.com,Taylor,Anderson,subscribed,2026-03-19T20:44:59.000Z
kprof_19f5122cf8d6fe60cd96,,jamie.lewis.3198@example.com,Jamie,Lewis,subscribed,2026-03-19T22:20:47.000Z
kprof_b36401a8859e21536dfb,cust_f774af6f0e09535b27d7,theo.lee.8982@example.com,Theo,Lee,subscribed,2026-03-19T23:14:07.000Z
kprof_7003e46eaa98cc0c7ba3,,drew.miller.363@example.com,Drew,Miller,subscribed,2026-03-20T08:08:28.000Z
kprof_ed575913fad39a92570c,cust_dbaa905ac8ae61d294cd,jamie.wright.6161@example.com,Jamie,Wright,subscribed,2026-03-20T08:44:34.000Z
kprof_234d23d6922e021ebac9,,nora.nguyen.6736@example.com,Nora,Nguyen,subscribed,2026-03-20T09:33:21.000Z
kprof_b0c77e13063af14f714b,cust_03f4701f540453ba748f,morgan.allen.1372@example.com,Morgan,Allen,subscribed,2026-03-20T09:35:55.000Z
kprof_abd97eee45e0c3f40cfc,cust_83e5be50608ab4087b21,taylor.smith.1549@example.com,Taylor,Smith,subscribed,2026-03-20T10:54:56.000Z
kprof_9c8c6aa2a0e9d8889ad8,cust_ff2676feb3e61f526f30,alex.smith.2708@example.com,Alex,Smith,unsubscribed,2026-03-20T12:49:54.000Z
kprof_d61363424e5ab532425d,cust_59b93b2b356df3867380,taylor.wright.8449@example.com,Taylor,Wright,subscribed,2026-03-20T13:07:09.000Z
kprof_07d50c1ff4ec6115caec,,jamie.nguyen.2144@example.com,Jamie,Nguyen,subscribed,2026-03-20T13:21:32.000Z
kprof_ea1d945a49f95244ebb3,cust_fccb6a7ada52004a4994,nora.anderson.9125@example.com,Nora,Anderson,subscribed,2026-03-20T17:21:54.000Z
kprof_ea48544f5b3572b7d445,cust_fe7a06871d2ca88a3446,casey.hall.2617@example.com,Casey,Hall,subscribed,2026-03-20T18:57:29.000Z
kprof_ba50c71a0378c67377c5,cust_d9915243d727d575caeb,nora.martinez.2787@example.com,Nora,Martinez,subscribed,2026-03-20T21:09:12.000Z
kprof_862aebddf0f4b6bd35f0,cust_7ed3c67f38301e918935,noah.wilson.5701@example.com,Noah,Wilson,subscribed,2026-03-20T21:43:27.000Z
kprof_25ab77c2f3f4ed4723e6,cust_e91a91362fd5a9f80bcb,iris.lewis.6589@example.com,Iris,Lewis,subscribed,2026-03-21T06:28:28.000Z
kprof_b145087463b1c875d4d7,cust_e7e5ebe5d9778b91d162,morgan.young.6094@example.com,Morgan,Young,subscribed,2026-03-21T06:30:31.000Z
kprof_05f30b5d3d4ac488dae8,cust_81beb0ce446211a3b279,jordan.hall.9951@example.com,Jordan,Hall,subscribed,2026-03-21T07:52:16.000Z
kprof_9419f7aa335ac69e04e2,cust_8428b1442ffe60cd6a00,sofia.davis.7310@example.com,Sofia,Davis,subscribed,2026-03-21T08:21:58.000Z
kprof_bc810ed6c84c02bff5e1,cust_63868f4858180629f792,miles.lee.6144@example.com,Miles,Lee,subscribed,2026-03-21T11:07:54.000Z
kprof_c360336d93ed90192964,cust_996f2e72993b1a9fa80a,lena.miller.8230@example.com,Lena,Miller,subscribed,2026-03-21T11:25:24.000Z
kprof_da45104c40e8775efcde,cust_332f4473a084ef00e061,sofia.garcia.8975@example.com,Sofia,Garcia,subscribed,2026-03-21T12:39:40.000Z
kprof_0948e2311c286aa8c5e8,,theo.clark.5909@example.com,Theo,Clark,subscribed,2026-03-21T15:16:21.000Z
kprof_21f3e6fa733015457c13,cust_228cc5fa8ecf2470be45,iris.young.6420@example.com,Iris,Young,subscribed,2026-03-21T15:55:16.000Z
kprof_3019bdf7ec58b6b77555,,taylor.clark.2571@example.com,Taylor,Clark,subscribed,2026-03-21T16:58:22.000Z
kprof_6ccf99a867b8ef5c96c5,cust_9c2bb20e5ce2c91502a9,evan.anderson.9692@example.com,Evan,Anderson,subscribed,2026-03-21T20:51:13.000Z
kprof_7d141053140dc59de765,cust_34972e8c79e970902050,morgan.wilson.7535@example.com,Morgan,Wilson,subscribed,2026-03-21T22:27:25.000Z
kprof_3f25cbdd2c6fec185b6f,cust_a1390d6e7e5e5660114c,sofia.walker.3510@example.com,Sofia,Walker,subscribed,2026-03-21T22:50:17.000Z
kprof_bb2e1bfeacbaa9d70cd1,,miles.miller.6358@example.com,Miles,Miller,subscribed,2026-03-22T06:42:20.000Z
kprof_df72162c4268052b72bb,cust_875f2df7749059ef1f1f,morgan.wright.2632@example.com,Morgan,Wright,subscribed,2026-03-22T07:38:42.000Z
kprof_cc504aef16a9fcdd626a,cust_d70e68cfa7d68a1a767a,lena.brown.2100@example.com,Lena,Brown,subscribed,2026-03-22T07:49:48.000Z
kprof_ea4a808628c201fd5399,cust_4f5b3600f2e0567ea23e,cameron.clark.9668@example.com,Cameron,Clark,subscribed,2026-03-22T08:06:25.000Z
kprof_ff6c2147c267c326a125,cust_af2675cef33c04623c13,alex.young.6894@example.com,Alex,Young,subscribed,2026-03-22T12:34:16.000Z
kprof_03c1623c9b5dcf2a493f,cust_5ed5c4f49f653366dbf9,theo.miller.9032@example.com,Theo,Miller,subscribed,2026-03-22T13:30:45.000Z
kprof_affd289e6d9e87ad5071,,morgan.anderson.6946@example.com,Morgan,Anderson,subscribed,2026-03-22T13:56:28.000Z
kprof_ed29340f9c3f8cff01f4,cust_95b5965b52d7e1105aaa,morgan.allen.1263@example.com,Morgan,Allen,subscribed,2026-03-22T16:38:17.000Z
kprof_551285c2a66033f4de75,cust_c5880005db89669365e7,jamie.wright.5588@example.com,Jamie,Wright,subscribed,2026-03-22T17:08:38.000Z
kprof_ca4f2cf507c5260a8cac,cust_76befa87c034cfe3205d,miles.wright.8111@example.com,Miles,Wright,subscribed,2026-03-22T19:41:31.000Z
kprof_9bb9d8e0e7372bf0d08b,,cameron.wilson.2953@example.com,Cameron,Wilson,subscribed,2026-03-22T19:56:02.000Z
kprof_485e641fd28f5f778ee8,,iris.lee.4635@example.com,Iris,Lee,subscribed,2026-03-22T20:12:07.000Z
kprof_c0c3274799e466b7da03,cust_ff2997d504000e052d05,drew.davis.8435@example.com,Drew,Davis,subscribed,2026-03-22T21:34:13.000Z
kprof_57463306d1e438008a2f,,nora.wright.307@example.com,Nora,Wright,subscribed,2026-03-23T09:41:48.000Z
kprof_fbf91c4171c1c996055c,cust_8fb219722e2d58fe8892,taylor.garcia.7463@example.com,Taylor,Garcia,subscribed,2026-03-23T10:30:11.000Z
kprof_64c8cc039985b52159ce,cust_81d2f17c16c4fbcce255,taylor.nguyen.5423@example.com,Taylor,Nguyen,subscribed,2026-03-23T10:51:48.000Z
kprof_8bb1a71819f575b308cb,cust_25efe0a520f2d6abb6d7,riley.lee.2748@example.com,Riley,Lee,subscribed,2026-03-23T11:05:49.000Z
kprof_8b36d33041dc8530739a,cust_0735223c1e4a4cb33e9f,cameron.anderson.5763@example.com,Cameron,Anderson,subscribed,2026-03-23T11:45:07.000Z
kprof_b8a4210d6e93a0f1fa46,cust_3071f6f0ef7ad245a6cb,alex.johnson.9924@example.com,Alex,Johnson,subscribed,2026-03-23T13:58:06.000Z
kprof_7ecddccae719b781e486,cust_806fb93bdbc0a26050bd,riley.kim.2076@example.com,Riley,Kim,subscribed,2026-03-23T14:41:37.000Z
kprof_bb346378c6bd6dacc518,cust_6786ff64c0b3ce9a00a3,priya.kim.8982@example.com,Priya,Kim,subscribed,2026-03-23T15:54:06.000Z
kprof_9efe9d7c6908c974ab9f,,morgan.nguyen.1645@example.com,Morgan,Nguyen,unsubscribed,2026-03-23T18:40:05.000Z
kprof_e5934b5edd0637d5b89e,cust_15ea54bba0077c897baa,avery.patel.3573@example.com,Avery,Patel,subscribed,2026-03-23T20:57:45.000Z
kprof_8f79b693fa966772eea4,cust_909946b5f20105bc3982,sofia.anderson.8174@example.com,Sofia,Anderson,subscribed,2026-03-23T22:03:39.000Z
kprof_41e15e8fd09a32f1860e,cust_2f7a0e7c55d4561c24e3,sofia.wilson.1743@example.com,Sofia,Wilson,subscribed,2026-03-24T07:39:43.000Z
kprof_54d564f83bc4eb85713d,cust_f97a7be9897b9cb55638,nora.garcia.3814@example.com,Nora,Garcia,subscribed,2026-03-24T07:56:40.000Z
kprof_740b716ad259e89d5e4b,,sofia.brown.7058@example.com,Sofia,Brown,subscribed,2026-03-24T09:16:03.000Z
kprof_85ab1025a53ed3ec7436,cust_d12bdeb82f914ea438aa,casey.garcia.747@example.com,Casey,Garcia,subscribed,2026-03-24T09:49:57.000Z
kprof_e2613ad53705c1bafe2e,cust_1e22c6c8e66ae5276bed,evan.davis.9553@example.com,Evan,Davis,subscribed,2026-03-24T14:39:58.000Z
kprof_02532282a8fca7b4c9cc,,cameron.brown.3194@example.com,Cameron,Brown,subscribed,2026-03-24T16:09:44.000Z
kprof_d800309bfd55087b8853,cust_969040b3265b6dad4c3f,sofia.clark.9162@example.com,Sofia,Clark,subscribed,2026-03-24T17:51:36.000Z
kprof_7616aa699924279d6926,cust_964d18ca4b8d65651ace,jamie.garcia.1359@example.com,Jamie,Garcia,subscribed,2026-03-24T20:57:28.000Z
kprof_5ebb47eaa6a0ed0d0b6e,,drew.miller.2339@example.com,Drew,Miller,subscribed,2026-03-24T21:32:11.000Z
kprof_a75259cd05e390953d34,cust_b46fe354753ef5fcce43,miles.miller.3563@example.com,Miles,Miller,subscribed,2026-03-24T21:39:03.000Z
kprof_31349d05d8ecc4559198,,lena.nguyen.8056@example.com,Lena,Nguyen,subscribed,2026-03-24T23:26:31.000Z
kprof_ab5ab6f815dfeb319999,cust_f94fba5b677019425dd1,sofia.young.3056@example.com,Sofia,Young,subscribed,2026-03-25T06:31:20.000Z
kprof_b22dcbe4e601fbb89494,cust_7d3c8770ad457822d5d3,maya.walker.9178@example.com,Maya,Walker,subscribed,2026-03-25T06:38:19.000Z
kprof_d21a27688f81ae929baa,cust_7dfa6d2d42eeeabe5b58,theo.martinez.5723@example.com,Theo,Martinez,subscribed,2026-03-25T07:04:14.000Z
kprof_a667b56613771c080595,cust_12626339d0e6ee32f5f4,noah.brown.7513@example.com,Noah,Brown,subscribed,2026-03-25T09:21:07.000Z
kprof_162bf9879f0e88541056,,iris.anderson.4076@example.com,Iris,Anderson,subscribed,2026-03-25T12:53:19.000Z
kprof_46daf234f2ce02d5af95,cust_604cb742c2ad4709d416,nora.young.5466@example.com,Nora,Young,subscribed,2026-03-25T13:52:26.000Z
kprof_7c4d0cf30cecd801c623,cust_212982d000d922fbe698,alex.nguyen.5309@example.com,Alex,Nguyen,subscribed,2026-03-25T17:08:25.000Z
kprof_1bb41570d65399239257,cust_26c6e5cc17b216815162,nora.garcia.8153@example.com,Nora,Garcia,subscribed,2026-03-25T17:35:07.000Z
kprof_8346d55b091bd0c1f762,cust_642a6c24b63cbd279bc8,maya.smith.1354@example.com,Maya,Smith,subscribed,2026-03-25T17:45:17.000Z
kprof_c7f2c5e0fd19b5cc3ccb,,nora.lee.641@example.com,Nora,Lee,subscribed,2026-03-25T20:32:17.000Z
kprof_f1c9db0ba203e3135516,cust_bb9afe8fe06698bc31d3,casey.davis.3462@example.com,Casey,Davis,subscribed,2026-03-26T07:41:15.000Z
kprof_501ff8046552dc1f964f,,nora.lee.2955@example.com,Nora,Lee,subscribed,2026-03-26T08:27:57.000Z
kprof_cbc66cd553b2f6f5ebba,cust_67971365986f9e10a7e9,cameron.nguyen.1522@example.com,Cameron,Nguyen,subscribed,2026-03-26T10:02:34.000Z
kprof_7f29ba4ecd3686b25421,cust_6c794cc8f7ea472ddf87,miles.martinez.1222@example.com,Miles,Martinez,subscribed,2026-03-26T10:59:07.000Z
kprof_0be0cb95a99cc25b6cd4,cust_27d2497d0d3d1375fb0c,priya.garcia.649@example.com,Priya,Garcia,subscribed,2026-03-26T11:36:29.000Z
kprof_62415ddbd14ff1f065ad,,jamie.lee.2823@example.com,Jamie,Lee,subscribed,2026-03-26T12:01:33.000Z
kprof_65d232d3df2a347d06da,,riley.hall.4521@example.com,Riley,Hall,subscribed,2026-03-26T14:41:34.000Z
kprof_d96f22d8be9a1304a639,cust_7c9fd1a9289807b7febd,noah.wright.3307@example.com,Noah,Wright,subscribed,2026-03-26T15:01:18.000Z
kprof_e05c299e71ef4f9d8910,cust_21ee6f5cb3e59f24dec9,maya.smith.2341@example.com,Maya,Smith,subscribed,2026-03-26T17:11:47.000Z
kprof_6dd3dfbdc951565b4a79,,casey.anderson.1088@example.com,Casey,Anderson,subscribed,2026-03-26T19:46:52.000Z
kprof_a269bc18e07221a7d656,cust_b6f41cbf9adf795dfc9d,casey.lee.6782@example.com,Casey,Lee,subscribed,2026-03-26T20:42:58.000Z
kprof_8c382207501866474464,,drew.lee.5514@example.com,Drew,Lee,subscribed,2026-03-26T21:20:22.000Z
kprof_662251e77a5c0ac5942a,cust_e0f0c6f6ac8136aaec28,sofia.young.591@example.com,Sofia,Young,subscribed,2026-03-26T22:23:15.000Z
kprof_0fa44385b3817124e141,cust_46cc9f62026ed4875423,cameron.wright.6202@example.com,Cameron,Wright,subscribed,2026-03-27T06:07:36.000Z
kprof_345128ada9f693bc291e,,casey.johnson.3191@example.com,Casey,Johnson,subscribed,2026-03-27T06:42:02.000Z
kprof_d8211f2fc551f2d5ea10,cust_ec641c85978c2b46c333,theo.davis.8661@example.com,Theo,Davis,subscribed,2026-03-27T08:56:17.000Z
kprof_9a768995ec61d9728d4e,cust_9c76c536df68d45609a0,nora.brown.380@example.com,Nora,Brown,subscribed,2026-03-27T11:17:15.000Z
kprof_89a61d21b773b3e4526b,,sofia.hall.8014@example.com,Sofia,Hall,subscribed,2026-03-27T11:31:04.000Z
kprof_5e5482f19d3978b545c0,cust_88d40457d613d6d85f32,jamie.johnson.6053@example.com,Jamie,Johnson,subscribed,2026-03-27T17:00:10.000Z
kprof_644f3c47d165d12e4913,cust_6df5989b02ba944b3ec9,taylor.garcia.8280@example.com,Taylor,Garcia,subscribed,2026-03-27T17:17:05.000Z
kprof_c118a55058dedc2a5d8f,cust_d2e44ea691d69bf4743b,sofia.lee.2325@example.com,Sofia,Lee,subscribed,2026-03-27T18:17:58.000Z
kprof_daf5cc238bc0bfff939a,cust_3f0dba291f5d299f9ade,alex.wright.2701@example.com,Alex,Wright,subscribed,2026-03-27T18:51:18.000Z
kprof_4ae69363c22345be8a40,cust_351d3e51a66b22b7a528,jordan.walker.3590@example.com,Jordan,Walker,subscribed,2026-03-28T07:10:36.000Z
kprof_17d34de8ea4298891c85,cust_b5121e0d2a88040576ea,avery.miller.3781@example.com,Avery,Miller,subscribed,2026-03-28T09:18:18.000Z
kprof_0265843ad1432c6b79ba,cust_6b0a0cddb0d31cb4f296,noah.garcia.9491@example.com,Noah,Garcia,subscribed,2026-03-28T10:38:54.000Z
kprof_7eaa9458cdee622e4a46,cust_d9cb748761077b6fa6a3,jamie.garcia.2926@example.com,Jamie,Garcia,subscribed,2026-03-28T12:08:06.000Z
kprof_981d7a86fc3fe6bb1079,,nora.lewis.7320@example.com,Nora,Lewis,subscribed,2026-03-28T14:28:42.000Z
kprof_62cf39fef3f0adce304c,cust_9ae7f0aba0ad8e4f1ecf,theo.wright.2493@example.com,Theo,Wright,subscribed,2026-03-28T15:09:36.000Z
kprof_04934c7d075cf8194ad8,cust_46de683983683947ce3f,casey.lee.8985@example.com,Casey,Lee,subscribed,2026-03-28T15:27:24.000Z
kprof_333ad385eda43b1b7f28,,jamie.garcia.7068@example.com,Jamie,Garcia,subscribed,2026-03-28T18:58:58.000Z
kprof_b45e195b4e6a5bfb9841,cust_74263f855f88d4f15a6a,alex.garcia.4967@example.com,Alex,Garcia,subscribed,2026-03-29T06:47:02.000Z
kprof_f7e08e432e9162fd60d4,,evan.johnson.9859@example.com,Evan,Johnson,subscribed,2026-03-29T06:51:54.000Z
kprof_96c4d0278f802425d049,cust_77039abc33b9b31063db,theo.allen.8114@example.com,Theo,Allen,subscribed,2026-03-29T07:17:34.000Z
kprof_0e1763b6d8aed8b9327d,cust_131a9d705181fd1aaa6b,morgan.walker.6377@example.com,Morgan,Walker,subscribed,2026-03-29T07:30:08.000Z
kprof_b7054a2f38c49b4ea6c7,cust_446ded46479e1d004346,avery.clark.1795@example.com,Avery,Clark,subscribed,2026-03-29T11:38:11.000Z
kprof_385a28323996de9dbfcd,cust_c1988e8f1cd8c73b3e22,jordan.lee.336@example.com,Jordan,Lee,subscribed,2026-03-29T16:19:55.000Z
kprof_9825407d7b7fa822dee1,cust_7a54ffb1f327d0d63c8f,jamie.clark.7564@example.com,Jamie,Clark,subscribed,2026-03-29T17:41:32.000Z
kprof_6a731f9df062f1b36318,cust_886829aca3fe4648bbb1,miles.lee.4918@example.com,Miles,Lee,subscribed,2026-03-29T18:25:47.000Z
kprof_3b96303cd34f112bcf8e,cust_de95fd8fb0ef30b5da02,evan.brown.3110@example.com,Evan,Brown,subscribed,2026-03-29T18:46:21.000Z
kprof_e902818ab1e722afb63a,cust_1d2bb42b14b611606552,maya.lewis.9468@example.com,Maya,Lewis,unsubscribed,2026-03-29T19:58:04.000Z
kprof_d03c20cb5fca5e20db6a,cust_7b49b6a7391ec8c00e17,nora.brown.4793@example.com,Nora,Brown,subscribed,2026-03-29T20:09:43.000Z
kprof_750325f40ac514ff8221,cust_86baff936e1749622da4,casey.martinez.6457@example.com,Casey,Martinez,subscribed,2026-03-29T20:12:03.000Z
kprof_29fc24112fdc68c6a60e,cust_b53934be340eefe6623a,riley.martinez.6287@example.com,Riley,Martinez,subscribed,2026-03-30T08:59:26.000Z
kprof_e20b0744ddaa171b2316,cust_f87f5b37361f4c001233,alex.allen.1393@example.com,Alex,Allen,subscribed,2026-03-30T09:10:25.000Z
kprof_dbcd7422cc7920f9674e,cust_ba8ae7df1d3c031108d5,jordan.smith.9471@example.com,Jordan,Smith,subscribed,2026-03-30T10:18:10.000Z
kprof_4c5040e69d69316612e4,cust_b266501fff18714c1220,priya.anderson.5193@example.com,Priya,Anderson,subscribed,2026-03-30T13:20:56.000Z
kprof_a6e7a0b02c0b4c30538e,cust_b0d19ad047fd3d6a4ad8,theo.wright.2715@example.com,Theo,Wright,subscribed,2026-03-30T14:30:40.000Z
kprof_e94d73b6739618c27549,,iris.clark.8123@example.com,Iris,Clark,subscribed,2026-03-30T15:40:41.000Z
kprof_41d87262a0ca046d5919,,evan.wilson.593@example.com,Evan,Wilson,subscribed,2026-03-30T15:44:53.000Z
kprof_a93ec0bf0e5ff539e6e3,,theo.garcia.5625@example.com,Theo,Garcia,subscribed,2026-03-30T16:10:14.000Z
kprof_19472b781e63c6fd6abb,cust_ed09af8b291ba8020fc9,sofia.wilson.9530@example.com,Sofia,Wilson,subscribed,2026-03-30T19:48:59.000Z
kprof_80613bd926c6e44879ae,cust_67686f4c89641969ecec,maya.miller.5923@example.com,Maya,Miller,subscribed,2026-03-30T20:39:58.000Z
kprof_de37c2a8a3bee132bde2,cust_639d46cdc96be3c3f247,jamie.nguyen.6317@example.com,Jamie,Nguyen,subscribed,2026-03-30T21:25:00.000Z
kprof_d84ebfb575b6455fa473,cust_9824afd3066858029c32,riley.clark.9274@example.com,Riley,Clark,subscribed,2026-03-30T21:28:22.000Z
kprof_6e72692b32c3199b5e06,cust_8401ae7e55bfdd148914,drew.walker.5407@example.com,Drew,Walker,subscribed,2026-03-30T22:32:59.000Z
kprof_935fd0f6c25c629e2645,,drew.garcia.5387@example.com,Drew,Garcia,subscribed,2026-03-30T22:55:58.000Z
kprof_0e229cc136da257f2061,cust_5dd561d5a21192d3896b,jordan.young.7338@example.com,Jordan,Young,subscribed,2026-03-30T23:00:56.000Z
kprof_88232d3f4a2f43442d43,,miles.hall.2593@example.com,Miles,Hall,subscribed,2026-03-31T06:38:56.000Z
kprof_d6d776781895e7c693a5,,alex.garcia.9249@example.com,Alex,Garcia,subscribed,2026-03-31T06:53:29.000Z
kprof_560bb61757adc59ef81a,cust_31ed38f62381b7fa648c,evan.allen.7610@example.com,Evan,Allen,subscribed,2026-03-31T09:04:41.000Z
kprof_f500e99d0626b4933321,cust_47d70355cc71a40a30d6,lena.nguyen.4236@example.com,Lena,Nguyen,subscribed,2026-03-31T11:15:52.000Z
kprof_9ddfb3479fa39e93bc7c,cust_1df05f6da96953a2fdb0,sofia.wright.3335@example.com,Sofia,Wright,subscribed,2026-03-31T16:57:44.000Z
kprof_024bab2254683a691ce9,cust_95bad2c193ceab454169,lena.lewis.7218@example.com,Lena,Lewis,subscribed,2026-03-31T23:49:32.000Z
kprof_c80badd2761d8054a579,,noah.miller.3865@example.com,Noah,Miller,subscribed,2026-04-01T08:24:06.000Z
kprof_b02c2784850f6ef4253e,cust_3bac5a3e81c8ea158269,nora.martinez.9941@example.com,Nora,Martinez,subscribed,2026-04-01T08:36:12.000Z
kprof_78ebb4ee7ed4b0e11c87,cust_f094afa60b3162233f8a,maya.miller.5648@example.com,Maya,Miller,subscribed,2026-04-01T09:33:50.000Z
kprof_e95eb981c83871ed3661,,nora.johnson.3522@example.com,Nora,Johnson,subscribed,2026-04-01T10:00:13.000Z
kprof_34ec634a256a043ec813,cust_82a904007f0c0ad3659e,miles.hall.9021@example.com,Miles,Hall,subscribed,2026-04-01T10:10:55.000Z
kprof_7a1b7591e9b545c0e7a0,,taylor.brown.5521@example.com,Taylor,Brown,subscribed,2026-04-01T10:18:33.000Z
kprof_c6bc01247a7d780742de,cust_33869f859ce3fb53ee78,drew.nguyen.7236@example.com,Drew,Nguyen,subscribed,2026-04-01T10:27:23.000Z
kprof_06de7b78f5725204a6c6,cust_3855d2ad8484ae42df5f,lena.martinez.892@example.com,Lena,Martinez,subscribed,2026-04-01T10:35:46.000Z
kprof_c70dc9048e679de4743a,cust_f58fa9b88f12ca902ce9,miles.allen.2679@example.com,Miles,Allen,subscribed,2026-04-01T11:43:55.000Z
kprof_ebefaf21196a8387f0e5,cust_02df1a066d2bb00e3aa1,taylor.smith.5642@example.com,Taylor,Smith,subscribed,2026-04-01T13:10:02.000Z
kprof_b887ba0420319715570f,cust_f0009f174ea759e5ee0c,noah.nguyen.5152@example.com,Noah,Nguyen,subscribed,2026-04-01T14:04:20.000Z
kprof_eb84dd52ab894d272c29,cust_082613cd43cb7e237a28,alex.wright.7094@example.com,Alex,Wright,subscribed,2026-04-01T15:38:51.000Z
kprof_04f0081fb1456569658d,cust_ae756710397f7ddff0a1,priya.wright.8008@example.com,Priya,Wright,subscribed,2026-04-01T17:32:11.000Z
kprof_bd1ef356eaabab699aed,cust_d6c6551e7b34f80b3720,nora.lee.2421@example.com,Nora,Lee,subscribed,2026-04-01T21:03:45.000Z
kprof_3ed07c67457f74304752,cust_f043d809b4597d142714,miles.kim.6968@example.com,Miles,Kim,subscribed,2026-04-02T08:17:06.000Z
kprof_dbfa3930a8c37ae01854,cust_85178ca85aaa08bf4e41,morgan.lewis.654@example.com,Morgan,Lewis,subscribed,2026-04-02T09:01:54.000Z
kprof_eb348a14079b356ffc3a,,taylor.allen.2078@example.com,Taylor,Allen,subscribed,2026-04-02T10:33:09.000Z
kprof_76683c5fc550b69ba046,cust_5be767954f1e2bc82187,sofia.walker.2912@example.com,Sofia,Walker,subscribed,2026-04-02T12:58:51.000Z
kprof_f762526886fd99c86728,,priya.hall.2128@example.com,Priya,Hall,subscribed,2026-04-02T13:26:00.000Z
kprof_6d0e3fd1691452a7bee5,cust_c0ca8425f6e3bdb32794,maya.young.4339@example.com,Maya,Young,subscribed,2026-04-02T14:25:28.000Z
kprof_9a4b7dedc35f0d93c99b,cust_9b92ffe4b949311eb3b3,lena.martinez.6558@example.com,Lena,Martinez,subscribed,2026-04-02T14:29:37.000Z
kprof_bb7805f9d4cdcce49424,,riley.nguyen.3775@example.com,Riley,Nguyen,subscribed,2026-04-02T14:32:03.000Z
kprof_90cbed786f15d07297eb,,cameron.anderson.3923@example.com,Cameron,Anderson,subscribed,2026-04-02T18:31:33.000Z
kprof_25bf92fb8937facd875f,cust_a9d6ab38576c4947f486,miles.anderson.2574@example.com,Miles,Anderson,subscribed,2026-04-02T21:30:10.000Z
kprof_cb95a8f859ad2babd365,cust_2223a18de2ba6ece6af3,morgan.smith.4334@example.com,Morgan,Smith,subscribed,2026-04-02T21:46:17.000Z
kprof_b590ac9886b46168e12f,cust_e3967200c714b5d0381c,lena.allen.6282@example.com,Lena,Allen,subscribed,2026-04-02T22:30:20.000Z
kprof_fe0bd52fffea9f7e40e2,cust_a8f889aaf701be391603,theo.davis.3443@example.com,Theo,Davis,subscribed,2026-04-03T06:36:27.000Z
kprof_8d6176adda195da5ce20,,taylor.nguyen.4440@example.com,Taylor,Nguyen,subscribed,2026-04-03T06:37:10.000Z
kprof_7a34a892970cf511f1f1,cust_4f292e5d1390446e55bb,riley.brown.9843@example.com,Riley,Brown,subscribed,2026-04-03T06:58:47.000Z
kprof_487b25c399e05bd4c195,,noah.anderson.6075@example.com,Noah,Anderson,subscribed,2026-04-03T08:09:02.000Z
kprof_1604a2962331d8d4bc0b,cust_be24e8b526e4c1bb8cd9,avery.lee.3420@example.com,Avery,Lee,subscribed,2026-04-03T08:29:54.000Z
kprof_4d8fab186eb8b9ab606b,,maya.walker.9740@example.com,Maya,Walker,subscribed,2026-04-03T08:43:52.000Z
kprof_0a6768858eba17c9e05f,,evan.lewis.708@example.com,Evan,Lewis,subscribed,2026-04-03T09:36:20.000Z
kprof_a51dded1e7f79ca2914a,cust_600a5a577e4f51dddba3,theo.lewis.2183@example.com,Theo,Lewis,subscribed,2026-04-03T09:57:58.000Z
kprof_e1066b6d9a936d0b3bf0,cust_19ade941e3df66303ead,lena.brown.1804@example.com,Lena,Brown,subscribed,2026-04-03T11:40:52.000Z
kprof_a534e3747d850b84fd1e,cust_a8013f862749b097f949,jordan.wilson.6926@example.com,Jordan,Wilson,subscribed,2026-04-03T12:11:30.000Z
kprof_d4643dc0973734a3294b,cust_317faf08907eae1755e8,lena.wilson.7605@example.com,Lena,Wilson,subscribed,2026-04-03T14:24:49.000Z
kprof_42bf2781c0f541310ebe,cust_c9dbb4d9411164bee0b1,nora.garcia.9351@example.com,Nora,Garcia,subscribed,2026-04-03T14:38:44.000Z
kprof_dca1fe81c79c222afeab,cust_aa4f00791aa23ef3dc02,iris.martinez.800@example.com,Iris,Martinez,subscribed,2026-04-03T15:25:24.000Z
kprof_e5af0209aa014bc24bfa,,iris.lewis.1088@example.com,Iris,Lewis,subscribed,2026-04-03T15:43:44.000Z
kprof_1b0c0c8c10c17a99851b,cust_f34243012af858727615,alex.wright.7569@example.com,Alex,Wright,subscribed,2026-04-03T16:03:25.000Z
kprof_50a798700749c4381e5b,cust_dcbfa9316213a457f353,morgan.young.8203@example.com,Morgan,Young,subscribed,2026-04-03T16:55:58.000Z
kprof_6647d3ddf22b69c4b5ca,cust_b00c0b28b58d688b924d,cameron.nguyen.1447@example.com,Cameron,Nguyen,subscribed,2026-04-03T18:06:38.000Z
kprof_aa84fda46e38c35ae496,cust_5adc061c84ff1f146a8a,evan.wilson.4128@example.com,Evan,Wilson,subscribed,2026-04-03T20:11:26.000Z
kprof_44ba180b18ec57e3e4e3,cust_77bceebba4ac2fd43866,iris.patel.8364@example.com,Iris,Patel,subscribed,2026-04-03T21:41:59.000Z
kprof_44425f69b6dd463fe2fd,,iris.garcia.3907@example.com,Iris,Garcia,subscribed,2026-04-03T22:57:12.000Z
kprof_93dc6de9ec9b058ffc7c,cust_0f64501e560d8203713c,avery.allen.7756@example.com,Avery,Allen,subscribed,2026-04-03T22:57:13.000Z
kprof_c228a92579117baba09d,cust_7914b9467b3ddb1783fc,iris.wilson.7277@example.com,Iris,Wilson,subscribed,2026-04-04T06:01:35.000Z
kprof_741347a58a323133d715,cust_bd4c442deb8fefe8afc2,cameron.young.6086@example.com,Cameron,Young,subscribed,2026-04-04T11:34:51.000Z
kprof_9d7da43b7952f1100dc4,,cameron.martinez.1531@example.com,Cameron,Martinez,subscribed,2026-04-04T12:27:39.000Z
kprof_ee2b4ee42f86d322160a,cust_e907bd68181a139244e9,maya.miller.1795@example.com,Maya,Miller,subscribed,2026-04-04T13:41:03.000Z
kprof_905a2e2fc663cd4c0111,cust_9446a25910606338742b,drew.wilson.3477@example.com,Drew,Wilson,subscribed,2026-04-04T14:51:05.000Z
kprof_e53cd680e083b2e6ce29,,taylor.davis.5410@example.com,Taylor,Davis,subscribed,2026-04-04T19:11:42.000Z
kprof_a033cacdd90c3ab7a157,,avery.kim.7255@example.com,Avery,Kim,subscribed,2026-04-04T22:54:42.000Z
kprof_4c035518fdceb3643b5d,,drew.kim.899@example.com,Drew,Kim,subscribed,2026-04-04T23:16:53.000Z
kprof_496e3099b830fb3b7072,,noah.hall.138@example.com,Noah,Hall,subscribed,2026-04-05T06:46:31.000Z
kprof_33f45ab291bde52c4df9,cust_bfe5538e62fa36d84456,theo.wright.3860@example.com,Theo,Wright,subscribed,2026-04-05T06:58:10.000Z
kprof_5bb65104da80fc31b290,cust_c86df0d536073dcc0c49,sofia.miller.7834@example.com,Sofia,Miller,subscribed,2026-04-05T09:07:39.000Z
kprof_3bf004103201ec78b282,cust_2c06b184e484d7d4bdb4,drew.young.981@example.com,Drew,Young,subscribed,2026-04-05T16:34:58.000Z
kprof_3fce9b292e4c9e59c18e,cust_7068aff345862ada961b,maya.young.419@example.com,Maya,Young,subscribed,2026-04-05T20:22:10.000Z
kprof_995b7c802b16286afaf1,cust_532c9248db1677938be9,riley.davis.173@example.com,Riley,Davis,subscribed,2026-04-05T20:23:14.000Z
kprof_5c0b0c9f5d26f1ba21f3,cust_320c7aaf26fa078e3d27,sofia.nguyen.6981@example.com,Sofia,Nguyen,subscribed,2026-04-05T21:35:12.000Z
kprof_76ea279aff52bd7ba030,,sofia.clark.1346@example.com,Sofia,Clark,subscribed,2026-04-05T22:06:52.000Z
kprof_f09b3ffaa51ac528f93e,cust_9316fd67f0ca58a8c24a,sofia.wright.7800@example.com,Sofia,Wright,subscribed,2026-04-05T22:15:36.000Z
kprof_c8c4678d2e30ed0c93ea,,nora.johnson.3918@example.com,Nora,Johnson,subscribed,2026-04-05T22:52:32.000Z
kprof_56be3e1e539871c01070,,taylor.brown.5464@example.com,Taylor,Brown,subscribed,2026-04-05T23:26:38.000Z
kprof_f43e976fff8951f34c00,cust_05bbe3f6473d8906e70f,iris.allen.7591@example.com,Iris,Allen,subscribed,2026-04-05T23:56:42.000Z
kprof_9a1bc96310a84d03cb8c,cust_f0b3f9bfa06e58b06abf,morgan.wilson.4754@example.com,Morgan,Wilson,subscribed,2026-04-06T06:34:06.000Z
kprof_8eb62ce86a317d8378cb,cust_a2df6996fddfaed8abff,priya.martinez.7959@example.com,Priya,Martinez,subscribed,2026-04-06T07:08:08.000Z
kprof_9e4edaa539c221ca6656,cust_6dffaf4dfd5c7cb27ff1,theo.lee.5768@example.com,Theo,Lee,subscribed,2026-04-06T11:19:25.000Z
kprof_3569d2f428f03fb47839,,riley.smith.643@example.com,Riley,Smith,subscribed,2026-04-06T11:28:39.000Z
kprof_5ee2b73fe4a422f95ab2,cust_d518fb294562c5b4918a,jordan.smith.699@example.com,Jordan,Smith,unsubscribed,2026-04-06T11:40:49.000Z
kprof_45ee109608c04de1e900,cust_83fbdcc3926573848ed1,evan.walker.5955@example.com,Evan,Walker,subscribed,2026-04-06T14:49:11.000Z
kprof_27977ef115303d42bcf2,cust_4b4ed8006728ba36de20,taylor.lee.2888@example.com,Taylor,Lee,subscribed,2026-04-06T16:18:06.000Z
kprof_86f9e2ed26e0614b0f22,cust_762a769a860b8734e32f,avery.walker.1376@example.com,Avery,Walker,subscribed,2026-04-06T17:05:46.000Z
kprof_84b08ad9504456ab503e,cust_73004816c0e3710e5b89,jamie.anderson.7718@example.com,Jamie,Anderson,subscribed,2026-04-06T17:18:52.000Z
kprof_88343aa944b521772f6d,cust_6d8d456a409770bdd586,noah.patel.7252@example.com,Noah,Patel,subscribed,2026-04-06T17:57:30.000Z
kprof_204dcad1ae66348ed74d,cust_89e78b6345bb74d03a5e,avery.miller.1241@example.com,Avery,Miller,subscribed,2026-04-06T20:42:34.000Z
kprof_03ec0c65d7e06bc02aea,cust_7db519b42f352665023d,miles.miller.8963@example.com,Miles,Miller,subscribed,2026-04-06T21:02:41.000Z
kprof_a0bd3de877f5cdd6789b,cust_0c917c98c3c439186ccf,casey.kim.9288@example.com,Casey,Kim,subscribed,2026-04-07T07:28:31.000Z
kprof_6c1e9ac23ee8487ef30c,cust_92a513db2eaaad848be5,cameron.kim.4837@example.com,Cameron,Kim,subscribed,2026-04-07T09:50:01.000Z
kprof_5e0ef623a5adb80da860,,morgan.anderson.6373@example.com,Morgan,Anderson,subscribed,2026-04-07T12:00:19.000Z
kprof_e68008f02d259fb97191,cust_0a9d0dece8b88d25cfec,nora.miller.1281@example.com,Nora,Miller,subscribed,2026-04-07T16:46:38.000Z
kprof_8c8433745d04345368e3,cust_305e34a76bc5c1b964be,miles.wilson.1687@example.com,Miles,Wilson,subscribed,2026-04-07T17:01:16.000Z
kprof_9a302959cbaaa1fe51c3,,jordan.wilson.2583@example.com,Jordan,Wilson,subscribed,2026-04-07T17:03:51.000Z
kprof_6d9a1960ae20987dc411,,morgan.walker.2986@example.com,Morgan,Walker,subscribed,2026-04-07T17:45:21.000Z
kprof_9cc83ff7e8b6896cdacb,cust_d1dea901cbf6f7335ccb,jordan.garcia.8767@example.com,Jordan,Garcia,subscribed,2026-04-07T18:12:50.000Z
kprof_4204a1631da3d77b7f21,cust_2a3f4a0c5cd3102ad2b6,noah.clark.6583@example.com,Noah,Clark,subscribed,2026-04-07T21:45:54.000Z
kprof_61ab0ce920ba49abcf8a,cust_30f13796e4470dfd26c2,jordan.garcia.9665@example.com,Jordan,Garcia,subscribed,2026-04-08T08:08:18.000Z
kprof_1e565179cbdff10390a7,cust_b58ad75e0510ac038909,miles.clark.8012@example.com,Miles,Clark,subscribed,2026-04-08T08:44:22.000Z
kprof_8a39e58593e560a86a38,,miles.walker.7664@example.com,Miles,Walker,unsubscribed,2026-04-08T09:29:50.000Z
kprof_936e31e2a7a068593902,cust_7ff1ac630cc3099ae46d,avery.allen.3288@example.com,Avery,Allen,subscribed,2026-04-08T09:32:41.000Z
kprof_d58541ae63030d948629,cust_db2f1c32aa06073334f7,avery.walker.3686@example.com,Avery,Walker,subscribed,2026-04-08T11:03:00.000Z
kprof_862fb700dc4737a6027a,cust_de3492a1396cb8fbf38c,sofia.wilson.6379@example.com,Sofia,Wilson,subscribed,2026-04-08T16:38:19.000Z
kprof_f15b6fd2b04405f6454d,cust_a1d2449cd09e6fe1e27c,alex.davis.8842@example.com,Alex,Davis,subscribed,2026-04-08T17:40:59.000Z
kprof_63a243c88799849fb5af,cust_62188484039d0aa2add5,morgan.patel.928@example.com,Morgan,Patel,subscribed,2026-04-08T17:50:01.000Z
kprof_aa522e6de79beb63cd79,,nora.brown.6182@example.com,Nora,Brown,subscribed,2026-04-08T20:38:01.000Z
kprof_9a556b7e5f11f819e4d7,cust_2c42ab2a07e5c8d928c1,sofia.miller.7231@example.com,Sofia,Miller,subscribed,2026-04-08T22:57:11.000Z
kprof_6891fc65fa9f181b0984,cust_234b6cee05a5b8b48cf3,maya.lewis.9069@example.com,Maya,Lewis,subscribed,2026-04-08T23:47:00.000Z
kprof_4658115453bd47ce573a,,jamie.garcia.1291@example.com,Jamie,Garcia,subscribed,2026-04-09T08:01:00.000Z
kprof_da3f145ee17174bd5de5,cust_5d869b839bbef5cf13c0,nora.martinez.4724@example.com,Nora,Martinez,subscribed,2026-04-09T10:27:26.000Z
kprof_ba7d68999853103ff284,,miles.lee.8400@example.com,Miles,Lee,subscribed,2026-04-09T12:56:28.000Z
kprof_0b98a26d1e4b305b2fd0,cust_55be1c95d34ab0db020a,theo.lee.2987@example.com,Theo,Lee,subscribed,2026-04-09T13:17:23.000Z
kprof_667e1e01c356815abe6e,,iris.miller.9225@example.com,Iris,Miller,subscribed,2026-04-09T18:45:41.000Z
kprof_9d832f6971b42987b48c,,jamie.kim.4715@example.com,Jamie,Kim,subscribed,2026-04-09T19:56:40.000Z
kprof_70bac267a66d2436fc91,cust_93695fe7ed6c7f63f34d,nora.miller.1602@example.com,Nora,Miller,subscribed,2026-04-09T20:33:15.000Z
kprof_2b1360fc3af6b1d99a35,cust_324906abad94839ebe40,priya.kim.5939@example.com,Priya,Kim,subscribed,2026-04-10T06:41:00.000Z
kprof_ebd077c0fa7b01395065,,noah.anderson.2189@example.com,Noah,Anderson,subscribed,2026-04-10T07:10:28.000Z
kprof_818882f2c571f603ef0b,cust_7a6ed912fb4fc7f30753,avery.miller.6458@example.com,Avery,Miller,subscribed,2026-04-10T08:00:05.000Z
kprof_da28bbf098c1a12df20e,cust_952b0c6a8755f7d140a6,miles.miller.4770@example.com,Miles,Miller,subscribed,2026-04-10T10:10:01.000Z
kprof_62db9393251503880b6c,cust_77dbd70faafc3636acb8,taylor.johnson.6086@example.com,Taylor,Johnson,subscribed,2026-04-10T11:14:34.000Z
kprof_6ccf5b97757375b97045,cust_ef5234d51a90b2e0bf65,lena.lewis.3096@example.com,Lena,Lewis,subscribed,2026-04-10T11:21:18.000Z
kprof_005307a782875f4b6591,,evan.wright.6613@example.com,Evan,Wright,subscribed,2026-04-10T12:00:20.000Z
kprof_cb26d441877370a31338,cust_ca8dbfde092d5842c2c7,morgan.patel.8920@example.com,Morgan,Patel,subscribed,2026-04-10T15:16:34.000Z
kprof_5eef8cef215f43c0ba65,cust_d088611ee64ccd0a6f41,sofia.hall.4821@example.com,Sofia,Hall,subscribed,2026-04-10T16:06:23.000Z
kprof_96578662d14291800ca1,cust_6e1532afd2be8bef525c,lena.wilson.4173@example.com,Lena,Wilson,subscribed,2026-04-10T16:36:38.000Z
kprof_90f0b2df311ef4560d19,,drew.hall.4680@example.com,Drew,Hall,subscribed,2026-04-10T18:03:21.000Z
kprof_560ff1fc343ab053f24c,cust_f1b3e1a4cfcb89a08be8,theo.lee.647@example.com,Theo,Lee,subscribed,2026-04-10T18:46:25.000Z
kprof_f3658a60ea8f9eefdfdb,,lena.patel.8708@example.com,Lena,Patel,subscribed,2026-04-10T20:48:01.000Z
kprof_ead42119a42cb6e1b943,,taylor.hall.320@example.com,Taylor,Hall,subscribed,2026-04-10T21:40:03.000Z
kprof_4a08e649dcb426a4df18,cust_725b82e629cffbd7d020,lena.garcia.7858@example.com,Lena,Garcia,subscribed,2026-04-10T23:15:15.000Z
kprof_ac134224dfc5a4d69b45,cust_526656102421684d2e1c,theo.martinez.8041@example.com,Theo,Martinez,subscribed,2026-04-11T06:46:27.000Z
kprof_469d33c2f04032234d29,cust_5288e8a82a84b2fee4dd,taylor.clark.5318@example.com,Taylor,Clark,subscribed,2026-04-11T06:49:01.000Z
kprof_baffbd91dc778dd8f12e,,noah.smith.5014@example.com,Noah,Smith,subscribed,2026-04-11T07:50:29.000Z
kprof_d36028969b4f8ec649e4,cust_4264d2f94eb0321f026e,casey.walker.2776@example.com,Casey,Walker,subscribed,2026-04-11T09:25:42.000Z
kprof_7d30d39262d8196b2cde,cust_c5b6d1a35f461fc3f22b,avery.wright.6359@example.com,Avery,Wright,subscribed,2026-04-11T09:59:04.000Z
kprof_f78eb04fbf5255879408,cust_df42b48e069534b9343b,evan.lewis.4503@example.com,Evan,Lewis,subscribed,2026-04-11T13:23:20.000Z
kprof_235d29fb7c3bddc71267,cust_e3e33057dc4c6d44b2c2,taylor.allen.4901@example.com,Taylor,Allen,subscribed,2026-04-11T14:54:22.000Z
kprof_cd06b57035037de96a44,cust_313d9750695e14315972,lena.anderson.4054@example.com,Lena,Anderson,subscribed,2026-04-11T15:03:29.000Z
kprof_a784adb38962d4af6a54,cust_188a11539bbae63deff3,taylor.clark.5417@example.com,Taylor,Clark,subscribed,2026-04-11T17:33:57.000Z
kprof_6188a7b41e92a8755d34,,sofia.patel.3192@example.com,Sofia,Patel,subscribed,2026-04-11T19:36:33.000Z
kprof_8c422744a339feeee0c2,,avery.walker.3284@example.com,Avery,Walker,subscribed,2026-04-11T21:12:27.000Z
kprof_17b325bc0ba63acae8ca,cust_1e3d5e95ace38acd05fb,cameron.allen.538@example.com,Cameron,Allen,subscribed,2026-04-11T22:16:31.000Z
kprof_ba52e4fccf3f7c387304,,nora.young.6964@example.com,Nora,Young,unsubscribed,2026-04-11T22:47:30.000Z
kprof_206144f233770ea2ebd5,,taylor.nguyen.3833@example.com,Taylor,Nguyen,subscribed,2026-04-12T06:08:26.000Z
kprof_20503b8d9dec32bf99b1,,avery.lewis.2996@example.com,Avery,Lewis,subscribed,2026-04-12T07:06:59.000Z
kprof_877a6cab31f4f8877a4f,,sofia.wilson.6054@example.com,Sofia,Wilson,subscribed,2026-04-12T07:22:54.000Z
kprof_a06f2e208a8d52cff246,cust_dca780335f26ca7a2912,alex.anderson.8756@example.com,Alex,Anderson,subscribed,2026-04-12T07:38:07.000Z
kprof_d1aecec1468bb293be42,cust_7703f01d22bc49fcfb16,avery.young.9028@example.com,Avery,Young,subscribed,2026-04-12T07:52:53.000Z
kprof_c55f89ffc046a6a00294,,alex.smith.8929@example.com,Alex,Smith,subscribed,2026-04-12T09:56:17.000Z
kprof_02998faa0fceb2a8fac9,cust_940764fbd8fc35927e7c,sofia.anderson.9528@example.com,Sofia,Anderson,subscribed,2026-04-12T11:23:32.000Z
kprof_b99f7e14134b9ff59bc0,,cameron.patel.4422@example.com,Cameron,Patel,subscribed,2026-04-12T12:30:48.000Z
kprof_829ea82d4451d342b333,cust_210f42dab2218cf01285,maya.clark.6980@example.com,Maya,Clark,subscribed,2026-04-12T17:09:09.000Z
kprof_529d274dc385a6757da9,cust_935a7fff87a4cc2ab79a,jordan.hall.2139@example.com,Jordan,Hall,subscribed,2026-04-12T17:26:59.000Z
kprof_4482b2e04b8702dbb540,cust_4be8bfa8c091044d3b9d,lena.smith.6292@example.com,Lena,Smith,subscribed,2026-04-12T18:53:04.000Z
kprof_012c1d61b59be6ce9739,cust_a43aeca6c4bf00c28d26,casey.miller.9060@example.com,Casey,Miller,subscribed,2026-04-12T19:40:52.000Z
kprof_96d3bf6f21ca872ed1ac,cust_39c101453b2b0aadd74e,noah.young.3730@example.com,Noah,Young,subscribed,2026-04-12T20:07:23.000Z
kprof_f320a886375d8c93dd99,,casey.anderson.9845@example.com,Casey,Anderson,subscribed,2026-04-12T23:30:22.000Z
kprof_931a719a015931812a81,,casey.lewis.1845@example.com,Casey,Lewis,subscribed,2026-04-12T23:46:27.000Z
kprof_be29e49918111009bc8f,cust_1c00e8d5cbb916999a08,priya.wilson.894@example.com,Priya,Wilson,subscribed,2026-04-13T06:01:35.000Z
kprof_050a5f3bcf2908b1b97b,cust_f2c124842bed04faa205,cameron.martinez.7329@example.com,Cameron,Martinez,subscribed,2026-04-13T06:51:45.000Z
kprof_07f89d77221a4b3e84ef,,avery.lewis.9092@example.com,Avery,Lewis,subscribed,2026-04-13T06:55:19.000Z
kprof_482e5b1681bb71dfb714,,riley.davis.4431@example.com,Riley,Davis,subscribed,2026-04-13T07:12:18.000Z
kprof_1889ae50d335bd6f2531,,alex.garcia.5476@example.com,Alex,Garcia,subscribed,2026-04-13T08:35:45.000Z
kprof_887d63f9562584b8545a,cust_00ea1b0ec3d8d7f326df,theo.wright.1259@example.com,Theo,Wright,subscribed,2026-04-13T09:01:40.000Z
kprof_8f7fb4377eb86cca0488,cust_ac409461a3a4a394d0b4,riley.anderson.8664@example.com,Riley,Anderson,subscribed,2026-04-13T10:27:30.000Z
kprof_1e9a95396f5828a2267f,cust_4b6e4f8d11c4861e7703,noah.garcia.9206@example.com,Noah,Garcia,subscribed,2026-04-13T11:01:00.000Z
kprof_34ab9b7686f174008b2f,,morgan.lee.2453@example.com,Morgan,Lee,subscribed,2026-04-13T11:11:11.000Z
kprof_cbfae4e8b7650d6d304e,,jordan.young.5371@example.com,Jordan,Young,subscribed,2026-04-13T11:38:45.000Z
kprof_7f3e815b14e800af34a5,,morgan.lee.9477@example.com,Morgan,Lee,subscribed,2026-04-13T12:07:16.000Z
kprof_ac23e4a11852f9907914,cust_d599fc1b529e30014b8e,taylor.johnson.9590@example.com,Taylor,Johnson,subscribed,2026-04-13T13:55:40.000Z
kprof_d321d139504084e26c9d,cust_92a36a8de39f0876e146,evan.patel.3649@example.com,Evan,Patel,subscribed,2026-04-13T19:21:26.000Z
kprof_429ef81a4ee7888474d1,,jordan.kim.6201@example.com,Jordan,Kim,subscribed,2026-04-13T20:22:45.000Z
kprof_220506ff951076f1dcec,,avery.brown.3168@example.com,Avery,Brown,subscribed,2026-04-13T21:05:46.000Z
kprof_ac22dc5b672421c5d94e,cust_2cb309f7360731c37d71,nora.miller.362@example.com,Nora,Miller,subscribed,2026-04-13T21:23:02.000Z
kprof_4baf4d75bbf56a10a6ac,,casey.wilson.8796@example.com,Casey,Wilson,subscribed,2026-04-13T22:13:20.000Z
kprof_a14a2ee82d9708831fa7,cust_802dee1e9655530e9d44,jamie.hall.1597@example.com,Jamie,Hall,subscribed,2026-04-13T23:12:37.000Z
kprof_b6f5fa60f03056923d82,cust_79ebd47d148cd44fe68e,taylor.young.1568@example.com,Taylor,Young,subscribed,2026-04-14T06:07:34.000Z
kprof_773ef343a4e37b2b10fe,,lena.smith.2076@example.com,Lena,Smith,subscribed,2026-04-14T06:25:27.000Z
kprof_ddc255707fd28d3f9faa,,miles.anderson.3418@example.com,Miles,Anderson,subscribed,2026-04-14T06:45:25.000Z
kprof_d350bb6feaff1f4cab3c,cust_bc3d95a83d5aef127b24,theo.miller.5546@example.com,Theo,Miller,subscribed,2026-04-14T08:33:39.000Z
kprof_573d69d714e81c2acade,,drew.allen.1672@example.com,Drew,Allen,subscribed,2026-04-14T09:04:03.000Z
kprof_a07bfcca4c01811fb28e,cust_972cdb943453c93dfb26,iris.walker.7815@example.com,Iris,Walker,subscribed,2026-04-14T09:43:07.000Z
kprof_e31c49e61c85f265e69e,,noah.miller.2767@example.com,Noah,Miller,subscribed,2026-04-14T09:58:31.000Z
kprof_08c39e346a35841f09cf,cust_7bc71486b652633fbf25,nora.lewis.4423@example.com,Nora,Lewis,subscribed,2026-04-14T12:12:46.000Z
kprof_bed7a97e7e6902a12ab0,cust_205b245739f0e69b684c,riley.lee.6065@example.com,Riley,Lee,subscribed,2026-04-14T12:46:25.000Z
kprof_0f250beef4ab1ba017ac,cust_e170fd09ec9b85453cdb,jamie.walker.262@example.com,Jamie,Walker,subscribed,2026-04-14T13:58:35.000Z
kprof_584118b7185ceda59d81,cust_58e1417313fceee97bde,jamie.lewis.394@example.com,Jamie,Lewis,subscribed,2026-04-14T17:46:46.000Z
kprof_5d26837f189c8c1bc12a,,maya.nguyen.1659@example.com,Maya,Nguyen,subscribed,2026-04-14T20:20:32.000Z
kprof_42966d945d18962611c6,cust_01af35dd52c05b480b7f,alex.wright.5754@example.com,Alex,Wright,subscribed,2026-04-14T20:40:01.000Z
kprof_de48978f20a176a9f98c,,morgan.wilson.1215@example.com,Morgan,Wilson,subscribed,2026-04-14T21:02:51.000Z
kprof_6f02cb760c315c0e1bbf,cust_6669dbf029bc62f7209b,iris.smith.6572@example.com,Iris,Smith,subscribed,2026-04-15T06:30:41.000Z
kprof_a27d7dc081712578169f,,cameron.wright.3614@example.com,Cameron,Wright,subscribed,2026-04-15T08:36:42.000Z
kprof_b0bca50862faa3917d1f,cust_13b1ab8092136841c278,lena.lee.9461@example.com,Lena,Lee,subscribed,2026-04-15T10:51:53.000Z
kprof_6abe10c125b3785eaf94,,evan.brown.1158@example.com,Evan,Brown,subscribed,2026-04-15T12:12:32.000Z
kprof_af11ad7efa94cb1810f8,cust_a838a889547d45d27e1b,jamie.hall.557@example.com,Jamie,Hall,subscribed,2026-04-15T14:52:06.000Z
kprof_85228579d1411fa6a5bf,,maya.smith.9609@example.com,Maya,Smith,subscribed,2026-04-15T16:00:38.000Z
kprof_26529eef377aed3b18c3,cust_d2074c260033b401a050,avery.clark.2559@example.com,Avery,Clark,subscribed,2026-04-15T21:11:29.000Z
kprof_4931263616c461616e8c,,avery.smith.2429@example.com,Avery,Smith,subscribed,2026-04-15T22:10:33.000Z
kprof_a66141b074d1b8645174,cust_12bec46211253dbbc359,jordan.wright.5675@example.com,Jordan,Wright,subscribed,2026-04-16T06:46:27.000Z
kprof_61ccc87a8dbeaa9affa2,cust_454df751e1e6525606ba,nora.johnson.5378@example.com,Nora,Johnson,subscribed,2026-04-16T07:41:55.000Z
kprof_d3c7dbd7ec0b385dcd25,cust_ce05675131a95a4c682c,priya.patel.7046@example.com,Priya,Patel,subscribed,2026-04-16T13:46:14.000Z
kprof_6bc4076b77c797a96085,cust_57783665d020fd1f4a6c,sofia.miller.7109@example.com,Sofia,Miller,subscribed,2026-04-16T14:53:52.000Z
kprof_73a8f59b601dc47274e4,,priya.martinez.2425@example.com,Priya,Martinez,subscribed,2026-04-16T14:56:08.000Z
kprof_e73be27c82eb306d6fef,,noah.allen.1013@example.com,Noah,Allen,subscribed,2026-04-16T15:16:42.000Z
kprof_5df563016babf6b41a3b,cust_cb02cb5f5d9a832bc94d,priya.young.8791@example.com,Priya,Young,subscribed,2026-04-16T16:40:14.000Z
kprof_e331d93d077fb6f0494b,,evan.smith.8235@example.com,Evan,Smith,subscribed,2026-04-16T16:48:23.000Z
kprof_175cc8080c7babdf9ba4,cust_7c131056336cc7578d02,lena.martinez.8445@example.com,Lena,Martinez,subscribed,2026-04-16T20:16:14.000Z
kprof_614b0702f0b1572a024c,,nora.garcia.5022@example.com,Nora,Garcia,subscribed,2026-04-16T21:34:13.000Z
kprof_c4ef0ab6f9448a7ae418,cust_ca017c89455feef5b96e,taylor.brown.9647@example.com,Taylor,Brown,subscribed,2026-04-16T22:38:27.000Z
kprof_12ebb0d27b946d8cd42b,,theo.davis.824@example.com,Theo,Davis,subscribed,2026-04-16T22:56:47.000Z
kprof_cf70224a4e6d3ff23336,cust_202dc08689a4aa4f3114,priya.wilson.7322@example.com,Priya,Wilson,unsubscribed,2026-04-16T23:27:35.000Z
kprof_c5813f7de9cc47f02342,cust_5e6a8a6ba7d08ae31d13,morgan.wilson.4429@example.com,Morgan,Wilson,subscribed,2026-04-17T07:14:42.000Z
kprof_2f6379530d0b46d81a21,,jordan.patel.8889@example.com,Jordan,Patel,subscribed,2026-04-17T09:36:24.000Z
kprof_5a861f5a21da97970a0e,cust_4c186bb59d9d99a7554b,morgan.kim.6874@example.com,Morgan,Kim,subscribed,2026-04-17T10:19:07.000Z
kprof_88c35b5070b84e81c3b7,cust_ce27dd2c8c7bf358adda,noah.martinez.9196@example.com,Noah,Martinez,subscribed,2026-04-17T11:46:35.000Z
kprof_027bd05b69ab7a5da5b4,cust_d9ffd698fa3b21b10809,lena.johnson.8363@example.com,Lena,Johnson,subscribed,2026-04-17T12:45:19.000Z
kprof_bd7825a2e0ed6713b8bd,cust_0b9ceb5212e2cc431f1f,drew.garcia.5909@example.com,Drew,Garcia,subscribed,2026-04-17T15:19:15.000Z
kprof_c96cd3820b9c97df6c11,cust_d31732a6afdcc7e301fc,drew.lewis.8290@example.com,Drew,Lewis,subscribed,2026-04-17T17:05:41.000Z
kprof_fb2d5b7057f7a39f8026,,cameron.kim.383@example.com,Cameron,Kim,subscribed,2026-04-17T18:25:21.000Z
kprof_29fd3c4e689a6ab6279c,cust_9b78638b6eb9059cba72,morgan.wright.9239@example.com,Morgan,Wright,subscribed,2026-04-17T20:58:14.000Z
kprof_f2d4fba30f8d649ebe78,cust_0ff199ce78af79ec6201,noah.johnson.3754@example.com,Noah,Johnson,subscribed,2026-04-17T23:04:42.000Z
kprof_e5be2afdd0f5288feea1,cust_6ee5d1c37effb11b3fee,taylor.miller.7982@example.com,Taylor,Miller,subscribed,2026-04-17T23:14:18.000Z
kprof_1089c76e194173cd6c48,cust_cb0e4096b1e5ddf96a12,noah.lee.7947@example.com,Noah,Lee,subscribed,2026-04-17T23:45:35.000Z
kprof_399a0dc06e8e3af5f54f,cust_0c17b7db8294af765da8,priya.smith.3980@example.com,Priya,Smith,subscribed,2026-04-18T08:18:09.000Z
kprof_cbe0a3f819df66c11904,cust_470322b05c5a2c33beba,morgan.martinez.4409@example.com,Morgan,Martinez,subscribed,2026-04-18T09:03:20.000Z
kprof_681416f409a7e795fe62,cust_8914d7e21cd95b4c29e6,sofia.martinez.4918@example.com,Sofia,Martinez,subscribed,2026-04-18T12:36:54.000Z
kprof_37f32d3d9e5ef5402420,cust_fb76cd1b34fc2791785c,jamie.lee.580@example.com,Jamie,Lee,subscribed,2026-04-18T13:10:31.000Z
kprof_35eb4f66e99a934ac290,cust_81a8fff222fa3c7b00ab,drew.wilson.8171@example.com,Drew,Wilson,subscribed,2026-04-18T13:51:38.000Z
kprof_5d65bc616051c127fb23,cust_906d5ce4b4d80d14d137,sofia.davis.1099@example.com,Sofia,Davis,unsubscribed,2026-04-18T13:54:50.000Z
kprof_f1e94c266b81bfd939d1,cust_855d4c579b5a4c4f97fd,avery.patel.7817@example.com,Avery,Patel,subscribed,2026-04-18T18:08:16.000Z
kprof_d3473e7e89dead4e949f,cust_7a17d29424b99b33a73c,sofia.kim.4353@example.com,Sofia,Kim,unsubscribed,2026-04-18T19:33:29.000Z
kprof_dbcc87875cda8ba5e9cc,cust_c6ae751c3a3e71c3f86a,morgan.wilson.903@example.com,Morgan,Wilson,subscribed,2026-04-18T20:45:28.000Z
kprof_5e856af2f729e22804ea,cust_638082418b811a004e60,casey.clark.4137@example.com,Casey,Clark,subscribed,2026-04-19T06:47:06.000Z
kprof_1fe947736463537fe7b7,cust_66ec0d0dfe1894497740,morgan.nguyen.3760@example.com,Morgan,Nguyen,subscribed,2026-04-19T09:04:11.000Z
kprof_2a726288ca3b4ca34bea,cust_bcb37d4b156df8b2c4d9,taylor.smith.3994@example.com,Taylor,Smith,subscribed,2026-04-19T13:07:04.000Z
kprof_8c308b97650410a8ae19,,casey.patel.9903@example.com,Casey,Patel,subscribed,2026-04-19T13:10:12.000Z
kprof_d8a588405c4e94ad3851,,miles.lewis.1287@example.com,Miles,Lewis,subscribed,2026-04-19T14:02:19.000Z
kprof_0b966433ba3a627f4ada,cust_7346ce651323b9692cf7,maya.johnson.4529@example.com,Maya,Johnson,subscribed,2026-04-19T16:13:28.000Z
kprof_7cfce7ec5e402c9a4fac,cust_d2e7d89b9ff674cdbfc4,avery.young.7401@example.com,Avery,Young,subscribed,2026-04-19T17:01:00.000Z
kprof_a5861721f2117f7bacc8,cust_38e50d5c95790c992825,noah.allen.6800@example.com,Noah,Allen,subscribed,2026-04-19T17:52:01.000Z
kprof_19dd4f68e0c39372bec6,,riley.kim.9314@example.com,Riley,Kim,subscribed,2026-04-19T19:01:09.000Z
kprof_ad11a22242eaf93ac028,cust_ddd9bd70b9465e68d869,sofia.wilson.2483@example.com,Sofia,Wilson,subscribed,2026-04-19T19:39:04.000Z
kprof_201cd19abaf56069e580,,iris.smith.4093@example.com,Iris,Smith,subscribed,2026-04-19T20:16:30.000Z
kprof_8524cabfa5cc7029ba6f,,jordan.hall.3311@example.com,Jordan,Hall,subscribed,2026-04-19T21:01:02.000Z
kprof_84588e03f773f31b99d9,cust_41cc656ffc0993394135,morgan.johnson.4345@example.com,Morgan,Johnson,subscribed,2026-04-19T21:49:53.000Z
kprof_5096ac99952f0f19ac9a,cust_c1b49e2ac41828e6a74e,casey.nguyen.7886@example.com,Casey,Nguyen,subscribed,2026-04-19T23:03:21.000Z
kprof_d64b85f5832526858dc1,cust_ea2310d9b0beaecead4a,iris.clark.7806@example.com,Iris,Clark,subscribed,2026-04-19T23:31:01.000Z
kprof_234a221eeab1d58e3495,cust_fdc60564fd0dc66b21d0,priya.wright.2624@example.com,Priya,Wright,subscribed,2026-04-20T06:50:41.000Z
kprof_5258728fd1536b1c8daf,cust_69f35ab6867c645ff592,lena.wright.129@example.com,Lena,Wright,subscribed,2026-04-20T07:27:05.000Z
kprof_e3b2917a69220c1405fe,cust_f460cf6004119eacc836,avery.walker.1790@example.com,Avery,Walker,subscribed,2026-04-20T07:32:52.000Z
kprof_dbf09ca0cbfeacc692d3,cust_9f6d3bd2a8bff6a163df,cameron.brown.6595@example.com,Cameron,Brown,subscribed,2026-04-20T07:56:16.000Z
kprof_e075d7d909399d2f58d5,cust_2f0c3d4794bb39b34bf1,priya.allen.3297@example.com,Priya,Allen,subscribed,2026-04-20T11:09:13.000Z
kprof_b14a51d70889e471e69d,cust_c691e6f1bcb28850ee84,morgan.hall.5809@example.com,Morgan,Hall,subscribed,2026-04-20T13:02:32.000Z
kprof_70295b838d66bed4e0c6,cust_1c73f38f4086a7c833c1,jamie.young.9358@example.com,Jamie,Young,subscribed,2026-04-20T13:28:02.000Z
kprof_03cca12c3e0c30d2de3f,cust_e7ed902904e6af15efd9,riley.miller.4275@example.com,Riley,Miller,subscribed,2026-04-20T13:41:16.000Z
kprof_ab585a4f3092a0b785f4,cust_e25e645eed3554faaa42,avery.wright.2282@example.com,Avery,Wright,subscribed,2026-04-20T13:51:26.000Z
kprof_53cd51b1913ff7e56ec7,cust_ebabdc3945aecba58bf9,jordan.nguyen.1322@example.com,Jordan,Nguyen,subscribed,2026-04-20T15:49:52.000Z
kprof_48a2a2a49714ec5b8134,cust_b936e2c849137e3d7d63,avery.walker.4869@example.com,Avery,Walker,subscribed,2026-04-20T16:58:49.000Z
kprof_abb4b80cad78e1b131d6,cust_91522a5807b125566527,casey.davis.5090@example.com,Casey,Davis,subscribed,2026-04-20T20:25:56.000Z
kprof_e1cf18d28d0e4ffe2cfe,cust_cebb740e629c41e17ece,nora.miller.9198@example.com,Nora,Miller,subscribed,2026-04-20T23:28:09.000Z
kprof_0b7f07ed4b884b3ffa00,cust_acdfaa11a9b5b1044f11,lena.walker.7104@example.com,Lena,Walker,subscribed,2026-04-21T09:18:39.000Z
kprof_782ec55935df166ccbbc,cust_8189d407362478b43cac,jamie.clark.7160@example.com,Jamie,Clark,subscribed,2026-04-21T09:21:10.000Z
kprof_2260ec28f007a900d4fe,cust_4970d35911c1c6202382,jordan.johnson.6189@example.com,Jordan,Johnson,subscribed,2026-04-21T10:04:03.000Z
kprof_8ba786889b2a96e16103,cust_6fb45b9045e30e1881ea,iris.allen.7680@example.com,Iris,Allen,subscribed,2026-04-21T10:56:03.000Z
kprof_1566123ec29fbd48b0ac,,alex.patel.341@example.com,Alex,Patel,subscribed,2026-04-21T11:38:59.000Z
kprof_00a07d1ca59bef83fbdd,cust_890c44303be9617524a7,iris.clark.9058@example.com,Iris,Clark,subscribed,2026-04-21T11:46:36.000Z
kprof_ca5a3b69fc4bb1368b16,cust_1facabab2fb05e6b3e49,priya.anderson.1269@example.com,Priya,Anderson,subscribed,2026-04-21T12:47:20.000Z
kprof_636282db455326a723fd,cust_9140806429abc6ece140,cameron.anderson.6716@example.com,Cameron,Anderson,subscribed,2026-04-21T12:59:41.000Z
kprof_513e5595849c021e7513,cust_1b621854aaa19bbf5b93,priya.brown.6823@example.com,Priya,Brown,subscribed,2026-04-21T15:02:20.000Z
kprof_c18a202557a835c3fc83,,priya.brown.4636@example.com,Priya,Brown,subscribed,2026-04-21T16:37:11.000Z
kprof_5898ece1274ffc204377,cust_36ec97b07db8281c5a3c,morgan.miller.8041@example.com,Morgan,Miller,subscribed,2026-04-21T18:03:52.000Z
kprof_83c8acda9a8d070997aa,cust_6c017c63ea800b2c0f50,maya.brown.6197@example.com,Maya,Brown,subscribed,2026-04-21T18:43:12.000Z
kprof_fa2699fb4eb2b7a682b3,,evan.brown.5136@example.com,Evan,Brown,subscribed,2026-04-21T23:33:50.000Z
kprof_16e6d032e8b2d95bf3b0,,maya.clark.5824@example.com,Maya,Clark,subscribed,2026-04-22T07:48:18.000Z
kprof_0fa76323e521c7d0682e,cust_9d11b14af53b000606d2,sofia.davis.1448@example.com,Sofia,Davis,subscribed,2026-04-22T09:05:39.000Z
kprof_01dd9692f361da5405dd,,avery.davis.9551@example.com,Avery,Davis,subscribed,2026-04-22T09:06:21.000Z
kprof_5eb8aa15425b202ca5dc,cust_8847e5eff6041986c571,drew.patel.855@example.com,Drew,Patel,subscribed,2026-04-22T09:32:36.000Z
kprof_63c41b971d3155193c7f,cust_2202e581f1f9cca49c5b,nora.nguyen.5282@example.com,Nora,Nguyen,subscribed,2026-04-22T10:03:41.000Z
kprof_c6cc48aa578d00699cc6,cust_48cee3d3749ae1668dd7,miles.martinez.6001@example.com,Miles,Martinez,subscribed,2026-04-22T10:11:07.000Z
kprof_f1038949338a5abe56e7,,cameron.wilson.8559@example.com,Cameron,Wilson,subscribed,2026-04-22T10:41:34.000Z
kprof_d8b91387e9909861ce34,,taylor.smith.1943@example.com,Taylor,Smith,subscribed,2026-04-22T11:10:14.000Z
kprof_89c340c9897a48cb6e5f,cust_f343522eb5d38164b409,cameron.lee.4548@example.com,Cameron,Lee,subscribed,2026-04-22T12:29:55.000Z
kprof_df8a574d854e82b64544,cust_ae7fcd21dbd49f482650,alex.patel.8885@example.com,Alex,Patel,subscribed,2026-04-22T16:05:58.000Z
kprof_bd230963bb7d434a0dae,cust_fc307cd5a4c67735d6fe,jamie.miller.4827@example.com,Jamie,Miller,subscribed,2026-04-22T17:07:28.000Z
kprof_e2d1df8bf319d13fe318,,jordan.johnson.2861@example.com,Jordan,Johnson,subscribed,2026-04-22T17:38:14.000Z
kprof_d7e003e0b2e1dc1146a8,cust_8f40eb3762adfa3b4cf2,jordan.johnson.1006@example.com,Jordan,Johnson,subscribed,2026-04-22T18:41:01.000Z
kprof_5ff1ed433d59b1d89086,cust_0ed8beec17ad4e67b7bf,maya.walker.3519@example.com,Maya,Walker,subscribed,2026-04-22T21:49:44.000Z
kprof_915bc1a5d78134f5040c,cust_d11453c450530f2a6338,jamie.brown.8599@example.com,Jamie,Brown,subscribed,2026-04-22T22:07:46.000Z
kprof_9c51c317a2f2493ddb20,cust_d1bff0cf103c76d9e68b,taylor.nguyen.504@example.com,Taylor,Nguyen,subscribed,2026-04-22T22:10:01.000Z
kprof_ce1b34a6764e8403bbaf,cust_fdb5cfb37a3ef2144667,avery.garcia.9531@example.com,Avery,Garcia,subscribed,2026-04-23T07:58:38.000Z
kprof_d3fa127d901777e4e493,cust_943da1d2ea84c35eb8d5,priya.brown.1136@example.com,Priya,Brown,subscribed,2026-04-23T10:29:20.000Z
kprof_53723d062d6ca511ecbd,cust_50efb1677703569406cb,jordan.miller.9082@example.com,Jordan,Miller,subscribed,2026-04-23T11:57:24.000Z
kprof_766b98de3e57351b4fa4,,maya.nguyen.6717@example.com,Maya,Nguyen,subscribed,2026-04-23T12:32:20.000Z
kprof_1cd09a1795757eae4f9f,,miles.patel.6431@example.com,Miles,Patel,subscribed,2026-04-23T13:40:18.000Z
kprof_3d0dce275abc48902b01,cust_25ca95c083be3328c2dc,jamie.smith.1868@example.com,Jamie,Smith,subscribed,2026-04-23T14:36:41.000Z
kprof_75c9225e5038eea7cc01,cust_38668dff91fb7c4d2289,lena.walker.6161@example.com,Lena,Walker,subscribed,2026-04-23T17:37:56.000Z
kprof_0d743faec98fa5bc3c7c,cust_5c1f032adc3d76fefc5d,jamie.patel.1121@example.com,Jamie,Patel,subscribed,2026-04-23T19:51:56.000Z
kprof_569a6ece1101c2e72bf0,,avery.lee.9303@example.com,Avery,Lee,subscribed,2026-04-23T19:55:13.000Z
kprof_e5f08c752f9ca689309a,cust_26f7e5478b162db153de,alex.allen.9436@example.com,Alex,Allen,subscribed,2026-04-23T20:06:57.000Z
kprof_743cb506ab4cceb6d898,cust_bcc4f6d4d0fd07452183,evan.lewis.7010@example.com,Evan,Lewis,subscribed,2026-04-23T20:41:34.000Z
kprof_8a9bfbed4bc427f4a427,cust_3bc14861afc0234837a6,drew.smith.4514@example.com,Drew,Smith,subscribed,2026-04-23T21:01:49.000Z
kprof_7f1d029414001b0a857f,cust_a6e1ead93dfe649a7e3b,maya.allen.4703@example.com,Maya,Allen,subscribed,2026-04-23T21:55:24.000Z
kprof_5d19222c8e79dd87743e,,drew.young.5244@example.com,Drew,Young,subscribed,2026-04-23T23:22:08.000Z
kprof_a09a9e447ba9448dc0fc,cust_688d01d530454f580d98,nora.nguyen.7593@example.com,Nora,Nguyen,subscribed,2026-04-24T06:44:31.000Z
kprof_ecc90183433429f9248c,cust_e2370fc2cbf232bf7e35,alex.miller.3238@example.com,Alex,Miller,subscribed,2026-04-24T06:51:27.000Z
kprof_f68f6f650569838cd332,cust_a26ad3282ac7f564e1f9,taylor.allen.5968@example.com,Taylor,Allen,subscribed,2026-04-24T07:27:15.000Z
kprof_28c93e4c783a3764435e,cust_74cb295ae84642d74381,jordan.garcia.3495@example.com,Jordan,Garcia,subscribed,2026-04-24T07:52:52.000Z
kprof_023cfd499cec5358a463,cust_e2fed628ca868573c00a,evan.young.8198@example.com,Evan,Young,subscribed,2026-04-24T08:00:14.000Z
kprof_366c54954121fc575070,cust_26c9805d72651d9debe5,casey.patel.4574@example.com,Casey,Patel,subscribed,2026-04-24T09:05:13.000Z
kprof_83cd6b82d9b67147d65c,cust_ebac5fe43d18e5488f95,evan.patel.5066@example.com,Evan,Patel,subscribed,2026-04-24T11:26:06.000Z
kprof_e42fe34ab8c1fe0ae944,cust_f10700eeec897e03e341,riley.wright.1690@example.com,Riley,Wright,subscribed,2026-04-24T13:34:47.000Z
kprof_925f05edb2f3800dd72a,cust_6709025c9b1cd7b82ec1,evan.young.1100@example.com,Evan,Young,subscribed,2026-04-24T14:42:47.000Z
kprof_1e9efb9468fbf34e6401,cust_04871d6e22b8334725ec,avery.walker.4991@example.com,Avery,Walker,subscribed,2026-04-24T16:06:09.000Z
kprof_992de0894b97c01771bd,cust_2d67f9fa87646a415b2a,sofia.clark.7224@example.com,Sofia,Clark,subscribed,2026-04-24T16:28:28.000Z
kprof_855afd8b7699968fcaa6,cust_fc4329095ae1cbd747b0,maya.clark.7051@example.com,Maya,Clark,subscribed,2026-04-24T21:13:47.000Z
kprof_585258ed3a7ad2699e31,cust_4a90b33997f0b18abe93,theo.garcia.589@example.com,Theo,Garcia,subscribed,2026-04-24T22:14:56.000Z
kprof_20959e1c5a9c5b634d4a,,sofia.lee.6473@example.com,Sofia,Lee,subscribed,2026-04-24T22:38:49.000Z
kprof_e0bddbd01910e576e3ce,,drew.hall.434@example.com,Drew,Hall,subscribed,2026-04-24T22:54:00.000Z
kprof_d8ee9e865cb77cd26031,cust_44bceb33f52529b64f38,drew.smith.6107@example.com,Drew,Smith,subscribed,2026-04-24T23:17:24.000Z
kprof_414be8592c5c0bea84eb,cust_7a1b9d1b3b0044110149,iris.johnson.8196@example.com,Iris,Johnson,subscribed,2026-04-24T23:28:20.000Z
kprof_112af28ef349c3860662,,theo.young.3245@example.com,Theo,Young,subscribed,2026-04-24T23:36:21.000Z
kprof_a5cefda47b234b2586e9,,evan.johnson.422@example.com,Evan,Johnson,subscribed,2026-04-25T06:21:02.000Z
kprof_6dd47a1a1e216339bc1b,,noah.miller.4659@example.com,Noah,Miller,subscribed,2026-04-25T06:56:20.000Z
kprof_9c40e82039ea56617dda,cust_f3d4b06cfac8249cb27c,sofia.anderson.5252@example.com,Sofia,Anderson,subscribed,2026-04-25T08:02:42.000Z
kprof_82d20fb34f8b62571bf7,cust_52e931cb69e0d758345f,evan.miller.4380@example.com,Evan,Miller,subscribed,2026-04-25T08:03:12.000Z
kprof_54ec5052c56100535038,cust_f12d573a7db89c6b0db0,riley.allen.6575@example.com,Riley,Allen,subscribed,2026-04-25T08:25:48.000Z
kprof_afb6d7afc34b4545618a,cust_ef158f1ad9c23296023f,evan.walker.679@example.com,Evan,Walker,subscribed,2026-04-25T08:32:58.000Z
kprof_2a49fa4241eee52fc778,cust_be2f7dd5e125f680019d,theo.martinez.7217@example.com,Theo,Martinez,subscribed,2026-04-25T10:29:18.000Z
kprof_c138efcfc436c5cde850,,miles.hall.9518@example.com,Miles,Hall,subscribed,2026-04-25T10:57:56.000Z
kprof_5696c43346fce0a58759,cust_b57e062ec53b53eca84e,iris.kim.8479@example.com,Iris,Kim,subscribed,2026-04-25T13:39:06.000Z
kprof_ea3b7eaf0f507f79baa6,cust_37b0082dd3beec0b0979,morgan.brown.1211@example.com,Morgan,Brown,subscribed,2026-04-25T14:14:11.000Z
kprof_23e5203353d0a6a19fa2,cust_f2c130f940089cfd39b7,jordan.wilson.7732@example.com,Jordan,Wilson,subscribed,2026-04-25T15:20:35.000Z
kprof_491d4724854f46bb926d,cust_9f0976672bddfd04ee47,jamie.nguyen.3324@example.com,Jamie,Nguyen,subscribed,2026-04-25T16:14:53.000Z
kprof_021c01843ac06935066c,cust_a4bcbd515d2a5ce950e4,cameron.nguyen.8732@example.com,Cameron,Nguyen,subscribed,2026-04-25T16:44:57.000Z
kprof_9961ea7bccefe8dee1ef,,taylor.young.3798@example.com,Taylor,Young,subscribed,2026-04-25T17:11:17.000Z
kprof_1bdff47f00324498d9bf,cust_01a372eb97259c4c21de,alex.walker.8316@example.com,Alex,Walker,subscribed,2026-04-25T17:48:49.000Z
kprof_0583895a4ee1c1ae063d,cust_80ca927260485d35f712,taylor.brown.8119@example.com,Taylor,Brown,subscribed,2026-04-25T18:18:58.000Z
kprof_e4bd786a019b86ea4184,cust_de3200e02e79b078e4cc,alex.young.9346@example.com,Alex,Young,subscribed,2026-04-25T19:11:45.000Z
kprof_7f64a6453c7d20b5a819,cust_3ad86aad95d7e4d4f597,maya.kim.8457@example.com,Maya,Kim,subscribed,2026-04-25T21:17:04.000Z
kprof_11a88c35a1bf135aa484,cust_1945730f32e721c2949d,casey.smith.5449@example.com,Casey,Smith,subscribed,2026-04-25T22:00:40.000Z
kprof_a86ffc65e74de865a0e4,cust_7470960bcba0542be7af,alex.johnson.8272@example.com,Alex,Johnson,subscribed,2026-04-25T22:22:07.000Z
kprof_64b289c02bc3cbb42cc4,cust_e025418074caa5c35961,priya.smith.7621@example.com,Priya,Smith,subscribed,2026-04-26T07:01:26.000Z
kprof_46787a2c6ff86a5f16d9,cust_8572b8e7c35750776095,miles.hall.343@example.com,Miles,Hall,subscribed,2026-04-26T09:16:22.000Z
kprof_241e520237b181b99307,,drew.patel.6983@example.com,Drew,Patel,subscribed,2026-04-26T12:04:30.000Z
kprof_1b93542f1f05b625439e,cust_7e5931c790c2279fe2b6,drew.garcia.4327@example.com,Drew,Garcia,subscribed,2026-04-26T12:24:20.000Z
kprof_23acaec3f6a9b92fb023,cust_f7b9d4abd4ed923deb92,taylor.hall.3975@example.com,Taylor,Hall,subscribed,2026-04-26T13:24:46.000Z
kprof_17cf9b7395aefb8ffc50,cust_4236db0aa4a27ca70376,priya.anderson.9641@example.com,Priya,Anderson,subscribed,2026-04-26T13:42:05.000Z
kprof_b37d70392716831b5bb0,cust_1796d5d8713c5be11f9f,jamie.nguyen.9738@example.com,Jamie,Nguyen,subscribed,2026-04-26T14:55:13.000Z
kprof_c958eee8154e5a8e1465,cust_b80b9a7d24ec04b647fc,lena.anderson.5156@example.com,Lena,Anderson,subscribed,2026-04-26T18:00:55.000Z
kprof_a6db227fb21817e32c9d,cust_d6af36285aebfc4502ee,maya.davis.5970@example.com,Maya,Davis,unsubscribed,2026-04-26T20:03:24.000Z
kprof_1de06c819fd42af5ba97,cust_aede3899f1b269dd5ca8,sofia.hall.7817@example.com,Sofia,Hall,subscribed,2026-04-26T21:24:31.000Z
kprof_59bc3b77dcfda5508350,,evan.davis.4314@example.com,Evan,Davis,subscribed,2026-04-26T22:17:10.000Z
kprof_0e260fc78350f449d6fc,,avery.lee.9231@example.com,Avery,Lee,subscribed,2026-04-26T23:57:39.000Z
kprof_6983678790035e2b653b,,noah.davis.544@example.com,Noah,Davis,subscribed,2026-04-27T07:08:31.000Z
kprof_66ec4b1afeaf144a6ea0,cust_0474dbc1c1e2e6e55779,maya.lewis.8061@example.com,Maya,Lewis,subscribed,2026-04-27T10:30:23.000Z
kprof_752c4e2a9618fe16788e,cust_4ea076f70a341d0edb28,sofia.johnson.4198@example.com,Sofia,Johnson,subscribed,2026-04-27T14:26:37.000Z
kprof_450b353dc8b487025573,cust_dfb85d530b9d4f97aca6,priya.walker.8197@example.com,Priya,Walker,subscribed,2026-04-27T14:33:23.000Z
kprof_f12204e2cd17bd03fcfa,cust_8a4c750022fbf5c0b40b,alex.allen.1073@example.com,Alex,Allen,subscribed,2026-04-27T14:43:34.000Z
kprof_5ad17a1ff394efe63806,cust_1e2118802daa0150652c,cameron.brown.8938@example.com,Cameron,Brown,subscribed,2026-04-27T15:11:55.000Z
kprof_970e30ed7ee126327a6c,cust_810e54321e467f2a0e4a,noah.hall.7544@example.com,Noah,Hall,subscribed,2026-04-27T17:20:11.000Z
kprof_0dba5c0c868d37f7ce22,,priya.davis.214@example.com,Priya,Davis,subscribed,2026-04-27T18:58:25.000Z
kprof_89e97efc992a7d1c0037,cust_7c534f387aef235bc29a,priya.nguyen.1024@example.com,Priya,Nguyen,subscribed,2026-04-27T20:22:29.000Z
kprof_f522bd18a8a8d37aba27,cust_d47f5df8bbae49c0c253,drew.lewis.8921@example.com,Drew,Lewis,subscribed,2026-04-27T21:03:39.000Z
kprof_603c6272d613fdfa7d90,,morgan.wilson.7603@example.com,Morgan,Wilson,subscribed,2026-04-27T21:33:25.000Z
kprof_fedfc4158480237f46ae,cust_d28d498b975090359f39,avery.kim.2697@example.com,Avery,Kim,subscribed,2026-04-27T22:16:48.000Z
kprof_56a7162ee51f8b5f7366,,riley.brown.2290@example.com,Riley,Brown,subscribed,2026-04-27T22:20:19.000Z
kprof_4cca498963475679b9bd,cust_7cedb95a78e355ba00a5,iris.brown.6426@example.com,Iris,Brown,subscribed,2026-04-27T22:31:03.000Z
kprof_47d200bb81894e018313,cust_6db7a39a47349fdf3f7d,theo.young.1134@example.com,Theo,Young,subscribed,2026-04-28T06:38:48.000Z
kprof_8e25852a4c8e1acb5c29,cust_512b4c81c82e45369ac6,cameron.lewis.6697@example.com,Cameron,Lewis,subscribed,2026-04-28T06:48:21.000Z
kprof_9d8daa5136c0a9644122,cust_71a33adce6cf54c73899,maya.davis.3312@example.com,Maya,Davis,subscribed,2026-04-28T07:50:10.000Z
kprof_5fdf2f4606117c86fdee,,cameron.young.6220@example.com,Cameron,Young,subscribed,2026-04-28T10:06:52.000Z
kprof_8779d85831e05e2c3cd1,,maya.miller.5922@example.com,Maya,Miller,subscribed,2026-04-28T12:34:50.000Z
kprof_2d0638541220cf15711a,,miles.clark.9826@example.com,Miles,Clark,subscribed,2026-04-28T14:00:27.000Z
kprof_061b3c6fd8b2ff900d13,cust_713ee67a4c107fd36608,drew.smith.1167@example.com,Drew,Smith,subscribed,2026-04-28T16:26:03.000Z
kprof_37eb278e2a16e4f989fe,,alex.kim.1067@example.com,Alex,Kim,subscribed,2026-04-28T19:00:48.000Z
kprof_11d6dfb20affe5d386c5,cust_c072a1c73dfef4eb7a94,taylor.clark.1699@example.com,Taylor,Clark,subscribed,2026-04-29T08:09:42.000Z
kprof_1000755d7ca3e17f5229,cust_8e7fe248868c31974a03,alex.johnson.4842@example.com,Alex,Johnson,subscribed,2026-04-29T09:08:51.000Z
kprof_7803fec8c5cb00cd5c2a,cust_663af7a30f8226fca2aa,jordan.smith.9985@example.com,Jordan,Smith,subscribed,2026-04-29T10:16:16.000Z
kprof_d365a22ff6299e75ec5f,cust_325a8bac5f070763bb69,taylor.brown.7562@example.com,Taylor,Brown,subscribed,2026-04-29T11:02:08.000Z
kprof_fc513cd6e045cf9463c2,cust_46f5deebb6d4f9922eaa,jordan.allen.8606@example.com,Jordan,Allen,subscribed,2026-04-29T11:54:16.000Z
kprof_26e7775983d9e197e6e9,cust_8000ff7bb6f589df309d,alex.smith.4659@example.com,Alex,Smith,subscribed,2026-04-29T12:59:01.000Z
kprof_c3f1d80dd8ff326b0684,cust_da41489b1a96bf8bee8b,casey.allen.2828@example.com,Casey,Allen,subscribed,2026-04-29T13:46:44.000Z
kprof_a90594c0d6afaa8f65dd,cust_fbf68df4bc3cd49a2fb6,avery.johnson.1239@example.com,Avery,Johnson,subscribed,2026-04-29T15:52:08.000Z
kprof_d25bd88065c1274e3845,,taylor.johnson.5050@example.com,Taylor,Johnson,subscribed,2026-04-29T16:35:36.000Z
kprof_bee3994c9f464be0f3e6,cust_d51744613174b62db5b2,priya.walker.2657@example.com,Priya,Walker,subscribed,2026-04-29T16:46:00.000Z
kprof_caef51758c7ef8655786,cust_19622178cc7d911e355f,miles.lewis.516@example.com,Miles,Lewis,subscribed,2026-04-29T18:29:36.000Z
kprof_082669be0dab0b5cbc57,cust_358c8dc6b4439a71c74c,jordan.brown.2879@example.com,Jordan,Brown,subscribed,2026-04-29T22:02:19.000Z
kprof_a14884719f6eb457dded,cust_7aa679bc479e92f62621,priya.hall.1400@example.com,Priya,Hall,subscribed,2026-04-30T06:15:24.000Z
kprof_a10a6956c05f8b5ab114,cust_ae5320e12f95a3eb2700,sofia.miller.9323@example.com,Sofia,Miller,subscribed,2026-04-30T06:47:29.000Z
kprof_9181e56e5392976ba13d,cust_565f3bf40b3475aa8440,riley.clark.7613@example.com,Riley,Clark,subscribed,2026-04-30T06:58:12.000Z
kprof_918a8434d1ac645aacef,cust_963a02cb4245901325e3,casey.lee.1185@example.com,Casey,Lee,subscribed,2026-04-30T07:26:38.000Z
kprof_facb1c7e46f468a768b7,cust_a71691c59806bd1866cd,alex.davis.9829@example.com,Alex,Davis,subscribed,2026-04-30T09:12:59.000Z
kprof_2c16ab3faae3632758b5,cust_1029859be0618e7dd040,nora.young.862@example.com,Nora,Young,subscribed,2026-04-30T10:03:40.000Z
kprof_1104263f1bb99f6c9055,cust_542876178c56d5dae2a8,cameron.allen.9602@example.com,Cameron,Allen,subscribed,2026-04-30T10:23:42.000Z
kprof_9599346039ee33b150e3,,cameron.hall.6592@example.com,Cameron,Hall,subscribed,2026-04-30T11:15:05.000Z
kprof_43670c45d8f91b7fa9b1,cust_8aefe6f60c7832c04db8,miles.davis.4659@example.com,Miles,Davis,subscribed,2026-04-30T13:24:21.000Z
kprof_81e0b27bb6d9e0511001,cust_cf877fda5bc4a9cca4bb,lena.davis.1922@example.com,Lena,Davis,subscribed,2026-04-30T16:40:19.000Z
kprof_ffc2b25ff8b03a57f25b,cust_2d5903911e98fa91f2d6,theo.kim.8366@example.com,Theo,Kim,subscribed,2026-04-30T19:28:07.000Z
kprof_7ef1ef6a8270b7fce42a,cust_edbf5428bed9a81c5e40,priya.brown.7145@example.com,Priya,Brown,subscribed,2026-04-30T19:42:55.000Z
kprof_d9abee125eed27ea0c55,cust_fea96ff11e9d12c3345a,maya.walker.4397@example.com,Maya,Walker,subscribed,2026-04-30T22:42:39.000Z
kprof_974243a4f70ab2741447,cust_123103660d8cc8a281a1,jamie.anderson.7200@example.com,Jamie,Anderson,subscribed,2026-05-01T06:43:20.000Z
kprof_dad22b6c2988e3538fa5,cust_5f2fc0389eb9d0281a61,morgan.kim.2398@example.com,Morgan,Kim,subscribed,2026-05-01T06:57:17.000Z
kprof_5bc78b8c1dd4e850ad5f,cust_c4c2b4e1649dc683d9c3,theo.kim.6360@example.com,Theo,Kim,subscribed,2026-05-01T07:56:36.000Z
kprof_f021907e5c68555d76a9,cust_d2d85962f6d2c81baa8d,avery.patel.8829@example.com,Avery,Patel,subscribed,2026-05-01T10:27:37.000Z
kprof_01034026a46e2e2e6cda,,alex.garcia.6186@example.com,Alex,Garcia,subscribed,2026-05-01T12:14:51.000Z
kprof_70ad838209c5bfd3a2b4,,cameron.wilson.198@example.com,Cameron,Wilson,subscribed,2026-05-01T12:44:31.000Z
kprof_d75f2601d159d69c65e5,,casey.brown.5627@example.com,Casey,Brown,subscribed,2026-05-01T12:48:57.000Z
kprof_a9f0e298530d6f6dbc15,cust_294e4ced93f3435ed6da,lena.wright.3164@example.com,Lena,Wright,subscribed,2026-05-01T13:25:02.000Z
kprof_34de881adb54fec8ae09,,theo.walker.1884@example.com,Theo,Walker,subscribed,2026-05-01T13:32:49.000Z
kprof_374da25755d383116588,cust_1f49c06aae48c660548b,drew.anderson.6839@example.com,Drew,Anderson,subscribed,2026-05-01T13:37:58.000Z
kprof_cc0cc7388ce0b3584f9d,cust_6a20e62d1a4aba2a3438,miles.walker.5383@example.com,Miles,Walker,subscribed,2026-05-01T16:51:47.000Z
kprof_df34073891599690c38b,cust_1fc68a8bb6f817baf4b4,nora.johnson.6430@example.com,Nora,Johnson,subscribed,2026-05-01T18:14:44.000Z
kprof_deba8bc729d53b6be596,cust_3a63c7066554b538fc3c,priya.young.2818@example.com,Priya,Young,subscribed,2026-05-01T18:38:27.000Z
kprof_b51aa133829aec95ace3,cust_621ce8e53228acfd77b7,riley.nguyen.8185@example.com,Riley,Nguyen,subscribed,2026-05-01T19:15:45.000Z
kprof_239ae94ebd345266560c,cust_50fbeaf7b70c91f61bbf,maya.clark.4622@example.com,Maya,Clark,subscribed,2026-05-01T19:39:00.000Z
kprof_f3ce726ca04a7e14ee98,cust_36854b1a806b32dd4882,lena.wright.3272@example.com,Lena,Wright,subscribed,2026-05-01T20:02:05.000Z
kprof_4453dd70182f2dda8cbb,cust_7114c7279773aaffc5ff,avery.garcia.9804@example.com,Avery,Garcia,subscribed,2026-05-01T20:47:17.000Z
kprof_baa1ab00615e48bc0842,cust_2b9206fe34f5804c7c8c,riley.kim.9593@example.com,Riley,Kim,subscribed,2026-05-01T21:09:07.000Z
kprof_15697cb8d5fea40ebfd7,cust_9166ac8672f599facee3,cameron.brown.2666@example.com,Cameron,Brown,subscribed,2026-05-01T21:19:53.000Z
kprof_f5e7ad92d8da2d44c4fd,cust_52526c5ec1b45e715b25,evan.miller.6069@example.com,Evan,Miller,subscribed,2026-05-01T21:34:56.000Z
kprof_7866bdd85ef74a6898c0,cust_59e1e7cf14219063f313,theo.smith.6147@example.com,Theo,Smith,subscribed,2026-05-01T22:15:08.000Z
kprof_4a2b85ccc813d596ca18,cust_ae71e60e07e132e817be,casey.hall.6215@example.com,Casey,Hall,subscribed,2026-05-01T23:43:30.000Z
kprof_3e39bf70053efb0bde83,cust_6b9e95df53652aa3ff8d,noah.wilson.2844@example.com,Noah,Wilson,subscribed,2026-05-02T09:04:06.000Z
kprof_ad64c868a7f01884e82c,,noah.miller.9565@example.com,Noah,Miller,subscribed,2026-05-02T10:56:26.000Z
kprof_cde3140a4eceb57f2264,cust_07033942d5ccc540200d,riley.brown.8690@example.com,Riley,Brown,subscribed,2026-05-02T14:40:33.000Z
kprof_91df4df4d82112326428,,jamie.anderson.9221@example.com,Jamie,Anderson,subscribed,2026-05-02T18:37:22.000Z
kprof_b149b28bdd0dbcfe04fc,cust_701537d530e4071e8958,avery.walker.8457@example.com,Avery,Walker,subscribed,2026-05-02T19:22:14.000Z
kprof_d852ac034801594536b8,,jordan.nguyen.4036@example.com,Jordan,Nguyen,subscribed,2026-05-02T20:27:36.000Z
kprof_ad3ea90f58c85417c846,cust_1d7ec01124ec2e5be445,alex.johnson.7094@example.com,Alex,Johnson,unsubscribed,2026-05-02T20:49:26.000Z
kprof_1f382da8170e737edccc,,theo.davis.6257@example.com,Theo,Davis,subscribed,2026-05-02T20:49:39.000Z
kprof_7e18d930a2f8e26360f0,cust_aab8575acad8af9e275d,sofia.miller.4517@example.com,Sofia,Miller,subscribed,2026-05-02T20:55:13.000Z
kprof_0e89da5175698741f177,,maya.nguyen.1942@example.com,Maya,Nguyen,subscribed,2026-05-02T21:00:48.000Z
kprof_1eda1bda59861019a65d,cust_97ecf8f3adf13c997407,drew.hall.2245@example.com,Drew,Hall,subscribed,2026-05-02T21:24:39.000Z
kprof_3c75e53ee2a4042aba8a,cust_a66aba358e4326234179,jamie.martinez.4615@example.com,Jamie,Martinez,subscribed,2026-05-02T23:06:13.000Z
kprof_5b9a4e5fc9b3dc49c01e,,theo.young.1834@example.com,Theo,Young,subscribed,2026-05-03T10:37:58.000Z
kprof_7b254ef7406458926f61,,nora.lee.742@example.com,Nora,Lee,subscribed,2026-05-03T10:48:10.000Z
kprof_2ac56679348c31a06acb,,casey.walker.9972@example.com,Casey,Walker,subscribed,2026-05-03T11:29:27.000Z
kprof_f6e3fd9e2a37ca65d616,,sofia.johnson.2081@example.com,Sofia,Johnson,subscribed,2026-05-03T12:13:35.000Z
kprof_2127b218a788e9b3bcb1,cust_e30e1f86e9189f658e1c,lena.smith.8956@example.com,Lena,Smith,subscribed,2026-05-03T12:44:04.000Z
kprof_cb3c74eb41f26eb0d168,cust_8c851c01ea32866fe635,noah.wright.3735@example.com,Noah,Wright,subscribed,2026-05-03T13:03:08.000Z
kprof_a69358c3b774968ee7d2,cust_6184998c66e7fc5f5545,priya.smith.153@example.com,Priya,Smith,subscribed,2026-05-03T13:15:17.000Z
kprof_d2080945108d7a16950a,cust_22b96669cb358502ecc7,nora.lee.5032@example.com,Nora,Lee,subscribed,2026-05-03T13:45:44.000Z
kprof_96a45d600b8c4cff418b,,riley.martinez.9325@example.com,Riley,Martinez,subscribed,2026-05-03T13:53:23.000Z
kprof_959d57a4846d7fef775d,cust_55d585f17af75dcfc6a0,priya.clark.4644@example.com,Priya,Clark,subscribed,2026-05-03T14:02:46.000Z
kprof_93b271c9246b774f3986,cust_ffb3f9890dbe19a1dc22,jordan.martinez.2138@example.com,Jordan,Martinez,subscribed,2026-05-03T15:19:30.000Z
kprof_2974acf2d1fd16137cd0,,lena.wilson.5945@example.com,Lena,Wilson,subscribed,2026-05-03T17:22:54.000Z
kprof_d803e05dc93e75e82960,,maya.martinez.4644@example.com,Maya,Martinez,subscribed,2026-05-03T21:03:23.000Z
kprof_0029b8b5f6c4b2e7f66c,cust_0646f36ebee820fb65cd,theo.brown.2177@example.com,Theo,Brown,subscribed,2026-05-03T21:57:31.000Z
kprof_df72b136957a6a38db0e,,jamie.johnson.9960@example.com,Jamie,Johnson,subscribed,2026-05-03T23:40:54.000Z
kprof_f24eea2d732bfa5cfc1f,cust_e717506e5cf0bff14330,riley.kim.3616@example.com,Riley,Kim,subscribed,2026-05-04T07:55:51.000Z
kprof_5ba6ac0012f8b4430c77,,morgan.young.3274@example.com,Morgan,Young,subscribed,2026-05-04T08:12:38.000Z
kprof_ecad0b439d3cbbec8f79,cust_764d2c13de0d5e852403,evan.kim.1166@example.com,Evan,Kim,subscribed,2026-05-04T08:44:45.000Z
kprof_0aef06140b9bcac1bf1f,,nora.hall.9740@example.com,Nora,Hall,subscribed,2026-05-04T09:20:30.000Z
kprof_61b0f3a1acac1671c85a,cust_4c0a4603d303e9eb7d7c,jamie.lewis.3887@example.com,Jamie,Lewis,subscribed,2026-05-04T10:38:26.000Z
kprof_075f7aedb6c64fce7810,,lena.lee.3093@example.com,Lena,Lee,subscribed,2026-05-04T14:46:51.000Z
kprof_597613e0a10d851fadf0,,drew.allen.8567@example.com,Drew,Allen,subscribed,2026-05-04T14:54:36.000Z
kprof_4802d2296e8e6e21d0a7,cust_c076201ea091c0885c8f,alex.lewis.6615@example.com,Alex,Lewis,subscribed,2026-05-04T16:05:21.000Z
kprof_fe7f81065fb448708a19,,lena.johnson.6928@example.com,Lena,Johnson,subscribed,2026-05-04T16:17:42.000Z
kprof_d58ac30928a736eb31fb,cust_7f2f14c2778447ca5775,avery.walker.8345@example.com,Avery,Walker,subscribed,2026-05-04T17:12:50.000Z
kprof_4088f84a04500c99188b,cust_4d2b3cfc9e56cf71c7b2,sofia.nguyen.2545@example.com,Sofia,Nguyen,subscribed,2026-05-04T17:32:08.000Z
kprof_0514fcd5f6636fc05b56,cust_a1ea74509dda3099b851,maya.smith.5104@example.com,Maya,Smith,unsubscribed,2026-05-04T21:42:24.000Z
kprof_7eda271591dab37ba7fc,,priya.patel.4259@example.com,Priya,Patel,subscribed,2026-05-05T06:40:26.000Z
kprof_894fe97626703f74a85b,cust_756e2648ebf91f5d2265,taylor.patel.1348@example.com,Taylor,Patel,subscribed,2026-05-05T06:54:27.000Z
kprof_0b342e8407f2ce987574,cust_891c90f2efd1117ad5ba,taylor.garcia.5959@example.com,Taylor,Garcia,subscribed,2026-05-05T06:55:47.000Z
kprof_2eb5ca343bb5b3ed6bf2,cust_769fb300006f72d34fc5,taylor.brown.3474@example.com,Taylor,Brown,subscribed,2026-05-05T07:16:40.000Z
kprof_c0fbaf4812168874ee5c,,jamie.brown.6819@example.com,Jamie,Brown,subscribed,2026-05-05T07:55:43.000Z
kprof_ba016b167889ade5d154,cust_04ae3bedec2e2b0b4090,sofia.allen.4360@example.com,Sofia,Allen,subscribed,2026-05-05T09:47:19.000Z
kprof_3af1092ff6f802266f35,cust_78575a57479735a728ea,theo.allen.2008@example.com,Theo,Allen,subscribed,2026-05-05T09:53:18.000Z
kprof_f9f18bf2d879a35cc582,cust_fb56b5356d04686704b3,priya.walker.8696@example.com,Priya,Walker,subscribed,2026-05-05T10:15:35.000Z
kprof_dc0276800cc89551382c,,riley.wright.708@example.com,Riley,Wright,unsubscribed,2026-05-05T15:05:37.000Z
kprof_6c02fe30e3ec3f001fbc,cust_8f4c9420ab8004411624,avery.clark.6792@example.com,Avery,Clark,subscribed,2026-05-05T16:31:41.000Z
kprof_587248f50a0c1a8b59ad,,alex.nguyen.6460@example.com,Alex,Nguyen,subscribed,2026-05-05T17:49:46.000Z
kprof_52609792cfc730f3be39,cust_93f6c2aca22b9a38a582,theo.brown.7885@example.com,Theo,Brown,subscribed,2026-05-05T19:03:52.000Z
kprof_9cb99de902a0afe70660,cust_af93d7b58957d3b8ba13,sofia.young.7243@example.com,Sofia,Young,subscribed,2026-05-05T20:47:01.000Z
kprof_6e611e39ce02e0e4801b,cust_708f9bf39e79c6ff7714,iris.wilson.2644@example.com,Iris,Wilson,subscribed,2026-05-05T21:32:54.000Z
kprof_910bde7f8ddd0eba7809,,maya.garcia.6276@example.com,Maya,Garcia,subscribed,2026-05-05T21:35:24.000Z
kprof_f4e5df500c0fd193b51b,cust_4ce995410d5e03e5ecfb,evan.brown.1423@example.com,Evan,Brown,subscribed,2026-05-05T21:38:56.000Z
kprof_29d51b30174dcd1f8f46,,miles.wright.3549@example.com,Miles,Wright,subscribed,2026-05-05T22:20:47.000Z
kprof_953be6bca1dda47d6c3e,,maya.anderson.574@example.com,Maya,Anderson,subscribed,2026-05-05T22:38:18.000Z
kprof_1c8a75054121c5af604d,,maya.anderson.9902@example.com,Maya,Anderson,subscribed,2026-05-05T23:42:31.000Z
kprof_29e029bb75270ec1c663,,riley.allen.4330@example.com,Riley,Allen,subscribed,2026-05-05T23:56:35.000Z
kprof_0b26b7c3685d828cf282,cust_ac25d92a33a37edfd459,riley.anderson.1503@example.com,Riley,Anderson,subscribed,2026-05-06T06:29:14.000Z
kprof_6d51ea77f063cb1a1505,cust_c9ff1fcc9f415d6bb6cb,avery.clark.4772@example.com,Avery,Clark,subscribed,2026-05-06T08:38:16.000Z
kprof_fa2568052826e41f232c,,noah.johnson.2235@example.com,Noah,Johnson,subscribed,2026-05-06T09:00:38.000Z
kprof_d411fc1e1fe68ec29aa1,cust_6bf9ab14ae621cea63e1,noah.brown.259@example.com,Noah,Brown,subscribed,2026-05-06T09:03:08.000Z
kprof_09e9ea437b70d9fb5bbf,cust_233f66d0a3de6abaab6e,taylor.miller.3516@example.com,Taylor,Miller,subscribed,2026-05-06T09:22:37.000Z
kprof_617464fb2d885f4d8009,,jordan.kim.4587@example.com,Jordan,Kim,subscribed,2026-05-06T09:53:07.000Z
kprof_56734e60ecc2e04c8d40,,iris.lee.7067@example.com,Iris,Lee,subscribed,2026-05-06T10:02:50.000Z
kprof_4e2a915c8970dbec97ee,cust_31c37fbd0ba606501101,alex.wright.2758@example.com,Alex,Wright,subscribed,2026-05-06T13:19:15.000Z
kprof_6f739006d127fad40138,,miles.allen.2435@example.com,Miles,Allen,subscribed,2026-05-06T13:56:06.000Z
kprof_0ec1ebd7d58aba8e8133,cust_b2daeaa9ba870e689bf0,jordan.brown.7056@example.com,Jordan,Brown,subscribed,2026-05-06T16:22:34.000Z
kprof_d7f47f6ba933f0e3ebea,cust_9a37ff07b932f38de30a,jamie.hall.6447@example.com,Jamie,Hall,subscribed,2026-05-06T16:58:24.000Z
kprof_7958320b0a53ca8a9fd5,cust_6362b56fcebeefaeb334,theo.kim.2937@example.com,Theo,Kim,subscribed,2026-05-06T17:56:09.000Z
kprof_7f50688d8b7341ca3079,cust_95eecb2e84b50667d9c2,riley.anderson.2445@example.com,Riley,Anderson,subscribed,2026-05-06T18:08:50.000Z
kprof_084de1471897d3c7b828,cust_89c8357fc6d5bb7d31b7,priya.lee.6061@example.com,Priya,Lee,subscribed,2026-05-06T19:06:47.000Z
kprof_89db5a96f1dcb44fa1c3,cust_c1084faa9f499a5b3aaf,theo.nguyen.7143@example.com,Theo,Nguyen,subscribed,2026-05-06T21:20:11.000Z
kprof_9b938f95d5ef21086647,cust_1914329f97b04ef5f4e3,cameron.nguyen.5083@example.com,Cameron,Nguyen,subscribed,2026-05-06T22:47:03.000Z
kprof_9d4cee488e333355ece2,cust_b18f91f3caad39c9b91b,drew.nguyen.7701@example.com,Drew,Nguyen,subscribed,2026-05-07T06:12:09.000Z
kprof_31aaa83b2fe844cd52e3,cust_050fad42a76bf4e89f76,alex.johnson.2834@example.com,Alex,Johnson,subscribed,2026-05-07T07:30:15.000Z
kprof_1d853f2465308d9f14d3,cust_3fa516c2d3a3f514cbd5,taylor.brown.8978@example.com,Taylor,Brown,subscribed,2026-05-07T08:28:47.000Z
kprof_e54866cabf76f444b324,cust_1b39cf9fb28b55afb46b,miles.davis.9777@example.com,Miles,Davis,subscribed,2026-05-07T08:36:25.000Z
kprof_0c368019eda6dc6a4b10,cust_53237b15a36ea6b239fe,alex.wright.4779@example.com,Alex,Wright,subscribed,2026-05-07T09:32:32.000Z
kprof_f2927a968cdf8ba507b0,,avery.young.9011@example.com,Avery,Young,subscribed,2026-05-07T10:10:19.000Z
kprof_432f0642d9ed7d547f8e,cust_672eafd8e3cfdbdc983a,taylor.wilson.2598@example.com,Taylor,Wilson,subscribed,2026-05-07T10:48:08.000Z
kprof_fd6774d180da3bd8aa16,,casey.walker.3123@example.com,Casey,Walker,subscribed,2026-05-07T11:41:24.000Z
kprof_c192993b50ae0f9be9e6,cust_a4bc9c46fa2b1fd7a520,drew.clark.6768@example.com,Drew,Clark,subscribed,2026-05-07T15:17:10.000Z
kprof_f6f3c414297876257c95,cust_4afd70b2be97280e1cda,taylor.johnson.683@example.com,Taylor,Johnson,subscribed,2026-05-07T16:07:23.000Z
kprof_c1f62033b4b1f31e4ef2,,jordan.walker.7904@example.com,Jordan,Walker,unsubscribed,2026-05-07T16:11:56.000Z
kprof_fe3178cdaef4cdc11477,cust_b4d36cf180adc64d0cd2,theo.allen.2796@example.com,Theo,Allen,subscribed,2026-05-07T17:17:32.000Z
kprof_0919746f96d2b46f184f,cust_00696d3b48268f85fd2d,jordan.johnson.1577@example.com,Jordan,Johnson,subscribed,2026-05-07T20:06:22.000Z
kprof_e01c740ff48ccf34a899,cust_f6be735f6cb2a42b03f2,casey.wright.6608@example.com,Casey,Wright,subscribed,2026-05-08T06:49:06.000Z
kprof_98eb140ca79c66bd2fa1,,nora.smith.145@example.com,Nora,Smith,subscribed,2026-05-08T08:52:41.000Z
kprof_3d17006c75d693bd0fe7,,lena.johnson.8213@example.com,Lena,Johnson,subscribed,2026-05-08T11:10:14.000Z
kprof_3f259067af81e28f153a,,jamie.clark.7069@example.com,Jamie,Clark,subscribed,2026-05-08T12:11:24.000Z
kprof_c8639c3dbcddb6941325,,alex.davis.3655@example.com,Alex,Davis,subscribed,2026-05-08T13:14:12.000Z
kprof_cbfcedcfa12f2259dab4,cust_cff5526cd99dda9cfc2f,theo.lee.737@example.com,Theo,Lee,subscribed,2026-05-08T13:34:07.000Z
kprof_93b287403bf6639b4d4a,,theo.davis.1219@example.com,Theo,Davis,subscribed,2026-05-08T14:28:54.000Z
kprof_baf29bc7747168f80d96,cust_b709d29d7368333d67c1,miles.lee.5362@example.com,Miles,Lee,subscribed,2026-05-08T17:42:18.000Z
kprof_2ace4fbe792f2dfd1187,cust_e2f141f1a653eb3899c5,priya.patel.9457@example.com,Priya,Patel,subscribed,2026-05-08T21:36:00.000Z
kprof_06221de07661be2d269f,cust_2f95f3e82519f9c5b396,taylor.miller.5934@example.com,Taylor,Miller,subscribed,2026-05-08T21:36:18.000Z
kprof_84a108b0ba2a286dd6ae,cust_15534ff3eec010b1791c,miles.martinez.5975@example.com,Miles,Martinez,subscribed,2026-05-08T22:27:23.000Z
kprof_0d1a49aa9703a5bb3b78,cust_47a9d21b8fac4d4dcef4,morgan.davis.6212@example.com,Morgan,Davis,subscribed,2026-05-08T22:35:19.000Z
kprof_55eb8692e7e0fd95b055,cust_99595386c5519b2bbf91,sofia.clark.4054@example.com,Sofia,Clark,subscribed,2026-05-08T23:44:44.000Z
kprof_760e55f3f5ac20711523,cust_c37e423b53b546ea9ef8,alex.miller.2348@example.com,Alex,Miller,subscribed,2026-05-09T06:12:32.000Z
kprof_d7840301ff3ff76192c0,cust_eae4194e16657f430aa4,avery.davis.9860@example.com,Avery,Davis,subscribed,2026-05-09T07:47:18.000Z
kprof_4f2ff4b5462b7f82c2b4,,priya.wright.831@example.com,Priya,Wright,subscribed,2026-05-09T07:56:52.000Z
kprof_f3255f7da45536febf9f,,riley.johnson.7465@example.com,Riley,Johnson,unsubscribed,2026-05-09T09:31:59.000Z
kprof_f4912b7a0d3fc871c8fb,,jamie.davis.6922@example.com,Jamie,Davis,subscribed,2026-05-09T09:50:38.000Z
kprof_491f3cf7d7b01cc8c275,,riley.young.5207@example.com,Riley,Young,subscribed,2026-05-09T10:43:01.000Z
kprof_5994e06fb3fbb2c66da4,,noah.patel.5266@example.com,Noah,Patel,subscribed,2026-05-09T11:43:25.000Z
kprof_80cc981c65b54a3188b4,cust_4cefd69f5b04c1ee96c6,miles.martinez.4238@example.com,Miles,Martinez,subscribed,2026-05-09T12:14:32.000Z
kprof_b4ac807b3eb5364f3c62,,maya.walker.7537@example.com,Maya,Walker,subscribed,2026-05-09T12:19:29.000Z
kprof_b82e500b54a1af34aeaa,,noah.martinez.7150@example.com,Noah,Martinez,subscribed,2026-05-09T17:56:03.000Z
kprof_4f7703196b4a11499ee4,cust_e4a16d70fa9ee1870e36,priya.walker.6844@example.com,Priya,Walker,subscribed,2026-05-09T18:17:01.000Z
kprof_b4b525f2f8b59ed9baec,,taylor.lee.2146@example.com,Taylor,Lee,subscribed,2026-05-09T20:08:50.000Z
kprof_e34e6c04a9130ec084a6,cust_03432d316efde7c449cd,sofia.brown.8955@example.com,Sofia,Brown,subscribed,2026-05-09T22:37:54.000Z
kprof_5c7a23f11ec9cc988d99,,casey.wright.1806@example.com,Casey,Wright,subscribed,2026-05-09T22:39:37.000Z
kprof_3937f657739ed7981a3c,,miles.walker.7450@example.com,Miles,Walker,subscribed,2026-05-10T06:33:22.000Z
kprof_8d579c7b52f08ad7144f,cust_2e80d586b29b398e7cc0,taylor.brown.3510@example.com,Taylor,Brown,subscribed,2026-05-10T06:49:21.000Z
kprof_bb05db992c8037b3817a,cust_4704ca2e3b3455ed9faa,iris.wilson.6109@example.com,Iris,Wilson,subscribed,2026-05-10T06:59:11.000Z
kprof_4bd19567d02478521356,cust_71b3538f097a1ddd73fe,avery.lewis.3712@example.com,Avery,Lewis,subscribed,2026-05-10T07:04:46.000Z
kprof_7730428e82ee5b934200,,morgan.anderson.328@example.com,Morgan,Anderson,subscribed,2026-05-10T09:50:08.000Z
kprof_3dd3ad71f5023d002c06,cust_48cca702a48e721691cc,noah.wilson.4152@example.com,Noah,Wilson,subscribed,2026-05-10T10:26:39.000Z
kprof_600eaaf765d2a452f4a3,,drew.young.5095@example.com,Drew,Young,subscribed,2026-05-10T11:38:16.000Z
kprof_fc8b4ed1f5cd7ed43925,cust_5c299ba484fe79b24156,jordan.nguyen.9899@example.com,Jordan,Nguyen,subscribed,2026-05-10T13:01:12.000Z
kprof_cb7305f1593c2f2fb4eb,cust_2edc60c4ffe36eb2e303,lena.wright.9048@example.com,Lena,Wright,subscribed,2026-05-10T13:15:53.000Z
kprof_be9ecfa08b23b49f4a93,cust_97a57264dc179510a7a6,miles.young.9935@example.com,Miles,Young,subscribed,2026-05-10T14:28:01.000Z
kprof_901ef2ec31d1db963515,cust_4838325635a4e2b5f7f2,alex.nguyen.3822@example.com,Alex,Nguyen,subscribed,2026-05-10T16:48:38.000Z
kprof_cbda3e2a47c7a47bc88a,cust_c4c248c98f4bb8afb9e4,jordan.lewis.6785@example.com,Jordan,Lewis,subscribed,2026-05-10T17:17:06.000Z
kprof_8870338e4f83b78662b9,cust_b1b1cb6551d2594ef11b,priya.garcia.3188@example.com,Priya,Garcia,subscribed,2026-05-10T17:17:47.000Z
kprof_7d76b68c69cfcfc20dd8,cust_d4b3e9b253bfce118bc5,avery.clark.4901@example.com,Avery,Clark,subscribed,2026-05-10T17:21:40.000Z
kprof_225bf6631521143498a4,cust_1bd7c43edcacb3dbb31f,alex.wright.963@example.com,Alex,Wright,subscribed,2026-05-10T19:08:33.000Z
kprof_f2da9d853358bd66ba65,cust_fc3bffba8a3a6b56f1fc,jordan.brown.773@example.com,Jordan,Brown,subscribed,2026-05-10T19:55:51.000Z
kprof_63523e62568ccea34f04,,maya.smith.6805@example.com,Maya,Smith,subscribed,2026-05-10T20:20:06.000Z
kprof_4d9954b05c0aa367665d,cust_31695663512dddb15ad2,casey.brown.8735@example.com,Casey,Brown,subscribed,2026-05-11T06:44:16.000Z
kprof_ef28a675e618a0d8e5d3,,maya.lewis.1485@example.com,Maya,Lewis,subscribed,2026-05-11T06:46:00.000Z
kprof_c9e36ced85e754e56b17,cust_1141b2f561b6fa5c05f4,taylor.allen.4224@example.com,Taylor,Allen,subscribed,2026-05-11T08:34:02.000Z
kprof_30f7b5472643bdc041d3,cust_43873c4e206e88c0cbc4,taylor.walker.2354@example.com,Taylor,Walker,subscribed,2026-05-11T14:22:10.000Z
kprof_8d0a767ff1b1686f46bc,,cameron.wright.109@example.com,Cameron,Wright,subscribed,2026-05-11T16:12:27.000Z
kprof_3bf6e153ce943e7f5baa,cust_bc729f9422e1afb5ad8d,taylor.wright.4582@example.com,Taylor,Wright,unsubscribed,2026-05-11T17:32:16.000Z
kprof_9e2777c65a77b092f3dc,cust_4702864399c9a73091a9,jamie.allen.9275@example.com,Jamie,Allen,subscribed,2026-05-11T17:54:17.000Z
kprof_e33636a91cfabd5cdd13,cust_996a7302c432787fcd06,casey.davis.104@example.com,Casey,Davis,subscribed,2026-05-11T17:59:36.000Z
kprof_73a8a72766d4361126b7,cust_10d4e6749f256e96e727,nora.garcia.7293@example.com,Nora,Garcia,subscribed,2026-05-11T21:45:28.000Z
kprof_5b6fd0442026ec25b5e9,cust_9bbb275b09d377e02eea,cameron.miller.9815@example.com,Cameron,Miller,subscribed,2026-05-11T22:06:49.000Z
kprof_e19dcda3ca7be457c58c,cust_276f9679ba06289592e5,iris.hall.1290@example.com,Iris,Hall,subscribed,2026-05-12T06:09:57.000Z
kprof_86ec3a3ca7327bce46e8,cust_8352580a762c424f9e15,noah.hall.2284@example.com,Noah,Hall,subscribed,2026-05-12T07:46:33.000Z
kprof_709e69fe647214f9bea0,cust_dbc8866a9a35b58dc975,taylor.anderson.4392@example.com,Taylor,Anderson,subscribed,2026-05-12T08:27:44.000Z
kprof_4dc1e0deba31874afea4,,drew.smith.2473@example.com,Drew,Smith,subscribed,2026-05-12T09:30:21.000Z
kprof_206f28925a351f1b6939,cust_2434cba35e2dba98f54b,sofia.nguyen.3280@example.com,Sofia,Nguyen,subscribed,2026-05-12T09:56:16.000Z
kprof_e2555678b0b0c130c307,,morgan.martinez.8471@example.com,Morgan,Martinez,subscribed,2026-05-12T10:50:10.000Z
kprof_64c060ccc3943b040b50,cust_870255436536ad9e310b,evan.nguyen.615@example.com,Evan,Nguyen,subscribed,2026-05-12T13:00:44.000Z
kprof_c276fae4c4ce2fe40afc,cust_b94da15465a64d968cde,riley.smith.1078@example.com,Riley,Smith,subscribed,2026-05-12T15:16:13.000Z
kprof_9b739f250b934a574ed2,cust_02bc6b1ef167edacb901,avery.hall.4783@example.com,Avery,Hall,subscribed,2026-05-12T16:27:43.000Z
kprof_df4b8460d6d6c7ae71ec,cust_e856ac90c8d622ac975a,lena.miller.2759@example.com,Lena,Miller,subscribed,2026-05-12T16:37:35.000Z
kprof_afeda25392ad45603a70,cust_b4499534000a704a1fb3,lena.johnson.8840@example.com,Lena,Johnson,subscribed,2026-05-12T16:54:15.000Z
kprof_2d33f3c43f2014e6ad07,cust_02b2d8f5896719877045,cameron.martinez.1438@example.com,Cameron,Martinez,subscribed,2026-05-12T17:16:58.000Z
kprof_dbdbc879f4bd3d0066ee,,evan.walker.5221@example.com,Evan,Walker,subscribed,2026-05-12T19:12:03.000Z
kprof_5d266ba8588dc0ded998,cust_df2601c28cba876bf2ec,casey.kim.3257@example.com,Casey,Kim,subscribed,2026-05-12T20:23:43.000Z
kprof_0e24bf7bc10d737ce9ef,cust_ff694216333ccd28ae57,maya.garcia.8390@example.com,Maya,Garcia,subscribed,2026-05-12T20:52:57.000Z
kprof_dbb64d353b3301756c18,,alex.brown.5129@example.com,Alex,Brown,subscribed,2026-05-12T21:03:20.000Z
kprof_c66dcfb4d74760964de8,cust_3809e5c1c3787f3d711c,drew.lee.6188@example.com,Drew,Lee,subscribed,2026-05-12T21:27:54.000Z
kprof_14ef493d4bda51a08974,cust_352cb84ff7e76e6e73d7,drew.smith.5387@example.com,Drew,Smith,subscribed,2026-05-12T21:30:06.000Z
kprof_606df1473db610f50f0a,cust_6ed6f6c1248513294da0,maya.johnson.8400@example.com,Maya,Johnson,unsubscribed,2026-05-13T06:58:32.000Z
kprof_64c30f996ffa839ae03b,cust_322241389f2bf87bc8fc,cameron.lee.8626@example.com,Cameron,Lee,subscribed,2026-05-13T09:54:29.000Z
kprof_5425eba132b8cb6c91be,cust_61b9d15a084441b6e2e9,noah.lewis.4374@example.com,Noah,Lewis,subscribed,2026-05-13T11:21:10.000Z
kprof_f6cb01a1f7feebe429b1,cust_5b822022ce43581f765a,jamie.smith.322@example.com,Jamie,Smith,subscribed,2026-05-13T13:40:28.000Z
kprof_ae43a44ff1f08f750906,cust_9f8f9111722e9535b6ae,iris.miller.8037@example.com,Iris,Miller,subscribed,2026-05-13T14:48:51.000Z
kprof_288ffccf20873f9682b6,,casey.johnson.9093@example.com,Casey,Johnson,subscribed,2026-05-13T15:34:49.000Z
kprof_5ba15d3e707db0ca921d,,iris.patel.569@example.com,Iris,Patel,subscribed,2026-05-13T16:07:03.000Z
kprof_0c763946edd981ae17b9,cust_ab08228910a2638ecc2d,evan.garcia.1132@example.com,Evan,Garcia,subscribed,2026-05-13T16:29:39.000Z
kprof_f369cb69e03036413e0a,cust_9e9abbf27e5de2d1668c,nora.lee.1302@example.com,Nora,Lee,subscribed,2026-05-13T16:46:21.000Z
kprof_025eedddd4f6a3e413b1,cust_fd9594e3b3f027a477db,cameron.martinez.5327@example.com,Cameron,Martinez,subscribed,2026-05-13T17:30:52.000Z
kprof_732646b392013fb2cb27,,taylor.walker.8013@example.com,Taylor,Walker,subscribed,2026-05-13T18:17:31.000Z
kprof_172b425c256d750011da,cust_92d656fefea7f39339dd,noah.miller.1543@example.com,Noah,Miller,subscribed,2026-05-13T20:44:52.000Z
kprof_5184995f6dce61d5b453,cust_78edd68e4f0732bf3b79,morgan.kim.7047@example.com,Morgan,Kim,subscribed,2026-05-13T21:23:54.000Z
kprof_e0f2226e4863ec93a28f,cust_a09d9398a7eb95b674f3,evan.patel.7904@example.com,Evan,Patel,subscribed,2026-05-13T21:52:15.000Z
kprof_3fc288700f603d89aa95,cust_cb024a7bfb4567df4839,avery.brown.2863@example.com,Avery,Brown,subscribed,2026-05-13T22:07:40.000Z
kprof_3282aaae0ecc4fefc5a0,,drew.martinez.1990@example.com,Drew,Martinez,subscribed,2026-05-13T23:33:02.000Z
kprof_7aa80b97ff62612763d6,cust_defd3dd32abaf58ff77d,casey.lee.9243@example.com,Casey,Lee,subscribed,2026-05-14T06:47:07.000Z
kprof_24b241b6dcfd32e82a23,cust_db1c31d0b48465b24523,maya.nguyen.6106@example.com,Maya,Nguyen,subscribed,2026-05-14T07:14:18.000Z
kprof_3c8e6075d8b5c963a52e,cust_99ee400336091cf7cadf,maya.johnson.9100@example.com,Maya,Johnson,unsubscribed,2026-05-14T08:00:52.000Z
kprof_ef38511d13c038b2c805,cust_b647314040ecd41ef4b8,theo.martinez.4037@example.com,Theo,Martinez,subscribed,2026-05-14T09:48:35.000Z
kprof_cbcee3a88fbe26ed0beb,cust_a0e0c9b2f995d8c07079,jamie.smith.848@example.com,Jamie,Smith,subscribed,2026-05-14T09:54:32.000Z
kprof_62f789966488214d8fa8,cust_4c1c6df93195a671ae7e,miles.garcia.9325@example.com,Miles,Garcia,subscribed,2026-05-14T10:39:34.000Z
kprof_08d44b5da99a7981275b,cust_20a924915cafaf85b89f,drew.lewis.5494@example.com,Drew,Lewis,subscribed,2026-05-14T12:04:43.000Z
kprof_18e41fe2a7ad0e7a2abe,cust_151bc4c9a7fd3b6015eb,casey.allen.6749@example.com,Casey,Allen,subscribed,2026-05-14T12:34:09.000Z
kprof_62201d43a51095b427ca,cust_80186cbb5ca747cfd730,morgan.garcia.5272@example.com,Morgan,Garcia,subscribed,2026-05-14T13:16:52.000Z
kprof_2c0b5260281ff1cd8216,,nora.wright.3938@example.com,Nora,Wright,unsubscribed,2026-05-14T13:20:20.000Z
kprof_9cbdc9443a1f55c372b0,cust_80f386f2109fe9ec4f38,casey.allen.3335@example.com,Casey,Allen,subscribed,2026-05-14T14:28:25.000Z
kprof_98c25a23abdf7a607f86,cust_bf3c9b79bf67f47e3671,alex.wilson.5220@example.com,Alex,Wilson,subscribed,2026-05-14T14:49:57.000Z
kprof_ebe4a8c7a6006c5654f8,cust_456fc1ef5bcf6d53ca7c,jordan.lee.267@example.com,Jordan,Lee,unsubscribed,2026-05-14T15:53:28.000Z
kprof_64081dc2c8a634a55771,cust_67c147abac2ec4297341,noah.martinez.9024@example.com,Noah,Martinez,subscribed,2026-05-14T16:30:27.000Z
kprof_5b2ac1de3a313d83760b,cust_4376e7802459d8d277dc,casey.miller.3802@example.com,Casey,Miller,subscribed,2026-05-14T16:46:51.000Z
kprof_c26f7d3300d51aef823f,,nora.wright.1678@example.com,Nora,Wright,subscribed,2026-05-14T19:32:44.000Z
kprof_9e85b69c1bb97c6a5e9e,cust_e68d9580dfa7eb89a82a,theo.clark.7531@example.com,Theo,Clark,subscribed,2026-05-14T19:38:06.000Z
kprof_43e09904ddcf91350746,,sofia.walker.8445@example.com,Sofia,Walker,subscribed,2026-05-14T20:02:52.000Z
kprof_620d0583b928634749ff,,nora.miller.9526@example.com,Nora,Miller,subscribed,2026-05-14T20:52:43.000Z
kprof_0743a2c79bbff14178ea,cust_e51284fb922f0cf50e56,sofia.miller.888@example.com,Sofia,Miller,subscribed,2026-05-15T06:44:40.000Z
kprof_3f2980bdf5ce4abf9a27,cust_022c87e85c4e01827e2c,morgan.hall.2481@example.com,Morgan,Hall,subscribed,2026-05-15T06:58:35.000Z
kprof_0bbbf25b80bfe934912c,cust_a52e4b6f48fd297342d8,evan.hall.2620@example.com,Evan,Hall,subscribed,2026-05-15T09:25:26.000Z
kprof_4b22f7d27b336a7dfe44,,theo.wilson.445@example.com,Theo,Wilson,subscribed,2026-05-15T10:22:22.000Z
kprof_5b976c4981766b870e1f,cust_03452328efe281aae0b1,jamie.lewis.7230@example.com,Jamie,Lewis,subscribed,2026-05-15T11:51:29.000Z
kprof_84a5b899cdc6d5d49940,,riley.allen.8872@example.com,Riley,Allen,subscribed,2026-05-15T14:03:17.000Z
kprof_a80e67081a5cad9d7630,,maya.wilson.2134@example.com,Maya,Wilson,subscribed,2026-05-15T14:46:03.000Z
kprof_97bebe978b3501991ae1,,iris.clark.5392@example.com,Iris,Clark,subscribed,2026-05-15T16:38:44.000Z
kprof_c9a6bdec11e79229aa4c,cust_5faf83a236851d11ab6a,riley.lee.6428@example.com,Riley,Lee,subscribed,2026-05-15T16:51:05.000Z
kprof_b860bab5a7a5fc6a3678,cust_4d644e201b0db3e326f3,theo.kim.7462@example.com,Theo,Kim,subscribed,2026-05-15T17:56:15.000Z
kprof_bf4057ca25143e339557,cust_c71c4ef3aaa1dd711e38,miles.walker.6704@example.com,Miles,Walker,subscribed,2026-05-15T20:42:23.000Z
kprof_a1a900e82d59d7d38d22,cust_79249c6fbf9f8e7e4a5f,evan.wilson.876@example.com,Evan,Wilson,subscribed,2026-05-15T23:53:00.000Z
kprof_2d960dd02d0b41b2a055,cust_517e87cad063bad3d80f,lena.kim.989@example.com,Lena,Kim,subscribed,2026-05-16T06:05:02.000Z
kprof_1bca9f618914519b4b67,cust_591fee24a68ac4c232de,casey.johnson.5360@example.com,Casey,Johnson,subscribed,2026-05-16T10:07:37.000Z
kprof_9f3f1420c746ed0fc926,,cameron.anderson.7634@example.com,Cameron,Anderson,subscribed,2026-05-16T10:21:11.000Z
kprof_513b6ee9b6ccadfa7a7c,cust_570fa9499094eb6d8b89,maya.hall.8126@example.com,Maya,Hall,subscribed,2026-05-16T12:51:24.000Z
kprof_cf78f4f41810c99080b8,cust_fb8d154263bee133aa3e,priya.patel.8014@example.com,Priya,Patel,subscribed,2026-05-16T15:45:10.000Z
kprof_1b72968c124d3c7bebba,cust_78a07053a5927410c012,jordan.kim.558@example.com,Jordan,Kim,subscribed,2026-05-16T19:17:46.000Z
kprof_f39e90b032ff06454894,cust_ea90733c7c3d5796e655,jordan.wright.8990@example.com,Jordan,Wright,subscribed,2026-05-16T19:49:51.000Z
kprof_a672ce440e117c5a4c43,cust_5ca5b0212ebb826504db,priya.allen.2055@example.com,Priya,Allen,subscribed,2026-05-16T21:50:05.000Z
kprof_a1122352b4c082a4bfbf,,cameron.clark.8591@example.com,Cameron,Clark,subscribed,2026-05-16T23:27:22.000Z
kprof_def0af9eb1b6ba997506,cust_68cdb9c01daf225201ba,drew.lee.5960@example.com,Drew,Lee,subscribed,2026-05-16T23:49:59.000Z
kprof_f33c609848a024a6ffb8,cust_e2239893479c0efbf198,iris.davis.2877@example.com,Iris,Davis,subscribed,2026-05-17T06:06:07.000Z
kprof_5d8e5ed8e5ca2b516c42,cust_71eeefa5841d2532ce23,avery.wilson.1642@example.com,Avery,Wilson,subscribed,2026-05-17T06:06:12.000Z
kprof_8d4fc9d35aef283036f6,cust_3621c43f01607112ba79,morgan.lewis.9929@example.com,Morgan,Lewis,subscribed,2026-05-17T07:51:40.000Z
kprof_78ab25bb48351ccdf07d,cust_7c6799bcde1e2efbe40b,taylor.young.6565@example.com,Taylor,Young,subscribed,2026-05-17T09:14:38.000Z
kprof_57fb664c589c9075ea0e,cust_01a2a46d14238d9d8148,miles.martinez.2172@example.com,Miles,Martinez,subscribed,2026-05-17T11:16:38.000Z
kprof_80df99b4701911c9e3b5,cust_65a9c3e6bef3a3b54d10,priya.johnson.3204@example.com,Priya,Johnson,subscribed,2026-05-17T12:34:11.000Z
kprof_8a61b4e0ec48c5ae55a5,cust_bc197dd05738d93a37eb,maya.miller.661@example.com,Maya,Miller,subscribed,2026-05-17T13:03:51.000Z
kprof_c57921d1a1d5f7ccd7d4,cust_a272d3f2108759b33de6,avery.allen.4116@example.com,Avery,Allen,subscribed,2026-05-17T13:32:43.000Z
kprof_79318a41caacc813be84,cust_5d2055dde61c9843fd70,iris.smith.4036@example.com,Iris,Smith,subscribed,2026-05-17T15:49:19.000Z
kprof_6a3095e4182f1d15d309,cust_7bab3b346baeef73851c,alex.lewis.3365@example.com,Alex,Lewis,subscribed,2026-05-17T16:51:22.000Z
kprof_85120120b7629cbf3eba,cust_f51359baf37030895bc1,lena.young.5632@example.com,Lena,Young,subscribed,2026-05-17T17:25:52.000Z
kprof_92934606e16e55b6267f,,theo.young.7065@example.com,Theo,Young,subscribed,2026-05-17T17:35:29.000Z
kprof_e0278616ecd4f71386df,cust_8b5f079a560186808d74,jordan.anderson.3704@example.com,Jordan,Anderson,subscribed,2026-05-17T19:21:31.000Z
kprof_6f174722d6c44bf899dc,cust_045331fa4deccc2a9db8,maya.lee.6012@example.com,Maya,Lee,subscribed,2026-05-17T20:52:46.000Z
kprof_97dcb5acbf5895378901,cust_5229fa5b6fb3060ad2d2,taylor.garcia.8522@example.com,Taylor,Garcia,subscribed,2026-05-17T22:17:30.000Z
kprof_594e28fe20c37f0448e2,,avery.kim.8160@example.com,Avery,Kim,subscribed,2026-05-18T06:07:30.000Z
kprof_14246994f6fc2890841e,,sofia.anderson.3319@example.com,Sofia,Anderson,subscribed,2026-05-18T08:35:20.000Z
kprof_7498a6159b5068700032,,cameron.hall.2351@example.com,Cameron,Hall,subscribed,2026-05-18T13:01:55.000Z
kprof_9a58b159d0fb02e92e00,cust_14f03276f0e64c9f775f,iris.walker.5047@example.com,Iris,Walker,subscribed,2026-05-18T13:25:56.000Z
kprof_17e834f6c883b9205425,cust_b31524d2f18484a56d98,priya.davis.9616@example.com,Priya,Davis,subscribed,2026-05-18T14:23:33.000Z
kprof_faefd4eeb8114a7888d9,cust_6d30376285e3313e614b,evan.smith.1614@example.com,Evan,Smith,subscribed,2026-05-18T14:40:54.000Z
kprof_97da04f60c4e7d27684e,cust_c155fbc3adf1df5eb08e,miles.nguyen.2153@example.com,Miles,Nguyen,subscribed,2026-05-18T15:29:34.000Z
kprof_0c7b30d48c80357657fd,,riley.davis.4191@example.com,Riley,Davis,subscribed,2026-05-18T21:20:53.000Z
kprof_690c6c9369e5b842769f,cust_da190a379b001dde3140,priya.martinez.859@example.com,Priya,Martinez,subscribed,2026-05-19T06:42:39.000Z
kprof_8f55aa5e954b85f35fd8,cust_6464da60705c11fc68df,sofia.hall.3425@example.com,Sofia,Hall,subscribed,2026-05-19T07:28:25.000Z
kprof_ae4d09536338c94ceacc,,theo.anderson.2639@example.com,Theo,Anderson,subscribed,2026-05-19T08:29:07.000Z
kprof_643a6046ae32aa78afbf,cust_dd896ccf70b800560ff2,cameron.young.643@example.com,Cameron,Young,subscribed,2026-05-19T09:45:49.000Z
kprof_bd5168f7522e4f738a4d,cust_9314b0b56845271c5a4a,alex.johnson.5191@example.com,Alex,Johnson,subscribed,2026-05-19T09:54:21.000Z
kprof_3f99b7f9de4a3449c2fa,cust_95fc9b33f8815f7c8815,sofia.brown.4146@example.com,Sofia,Brown,subscribed,2026-05-19T10:37:15.000Z
kprof_9f2d8129c1aa59a2d6c4,cust_3e7ed187a825c8b6db67,sofia.wilson.9023@example.com,Sofia,Wilson,subscribed,2026-05-19T11:30:30.000Z
kprof_3834eb04bf0b3d86c151,cust_b69e675eaab5296d830f,drew.walker.7500@example.com,Drew,Walker,subscribed,2026-05-19T12:44:35.000Z
kprof_52607206c0a1f972af61,cust_2d5a7f5376d8154f8d0d,alex.wright.8771@example.com,Alex,Wright,subscribed,2026-05-19T13:16:32.000Z
kprof_20aac1594f183ac2ade0,cust_51e82f78f1c4fe6eff7a,evan.young.6166@example.com,Evan,Young,subscribed,2026-05-19T13:37:41.000Z
kprof_dd247cc7cfaf25776d98,cust_bbc05f90fc9c0d279c90,avery.garcia.2810@example.com,Avery,Garcia,subscribed,2026-05-19T15:12:46.000Z
kprof_eef959a0e443b6dd361c,cust_33d48306f077f0b1817b,cameron.clark.2120@example.com,Cameron,Clark,subscribed,2026-05-19T15:39:22.000Z
kprof_e13d430e891db1663341,cust_819c883de717025633ee,drew.miller.8486@example.com,Drew,Miller,subscribed,2026-05-19T15:50:11.000Z
kprof_3c301d087e54f46b58bd,,jamie.miller.7436@example.com,Jamie,Miller,subscribed,2026-05-19T17:15:06.000Z
kprof_6fa964388b1c00ff2566,,taylor.anderson.529@example.com,Taylor,Anderson,subscribed,2026-05-19T17:41:41.000Z
kprof_adfde65a6267332fac81,,jordan.lee.390@example.com,Jordan,Lee,subscribed,2026-05-19T18:20:12.000Z
kprof_df96198f0c3cb5c32ff0,cust_dfcb0fef2b592bff6988,evan.lewis.9827@example.com,Evan,Lewis,subscribed,2026-05-19T18:27:44.000Z
kprof_7370e019730db71317c7,,alex.johnson.1442@example.com,Alex,Johnson,subscribed,2026-05-19T18:35:52.000Z
kprof_dbf257e947631dc785df,,morgan.clark.9993@example.com,Morgan,Clark,subscribed,2026-05-19T19:20:40.000Z
kprof_fa3442d1d7bec621470c,,noah.walker.7992@example.com,Noah,Walker,subscribed,2026-05-19T20:24:25.000Z
kprof_232638326d16380fb812,cust_34591084e53ee07337a2,noah.hall.492@example.com,Noah,Hall,subscribed,2026-05-19T23:02:19.000Z
kprof_a5b4c7d92d1657f1930f,cust_d33d99f2dbcf594f39b2,casey.nguyen.7113@example.com,Casey,Nguyen,subscribed,2026-05-19T23:35:12.000Z
kprof_e19324f34dbb5dc0af13,cust_137f962c0d12d0cce369,miles.anderson.4461@example.com,Miles,Anderson,subscribed,2026-05-19T23:40:18.000Z
kprof_1756f8e178fa0471fc25,cust_d65920b51ec26f39ddfc,nora.allen.4056@example.com,Nora,Allen,subscribed,2026-05-20T06:26:27.000Z
kprof_b6f9ecce54a31b291e27,,maya.allen.8074@example.com,Maya,Allen,subscribed,2026-05-20T09:19:56.000Z
kprof_04bef2506cae384669af,cust_f972fea8d24bdabc8aa2,miles.nguyen.7320@example.com,Miles,Nguyen,subscribed,2026-05-20T09:44:50.000Z
kprof_148b53d170bf6ad3b8b0,cust_d0de396bb2eae84406b0,priya.miller.7427@example.com,Priya,Miller,subscribed,2026-05-20T10:32:53.000Z
kprof_65cd17646c3b073019ec,,taylor.kim.6691@example.com,Taylor,Kim,subscribed,2026-05-20T11:28:36.000Z
kprof_cae90140663b63ed6242,cust_280b0431adcd19f37327,theo.johnson.2797@example.com,Theo,Johnson,subscribed,2026-05-20T14:36:49.000Z
kprof_2a5c183b9ae27b80c4dc,,miles.walker.2404@example.com,Miles,Walker,subscribed,2026-05-20T16:00:05.000Z
kprof_18709f4b90855e477b8a,,iris.allen.7321@example.com,Iris,Allen,subscribed,2026-05-20T18:00:03.000Z
kprof_c53bfcda2399d75c5463,cust_a5f8601541d2769e9272,alex.lewis.7713@example.com,Alex,Lewis,subscribed,2026-05-20T19:19:53.000Z
kprof_e7bbb5327bebf7637171,cust_3241a961ca9e501793f3,jamie.miller.4539@example.com,Jamie,Miller,subscribed,2026-05-20T20:54:11.000Z
kprof_6e1fed55e4211dee83c7,cust_78e05a18152c7a71c241,jamie.walker.3957@example.com,Jamie,Walker,subscribed,2026-05-20T21:38:19.000Z
kprof_c9f12adae2b0f07b4274,,nora.miller.9796@example.com,Nora,Miller,subscribed,2026-05-20T22:47:00.000Z
kprof_f6b7a3645c97ef0e8881,,noah.johnson.8484@example.com,Noah,Johnson,subscribed,2026-05-20T23:01:12.000Z
kprof_f44c7f165a9d01e11ec5,,maya.wilson.4880@example.com,Maya,Wilson,subscribed,2026-05-20T23:10:34.000Z
kprof_299fb1009f7299277dc0,cust_e913323917602106774e,priya.patel.8959@example.com,Priya,Patel,subscribed,2026-05-20T23:45:03.000Z
kprof_3940b7fe3d3aad86b264,cust_101ffdfb4ff338b4c94c,lena.johnson.4437@example.com,Lena,Johnson,subscribed,2026-05-21T06:08:59.000Z
kprof_e7bc63a6c0a11266ec19,,lena.clark.8181@example.com,Lena,Clark,subscribed,2026-05-21T06:59:30.000Z
kprof_e883a6118810dc14022a,cust_6fdf586c3930f137172e,alex.johnson.9496@example.com,Alex,Johnson,subscribed,2026-05-21T11:20:55.000Z
kprof_11554ad6867fe635b1dd,,maya.nguyen.6017@example.com,Maya,Nguyen,subscribed,2026-05-21T12:13:19.000Z
kprof_1dd80e2630b7e04a3c36,cust_ced0a2dc08f6948591ec,drew.walker.7316@example.com,Drew,Walker,subscribed,2026-05-21T13:49:32.000Z
kprof_9d40ba84fc43d53756eb,cust_e108bdb1c9f43111d6ba,iris.wright.6573@example.com,Iris,Wright,subscribed,2026-05-21T15:08:16.000Z
kprof_af8f20f35269fb735670,cust_a163aee70b1d8878f70a,riley.allen.2467@example.com,Riley,Allen,subscribed,2026-05-21T15:17:10.000Z
kprof_50194f45c1a3d0a25b9e,cust_a29d523d60521cba8a32,alex.walker.1947@example.com,Alex,Walker,subscribed,2026-05-21T17:48:04.000Z
kprof_82fcacc9e7fb5e5ce077,cust_1a90e25fbb6e8a4aaa2a,jordan.kim.7362@example.com,Jordan,Kim,subscribed,2026-05-21T18:07:37.000Z
kprof_cda8ff66c5a04fd6d68f,cust_e1540624a494465051d4,iris.garcia.7391@example.com,Iris,Garcia,subscribed,2026-05-21T19:38:34.000Z
kprof_03b1e976b97ef9249811,cust_c00d545ed9de967f1d19,evan.anderson.5196@example.com,Evan,Anderson,subscribed,2026-05-21T20:14:46.000Z
kprof_53563a72e4f93f846e1c,,avery.allen.8167@example.com,Avery,Allen,subscribed,2026-05-21T22:17:37.000Z
kprof_60324b57098bae792aa1,cust_0770216597055db4f5e1,sofia.miller.8859@example.com,Sofia,Miller,subscribed,2026-05-22T08:42:45.000Z
kprof_d063041379c5f31b570a,cust_057e0048c4715dd0f9b4,taylor.nguyen.2949@example.com,Taylor,Nguyen,subscribed,2026-05-22T09:43:08.000Z
kprof_7f579afece561f66c133,cust_65a409674f857024e522,casey.johnson.3832@example.com,Casey,Johnson,subscribed,2026-05-22T09:58:37.000Z
kprof_c1c1cc2b88fa7697597b,,noah.patel.960@example.com,Noah,Patel,subscribed,2026-05-22T10:14:42.000Z
kprof_8277ecaefda1c47481b8,,nora.young.389@example.com,Nora,Young,subscribed,2026-05-22T11:14:22.000Z
kprof_c9a759c8c35101668a07,cust_4a057430642f013bc087,evan.wright.1245@example.com,Evan,Wright,subscribed,2026-05-22T12:35:11.000Z
kprof_882994b97db05bf5f0b9,cust_cae04617e88c53ca7bd4,drew.smith.8194@example.com,Drew,Smith,subscribed,2026-05-22T13:50:31.000Z
kprof_ec8683b0180baf367876,cust_56d501a6ef57a288f15d,theo.smith.1166@example.com,Theo,Smith,subscribed,2026-05-22T14:13:19.000Z
kprof_08fb8b8dcb5aa66d5537,cust_1e125784b35333cf18f2,noah.lee.4955@example.com,Noah,Lee,subscribed,2026-05-22T16:28:09.000Z
kprof_cf8c2936dd5454fc1eca,cust_318e3efb744fc8f81300,avery.lewis.9742@example.com,Avery,Lewis,subscribed,2026-05-22T16:45:24.000Z
kprof_14043b08b0037c781dad,cust_856a9701b83d4e4c1981,casey.walker.2717@example.com,Casey,Walker,subscribed,2026-05-22T16:51:32.000Z
kprof_5ae886a0641afa3bb9c9,cust_fece5fb2464fb30e8fb8,casey.wright.9646@example.com,Casey,Wright,subscribed,2026-05-22T17:04:59.000Z
kprof_99154574debbaa119013,cust_181727fee76b4bf56bf2,evan.wright.7982@example.com,Evan,Wright,subscribed,2026-05-22T17:07:46.000Z
kprof_3aae9cc5b72f29db9c48,cust_5532fc4c83271ce6842e,casey.nguyen.141@example.com,Casey,Nguyen,subscribed,2026-05-22T18:21:48.000Z
kprof_9b4db51015dc6d53aa3b,cust_9bddc0c77d434611787e,casey.walker.9477@example.com,Casey,Walker,subscribed,2026-05-22T19:01:42.000Z
kprof_751ede069964b5164db0,cust_c3dd3d4cf3d7ac8dde5d,iris.johnson.3379@example.com,Iris,Johnson,subscribed,2026-05-22T19:45:42.000Z
kprof_bc880f44d1ae8323ace7,,theo.kim.6536@example.com,Theo,Kim,subscribed,2026-05-22T20:43:06.000Z
kprof_b9ac461ae6059b92a31c,cust_1aa38aa5eec8177bac62,priya.brown.9841@example.com,Priya,Brown,subscribed,2026-05-22T22:51:24.000Z
kprof_cdc3b2b76fdb5373a68e,,priya.miller.8953@example.com,Priya,Miller,subscribed,2026-05-22T23:08:57.000Z
kprof_417c0fae123291620882,cust_45e8a9174c39150c1248,drew.anderson.9776@example.com,Drew,Anderson,subscribed,2026-05-22T23:22:57.000Z
kprof_b74e4baf5bfbe907070b,,avery.garcia.391@example.com,Avery,Garcia,subscribed,2026-05-23T06:14:04.000Z
kprof_854894c41510f78f8fda,cust_1778fb97c6e86a6d5bc2,avery.lewis.5896@example.com,Avery,Lewis,subscribed,2026-05-23T06:18:44.000Z
kprof_5ea615f936514234464a,cust_f71adf494f0123879c94,sofia.garcia.820@example.com,Sofia,Garcia,subscribed,2026-05-23T07:12:54.000Z
kprof_6264db9ba2cd99a83cac,,theo.patel.4814@example.com,Theo,Patel,subscribed,2026-05-23T07:30:35.000Z
kprof_64afab61006309b0d26f,cust_61180fd57451062057d2,evan.hall.6410@example.com,Evan,Hall,subscribed,2026-05-23T08:30:58.000Z
kprof_a1dab8e09466468700d3,cust_d1769b050ff914225305,priya.lewis.2800@example.com,Priya,Lewis,subscribed,2026-05-23T09:16:47.000Z
kprof_fe74093e01121feaa523,,jordan.hall.4168@example.com,Jordan,Hall,subscribed,2026-05-23T10:14:42.000Z
kprof_ed5a97d5aef520a1744d,cust_6c8e96e9aae3fafd23a1,theo.wilson.4955@example.com,Theo,Wilson,subscribed,2026-05-23T11:06:51.000Z
kprof_06030949032566b45a46,cust_ce567a02e01998997efd,theo.patel.4584@example.com,Theo,Patel,subscribed,2026-05-23T13:00:44.000Z
kprof_e0e3a8a2f6af37fcd01d,,riley.lee.3336@example.com,Riley,Lee,subscribed,2026-05-23T13:13:04.000Z
kprof_f74c36206d2b0971092e,cust_9929815587efe6c8c995,lena.patel.3813@example.com,Lena,Patel,subscribed,2026-05-23T14:15:36.000Z
kprof_b00e6bff8cd10e6baa1d,cust_b90e365996571ba68a11,avery.wilson.7721@example.com,Avery,Wilson,subscribed,2026-05-23T14:31:15.000Z
kprof_97264ba31b9514840155,,miles.lewis.3319@example.com,Miles,Lewis,subscribed,2026-05-23T15:43:37.000Z
kprof_8a56de440d15b9f3a4ed,,noah.garcia.6010@example.com,Noah,Garcia,subscribed,2026-05-23T17:28:12.000Z
kprof_43dcf4895f36626b485a,cust_0ab682a194371e5c1731,priya.garcia.2036@example.com,Priya,Garcia,subscribed,2026-05-23T17:30:59.000Z
kprof_40899cec18ee161a2475,cust_90caeee015eda3d0f7f3,evan.allen.7943@example.com,Evan,Allen,subscribed,2026-05-23T17:33:14.000Z
kprof_26462f1ed6029b16ff15,,iris.wright.7703@example.com,Iris,Wright,subscribed,2026-05-23T19:17:26.000Z
kprof_6aa8260935109bcc184a,cust_f956d8a26fbe74bef86b,sofia.lee.1038@example.com,Sofia,Lee,subscribed,2026-05-23T21:24:24.000Z
kprof_4d2d681b270101e67dcd,cust_e814e67f9db55086fb8b,morgan.martinez.7504@example.com,Morgan,Martinez,subscribed,2026-05-23T21:58:28.000Z
kprof_143c591f4de2ba8b8f4b,cust_3bdc2455c0e2b6866ee5,evan.wilson.5661@example.com,Evan,Wilson,subscribed,2026-05-23T22:20:44.000Z
kprof_fd71f122d813eb98cc7c,,riley.allen.3217@example.com,Riley,Allen,subscribed,2026-05-23T23:05:17.000Z
kprof_9407aa6aaffccf79f1ed,cust_7e7d65da7cf3d2fa074c,jordan.brown.7780@example.com,Jordan,Brown,subscribed,2026-05-24T06:53:59.000Z
kprof_5ab309ea7486090e48f6,cust_38d68b61bbdfdaae96c4,priya.clark.8352@example.com,Priya,Clark,subscribed,2026-05-24T07:47:37.000Z
kprof_a4576ffd66375e146a76,,avery.martinez.4024@example.com,Avery,Martinez,subscribed,2026-05-24T08:00:07.000Z
kprof_59aed5754050be67de3c,cust_fb55da4e365951a72329,priya.smith.6826@example.com,Priya,Smith,subscribed,2026-05-24T12:01:31.000Z
kprof_9c357aaa32eeaa554076,cust_3a134a15bd6a4f91ba06,iris.anderson.5194@example.com,Iris,Anderson,subscribed,2026-05-24T15:14:40.000Z
kprof_27205ba2075bcb9991ef,,riley.anderson.3255@example.com,Riley,Anderson,subscribed,2026-05-24T16:02:54.000Z
kprof_5428de56dff035664f17,,sofia.smith.6207@example.com,Sofia,Smith,subscribed,2026-05-24T16:09:13.000Z
kprof_6219f34899225b00a7e3,cust_6a4c5dc8091a02547563,jamie.garcia.681@example.com,Jamie,Garcia,subscribed,2026-05-24T17:53:29.000Z
kprof_1ec659ecb79509f49d05,cust_ac7c7ac2ff6cd3472cf9,theo.allen.7767@example.com,Theo,Allen,subscribed,2026-05-24T18:40:19.000Z
kprof_df3c515f4d98ca26a702,,maya.wilson.8301@example.com,Maya,Wilson,subscribed,2026-05-24T21:27:58.000Z
kprof_43c20f9b2f70abd0178e,,nora.wright.5978@example.com,Nora,Wright,subscribed,2026-05-24T22:23:29.000Z
kprof_ddc8d0e96fc2b55a335b,,alex.young.3236@example.com,Alex,Young,subscribed,2026-05-24T23:36:27.000Z
kprof_059e6493e952f1b52ecb,cust_d9f0b9c62949e13bf505,jordan.kim.4042@example.com,Jordan,Kim,subscribed,2026-05-25T08:22:31.000Z
kprof_f784c54088d2be5fc605,,lena.nguyen.9494@example.com,Lena,Nguyen,subscribed,2026-05-25T08:49:23.000Z
kprof_07a3119c55f320846d60,cust_8a325211d738cbecc0cb,avery.martinez.1945@example.com,Avery,Martinez,subscribed,2026-05-25T09:22:46.000Z
kprof_2953cbade0b83cfc3667,cust_ea4b961cf2a1209a178b,morgan.miller.3994@example.com,Morgan,Miller,subscribed,2026-05-25T09:48:48.000Z
kprof_8746937c73bd834f4f35,cust_360171b5d4a3eb9c6256,alex.anderson.4239@example.com,Alex,Anderson,subscribed,2026-05-25T11:59:22.000Z
kprof_e39b099e441403d7b8c9,cust_9528c7ff24e2a9ec14b6,morgan.davis.9000@example.com,Morgan,Davis,subscribed,2026-05-25T12:03:58.000Z
kprof_5104d1b4bffd8ca55917,,nora.garcia.468@example.com,Nora,Garcia,subscribed,2026-05-25T12:22:58.000Z
kprof_86ced3e0129d4e745e95,cust_63a4b752e1b1e77d0723,cameron.nguyen.5025@example.com,Cameron,Nguyen,subscribed,2026-05-25T12:23:31.000Z
kprof_afcc309b18a2a2a83d5f,,theo.miller.2764@example.com,Theo,Miller,subscribed,2026-05-25T12:59:31.000Z
kprof_8d5e570d0565a3742af0,cust_5fa2386c8d913df021a4,lena.martinez.1153@example.com,Lena,Martinez,subscribed,2026-05-25T13:06:18.000Z
kprof_8069c0be396d878c3b16,,morgan.garcia.9904@example.com,Morgan,Garcia,subscribed,2026-05-25T13:33:02.000Z
kprof_319c15f3075ba5930b26,cust_a4cb07105b7db7fe2508,miles.patel.3619@example.com,Miles,Patel,subscribed,2026-05-25T14:29:33.000Z
kprof_1a2d7466c07ba87a9970,cust_0a403ef67110482eb9d0,casey.clark.8897@example.com,Casey,Clark,subscribed,2026-05-25T14:36:26.000Z
kprof_66760f92451235800e2a,cust_6f76426e8308b4855901,riley.brown.4190@example.com,Riley,Brown,subscribed,2026-05-25T15:44:50.000Z
kprof_196c80b649affc520a8f,cust_6f1718c7811489e65b08,casey.johnson.7269@example.com,Casey,Johnson,subscribed,2026-05-25T19:08:20.000Z
kprof_b997855634be1cc7b45b,cust_482f420f63e60feab865,maya.lee.7961@example.com,Maya,Lee,subscribed,2026-05-25T19:13:09.000Z
kprof_76b351e28ce66a9064e4,cust_78e731816ab6d66524cb,priya.wright.538@example.com,Priya,Wright,subscribed,2026-05-25T19:20:21.000Z
kprof_e88253a9f6c502e4993a,,drew.brown.9330@example.com,Drew,Brown,subscribed,2026-05-25T22:02:38.000Z
kprof_8a678aae10dc02d76d46,cust_3e0c3c7a908e558a9be2,riley.hall.4812@example.com,Riley,Hall,subscribed,2026-05-25T22:39:57.000Z
kprof_9b2cd9a2419586a6a8e4,cust_1ad970dcc51899cf2c20,priya.clark.607@example.com,Priya,Clark,subscribed,2026-05-26T07:56:04.000Z
kprof_6ceb53b9f223708f081b,cust_9626ed55112a04974e81,riley.walker.5751@example.com,Riley,Walker,subscribed,2026-05-26T08:00:13.000Z
kprof_60ab6cc680fcaacc20a0,cust_ab9a388916f19ed9c38f,cameron.wilson.4392@example.com,Cameron,Wilson,subscribed,2026-05-26T09:32:24.000Z
kprof_d82762c070b0292be355,cust_9b02eca19db139d81be4,noah.allen.9573@example.com,Noah,Allen,subscribed,2026-05-26T10:33:46.000Z
kprof_501748accc9320818a34,cust_e1210eb263cc0c909ec6,theo.smith.7029@example.com,Theo,Smith,subscribed,2026-05-26T12:24:15.000Z
kprof_ba733f9924c25eb4a0fe,cust_8ac74ae96efa27baa2ac,priya.wilson.2652@example.com,Priya,Wilson,subscribed,2026-05-26T12:48:36.000Z
kprof_92635bcbd8d630a1f2de,cust_cd933d3b1cfd7362fae7,evan.martinez.6942@example.com,Evan,Martinez,subscribed,2026-05-26T13:17:51.000Z
kprof_74646c115289c3b5a82c,,iris.martinez.507@example.com,Iris,Martinez,subscribed,2026-05-26T19:38:06.000Z
kprof_abb79a4aa78cd0a40314,,drew.young.3847@example.com,Drew,Young,subscribed,2026-05-26T20:51:29.000Z
kprof_74a122663affee3e4fb6,cust_df55a2002564cf4f99f2,avery.lewis.8881@example.com,Avery,Lewis,subscribed,2026-05-26T22:03:57.000Z
kprof_573086a8e1ce3913f9ed,cust_23200a4c2fdf29782b55,theo.wright.3994@example.com,Theo,Wright,subscribed,2026-05-26T22:04:14.000Z
kprof_3e2bf3bec5296bde48d7,cust_b2e836d0e23acb1ed762,riley.martinez.6801@example.com,Riley,Martinez,subscribed,2026-05-26T23:41:10.000Z
kprof_abd89df09ea2d77d92fc,cust_4769389b52855567c84b,morgan.smith.6007@example.com,Morgan,Smith,subscribed,2026-05-27T06:17:33.000Z
kprof_e80945c95ab22f454d95,cust_0ad64f82aa5e5281d767,cameron.wilson.7654@example.com,Cameron,Wilson,subscribed,2026-05-27T08:16:34.000Z
kprof_164a0188cb843a1d2c62,cust_95dbc660834a9f819284,theo.allen.1057@example.com,Theo,Allen,subscribed,2026-05-27T08:34:52.000Z
kprof_182df9f45aa148cffa4c,cust_d3704feec7b0fea5adbf,sofia.wilson.3551@example.com,Sofia,Wilson,subscribed,2026-05-27T11:35:48.000Z
kprof_577213772ec959613cde,,noah.patel.4830@example.com,Noah,Patel,subscribed,2026-05-27T12:27:27.000Z
kprof_48000f078c0077fbad3c,cust_ccba6d65a96cd95c3f14,jordan.hall.3735@example.com,Jordan,Hall,subscribed,2026-05-27T13:01:29.000Z
kprof_67d3e6ef91bda1580c7c,cust_7f73c8ed3f139706a07f,jamie.johnson.1039@example.com,Jamie,Johnson,subscribed,2026-05-27T13:56:18.000Z
kprof_60b43806dcc7171845b0,cust_29bcf6c6c74bb7195cde,sofia.garcia.5019@example.com,Sofia,Garcia,subscribed,2026-05-27T14:18:08.000Z
kprof_aaa1e7a867a4bbbcd7d6,cust_f25f94ce1969eb99e753,alex.kim.9245@example.com,Alex,Kim,subscribed,2026-05-27T15:01:42.000Z
kprof_84b4f0c02a72c185901c,cust_d7e22295e0ddf6418410,theo.hall.4341@example.com,Theo,Hall,subscribed,2026-05-27T19:06:43.000Z
kprof_56551561a86405f49f1f,cust_1392e4e24122cc023b60,noah.smith.2679@example.com,Noah,Smith,subscribed,2026-05-27T19:13:12.000Z
kprof_e13c6ac777d604b6c775,cust_31551474ca7316c9d81a,cameron.smith.1565@example.com,Cameron,Smith,subscribed,2026-05-27T19:43:21.000Z
kprof_112607a8dbd7fee5e37d,,evan.hall.1008@example.com,Evan,Hall,subscribed,2026-05-27T19:46:30.000Z
kprof_b0f91acfc90346e47fa4,,miles.brown.2555@example.com,Miles,Brown,subscribed,2026-05-27T20:21:52.000Z
kprof_8d728681fabcc03feb40,cust_09442baad03652cbf3ef,alex.wright.4010@example.com,Alex,Wright,subscribed,2026-05-27T21:27:25.000Z
kprof_1c43a9129c8be1e9c67a,cust_88afc6e4b63266701222,sofia.walker.2896@example.com,Sofia,Walker,subscribed,2026-05-27T22:29:01.000Z
kprof_a508a674e81a79b51e45,cust_e5bea1a54f896ddffd6d,evan.anderson.5811@example.com,Evan,Anderson,subscribed,2026-05-27T23:10:56.000Z
kprof_fb7286188d88c36b49dd,cust_22ac3a8cbe70b4a36913,theo.wright.5492@example.com,Theo,Wright,subscribed,2026-05-28T06:32:21.000Z
kprof_347eb9ff443f1c5a062c,cust_60f858b6abd4edf2c51c,jordan.lee.863@example.com,Jordan,Lee,subscribed,2026-05-28T06:47:42.000Z
kprof_9507c089f7375082b4fe,cust_1b08b561c4acd1e0cfb0,evan.garcia.547@example.com,Evan,Garcia,subscribed,2026-05-28T06:48:08.000Z
kprof_1d4cda2f77ab59a851bd,cust_cff5eb73f323ca776211,cameron.walker.4762@example.com,Cameron,Walker,subscribed,2026-05-28T10:03:13.000Z
kprof_3df43a8e66db8011fcee,cust_7044b6bb65c75e55c6b7,jordan.martinez.9226@example.com,Jordan,Martinez,subscribed,2026-05-28T10:12:44.000Z
kprof_dd2de836cf964d346d8a,,drew.walker.4702@example.com,Drew,Walker,subscribed,2026-05-28T10:15:47.000Z
kprof_e95a03d138db0c41e41e,cust_e012c358262a6fbcf630,jamie.patel.1956@example.com,Jamie,Patel,unsubscribed,2026-05-28T11:28:25.000Z
kprof_623c7ee99dc4a6466cad,cust_1521392ba26192ff90fa,jordan.johnson.9513@example.com,Jordan,Johnson,subscribed,2026-05-28T12:00:37.000Z
kprof_e29908d98a9682a32e35,,morgan.lewis.9343@example.com,Morgan,Lewis,subscribed,2026-05-28T12:38:45.000Z
kprof_a09e75c654010953f365,cust_221cd4c86a3af42fc4e3,evan.wright.8474@example.com,Evan,Wright,subscribed,2026-05-28T12:46:58.000Z
kprof_2424aa290e884935cc09,cust_c81a6382ff9229b72fc9,riley.smith.2079@example.com,Riley,Smith,subscribed,2026-05-28T12:50:28.000Z
kprof_f47b5ea224de20f3028f,cust_5c0b38151f7c6f88d4b4,nora.allen.3370@example.com,Nora,Allen,subscribed,2026-05-28T15:04:26.000Z
kprof_f67b10ddcfc70db5dd4c,cust_211b30ba54c0ae40454c,miles.hall.1886@example.com,Miles,Hall,subscribed,2026-05-28T15:39:29.000Z
kprof_0887fde016ffde7390c1,cust_4c1c2324c08968d5dcb0,maya.allen.4721@example.com,Maya,Allen,subscribed,2026-05-28T17:43:16.000Z
kprof_114aba0f76b44da1a564,,alex.wright.9601@example.com,Alex,Wright,subscribed,2026-05-28T22:53:25.000Z
kprof_fbccb98c7252ce4bb657,cust_7d9f7864b99ec09e50df,cameron.walker.2578@example.com,Cameron,Walker,subscribed,2026-05-29T08:13:11.000Z
kprof_e1d0285d49ffa7009e6a,,riley.kim.7681@example.com,Riley,Kim,subscribed,2026-05-29T10:52:33.000Z
kprof_f89d063429e57bd7a808,cust_cf6a01a8ec7d3cbba459,morgan.miller.5824@example.com,Morgan,Miller,subscribed,2026-05-29T12:07:18.000Z
kprof_2c6f46effc075d1b86fc,cust_9d5ddfe78a50de15d8e3,riley.patel.2244@example.com,Riley,Patel,subscribed,2026-05-29T13:22:54.000Z
kprof_85bb5d214e2f6b122206,cust_6392e79796e8d4575eb5,jordan.patel.5040@example.com,Jordan,Patel,subscribed,2026-05-29T14:28:01.000Z
kprof_78272e25b51ace13c35a,cust_96d46db85879af483cc9,jamie.lee.4887@example.com,Jamie,Lee,subscribed,2026-05-29T14:43:36.000Z
kprof_34cf279a8aefd7b0a17f,cust_e77e8f48f063f5472414,evan.garcia.184@example.com,Evan,Garcia,subscribed,2026-05-29T14:58:04.000Z
kprof_65651384c1cd866550bc,cust_fcf98b414d1d2b15055e,noah.martinez.6928@example.com,Noah,Martinez,subscribed,2026-05-29T15:38:20.000Z
kprof_3967e6969d30e2ff2d4b,cust_f27471c41fd622488821,maya.wright.5873@example.com,Maya,Wright,subscribed,2026-05-29T16:30:54.000Z
kprof_f3538cbbb6252e721488,cust_c726c54210a49601836b,alex.davis.5585@example.com,Alex,Davis,subscribed,2026-05-29T18:33:53.000Z
kprof_6c718c73d3f7e10b8fa5,cust_e5ba58cd67eb9e4e75a3,taylor.brown.3447@example.com,Taylor,Brown,subscribed,2026-05-29T20:10:28.000Z
kprof_8b692ae064c42020dde7,cust_37b6a440910659c689f8,alex.smith.4906@example.com,Alex,Smith,subscribed,2026-05-29T20:13:43.000Z
kprof_2c0c3a5c73b16616c9c7,cust_bbc79226c323c67402c2,jordan.lee.7683@example.com,Jordan,Lee,subscribed,2026-05-29T21:08:13.000Z
kprof_8feaf6cfa777ff7274ce,cust_08c259811f37a55eefa4,alex.martinez.870@example.com,Alex,Martinez,subscribed,2026-05-29T23:41:57.000Z
kprof_314f75066634eac511c7,cust_30c982ac11754e79f6f2,nora.johnson.9641@example.com,Nora,Johnson,subscribed,2026-05-30T06:57:06.000Z
kprof_873770d869b15865e4a7,cust_d66ffdd94356de87977f,lena.smith.5430@example.com,Lena,Smith,subscribed,2026-05-30T07:42:45.000Z
kprof_71704057973f7b4ce688,,riley.miller.4854@example.com,Riley,Miller,subscribed,2026-05-30T07:58:24.000Z
kprof_1032289e1b8fb0198226,,theo.wilson.8408@example.com,Theo,Wilson,subscribed,2026-05-30T08:03:25.000Z
kprof_24bf83bc6b1cabfc4192,,sofia.davis.1927@example.com,Sofia,Davis,subscribed,2026-05-30T08:19:46.000Z
kprof_fa802c464afcfac5533f,cust_beda0e422bf54c854b11,morgan.wright.821@example.com,Morgan,Wright,subscribed,2026-05-30T09:02:52.000Z
kprof_d24861c460b829e691d8,cust_0fd3f85babf5f2ad8fc5,jamie.martinez.7861@example.com,Jamie,Martinez,subscribed,2026-05-30T10:14:59.000Z
kprof_cdc936448898f6938a32,,nora.nguyen.9738@example.com,Nora,Nguyen,subscribed,2026-05-30T10:32:32.000Z
kprof_91ee8e0f7ace058e39fa,cust_cfb8572f804437b42df7,sofia.smith.2913@example.com,Sofia,Smith,subscribed,2026-05-30T10:49:44.000Z
kprof_50e5e3e483449801926b,,miles.smith.7915@example.com,Miles,Smith,subscribed,2026-05-30T11:17:03.000Z
kprof_9722a7b16c10f1bee464,cust_64281f9370525143f279,sofia.miller.7889@example.com,Sofia,Miller,subscribed,2026-05-30T12:10:24.000Z
kprof_7274a444a0d1e676343e,cust_80d0a85a11fc91150795,evan.young.558@example.com,Evan,Young,subscribed,2026-05-30T14:26:12.000Z
kprof_b02868d111fd090e57de,,cameron.young.7189@example.com,Cameron,Young,subscribed,2026-05-30T15:23:50.000Z
kprof_345c4caeecb83cf5b1cf,cust_9a811c75221aaba53b12,theo.martinez.1131@example.com,Theo,Martinez,subscribed,2026-05-30T16:29:14.000Z
kprof_c303469f2a9dfdbe0ead,cust_646eae1bd0a865664ac1,lena.wright.1622@example.com,Lena,Wright,subscribed,2026-05-30T16:42:22.000Z
kprof_bfc807ef4d7ecf550925,cust_331c03a0210ee5c76ee1,maya.young.2590@example.com,Maya,Young,unsubscribed,2026-05-30T17:56:31.000Z
kprof_b63e3b1182e35a5330a4,cust_559209aa746f7e25dc76,lena.smith.6437@example.com,Lena,Smith,subscribed,2026-05-30T19:14:49.000Z
kprof_dc1359713d164a27595b,cust_3b3d799588741cb48b01,miles.smith.4847@example.com,Miles,Smith,subscribed,2026-05-30T20:44:38.000Z
kprof_8ff42754ce799ebc80f1,cust_638029416ce66bb5b797,alex.kim.3614@example.com,Alex,Kim,subscribed,2026-05-30T21:56:30.000Z
kprof_bd1cc6460346ab3743b6,cust_e0a43e13291333dd02b4,alex.patel.9763@example.com,Alex,Patel,subscribed,2026-05-30T22:30:41.000Z
kprof_84ebbcc60acd10a45a67,cust_946853da21eef7d825b7,lena.clark.8238@example.com,Lena,Clark,subscribed,2026-05-30T22:52:56.000Z
kprof_b7a228d6380fe0883bc0,,theo.hall.3672@example.com,Theo,Hall,subscribed,2026-05-30T22:55:50.000Z
kprof_b3072bb838bcb063f69a,cust_dfb1ae9e6ff79e54f242,maya.smith.395@example.com,Maya,Smith,subscribed,2026-05-30T23:07:11.000Z
kprof_914d40fb3e77b60f8cb2,,cameron.johnson.5406@example.com,Cameron,Johnson,subscribed,2026-05-30T23:15:22.000Z
kprof_24a121b6fcc9151473c5,cust_d9672cfb765d52be2e53,evan.walker.5675@example.com,Evan,Walker,subscribed,2026-05-30T23:53:24.000Z
kprof_643054afb53df8a21205,,iris.martinez.1317@example.com,Iris,Martinez,unsubscribed,2026-05-31T06:36:32.000Z
kprof_b8ef388d0992948177b7,cust_62aeb3a8ce72ddf1e644,theo.wright.9341@example.com,Theo,Wright,subscribed,2026-05-31T06:57:36.000Z
kprof_086a50793d9a6dec4e74,cust_2628cf8c5016aa0a53e3,priya.lewis.503@example.com,Priya,Lewis,subscribed,2026-05-31T09:55:55.000Z
kprof_0587d4acf2d49c04d074,cust_2ebbbaf3ed1695873a66,priya.lewis.5010@example.com,Priya,Lewis,subscribed,2026-05-31T11:33:49.000Z
kprof_e6373c1ab03f5255387b,,maya.wright.7293@example.com,Maya,Wright,subscribed,2026-05-31T13:50:04.000Z
kprof_7fe34f8693c261ab01f0,cust_3161c693aab9c88880f2,casey.hall.5651@example.com,Casey,Hall,subscribed,2026-05-31T14:11:38.000Z
kprof_00698493eea04560337f,cust_29aec309cf4bcfbaa212,evan.wright.9558@example.com,Evan,Wright,subscribed,2026-05-31T14:12:56.000Z
kprof_a56231a5ed23980c4768,cust_69f4e810e3920bb342d3,riley.lee.5793@example.com,Riley,Lee,subscribed,2026-05-31T14:54:35.000Z
kprof_e838ed49fe726427f8a4,cust_94f72a65c9171c756fa5,lena.kim.2986@example.com,Lena,Kim,subscribed,2026-05-31T16:30:49.000Z
kprof_7bf59b90689d56f30c4a,cust_a810413958d4039a27f9,alex.miller.4208@example.com,Alex,Miller,subscribed,2026-05-31T17:14:45.000Z
kprof_eb9136b64da280df519e,cust_4c58d7a24dddf876554b,nora.kim.1868@example.com,Nora,Kim,subscribed,2026-05-31T18:17:52.000Z
kprof_b3e24b3679ac5109d8fc,,drew.kim.9976@example.com,Drew,Kim,subscribed,2026-05-31T18:42:42.000Z
kprof_fa8d872d86066b855897,cust_8485420f331a8f8582cf,nora.davis.6648@example.com,Nora,Davis,subscribed,2026-05-31T18:51:36.000Z
kprof_d4837157df4e5988bf40,cust_47ab4d59fa8d4b6554e8,casey.hall.3698@example.com,Casey,Hall,subscribed,2026-05-31T20:35:04.000Z
kprof_4cb7c4436bd25758d710,cust_41e4aae38842fb561219,evan.kim.8240@example.com,Evan,Kim,subscribed,2026-05-31T21:02:08.000Z
kprof_cc670e0670f2dd5b4cce,,riley.walker.2053@example.com,Riley,Walker,subscribed,2026-05-31T21:04:01.000Z
kprof_d8b8adfd5312e6d403de,cust_81777880e8a76e7c08f4,riley.allen.6053@example.com,Riley,Allen,subscribed,2026-05-31T23:35:59.000Z
kprof_87bbb74a8fb0b7d45f84,cust_f0a3a44bc29e27edf864,casey.lee.7146@example.com,Casey,Lee,subscribed,2026-06-01T07:28:09.000Z
kprof_d47edba31832914d2a3d,cust_237d0a944bff6d4d1bc5,theo.lewis.4435@example.com,Theo,Lewis,subscribed,2026-06-01T09:35:58.000Z
kprof_724536dc245795f3ad34,,casey.garcia.6090@example.com,Casey,Garcia,subscribed,2026-06-01T09:59:58.000Z
kprof_bb5f5d28c1a94c2d85b8,cust_630b43ad24a6b9487761,morgan.lee.2740@example.com,Morgan,Lee,subscribed,2026-06-01T10:04:25.000Z
kprof_1f7bc6667dcd1b0df098,,jordan.lewis.3346@example.com,Jordan,Lewis,subscribed,2026-06-01T13:32:05.000Z
kprof_36b6170d5e58f3eba573,cust_c78989eb76ad38589d92,maya.wright.8738@example.com,Maya,Wright,subscribed,2026-06-01T13:45:09.000Z
kprof_bba2227226e52b59c486,cust_4a7455c13e0f6c1e0896,lena.wright.3956@example.com,Lena,Wright,subscribed,2026-06-01T16:56:12.000Z
kprof_59ce9fd31c2cba2c7f67,cust_d7f5dce6605b125252a6,lena.nguyen.7617@example.com,Lena,Nguyen,subscribed,2026-06-01T17:11:17.000Z
kprof_9f87f7fe188e4d4e4815,,cameron.davis.4846@example.com,Cameron,Davis,subscribed,2026-06-01T17:21:27.000Z
kprof_f60c5ed1d60f2a46968f,cust_6bb25e49c71547f0dab7,avery.lewis.8688@example.com,Avery,Lewis,subscribed,2026-06-01T18:30:21.000Z
kprof_37f8b484a933ccf598e7,cust_62581b8ddd7a645d6e0b,cameron.lewis.4512@example.com,Cameron,Lewis,subscribed,2026-06-01T20:00:33.000Z
kprof_f123b8de4e9b29beba49,cust_ac1f6ea4a05bb526f132,iris.martinez.1825@example.com,Iris,Martinez,subscribed,2026-06-01T20:12:44.000Z
kprof_7be57c0c65cf55a8dd30,cust_311dee578bfb147e8263,jamie.miller.4611@example.com,Jamie,Miller,subscribed,2026-06-01T21:26:33.000Z
kprof_4801fd8bb7b906df1d61,,drew.young.8194@example.com,Drew,Young,subscribed,2026-06-01T22:25:22.000Z
kprof_9432fdf1bb5ac4343619,cust_9de4f41bf3b154eeebfe,riley.wright.7812@example.com,Riley,Wright,subscribed,2026-06-01T22:32:29.000Z
kprof_24f5ec4c6aa90f82903a,,sofia.brown.3096@example.com,Sofia,Brown,subscribed,2026-06-01T22:56:26.000Z
kprof_6f0fcfb0c59c24250c03,cust_24f374328940dcd1b2c9,casey.lewis.3392@example.com,Casey,Lewis,subscribed,2026-06-01T23:06:15.000Z
kprof_f6cbc18d843addf3c4c7,cust_bcb357907316b056cda5,avery.miller.7229@example.com,Avery,Miller,subscribed,2026-06-01T23:34:34.000Z
kprof_92bd4bf37846e967a8fa,cust_4dc71e8edee7a281afcc,noah.brown.3985@example.com,Noah,Brown,subscribed,2026-06-02T07:09:57.000Z
kprof_3f331af2475009b2739d,cust_ba50851d323faf79db0c,avery.brown.9622@example.com,Avery,Brown,subscribed,2026-06-02T07:25:07.000Z
kprof_955814d4efd183d141c3,,evan.johnson.6832@example.com,Evan,Johnson,subscribed,2026-06-02T08:53:57.000Z
kprof_4ad22d2b75578f69a7ee,cust_09685370f522391a0ffb,priya.patel.8433@example.com,Priya,Patel,subscribed,2026-06-02T10:32:21.000Z
kprof_d5c82e187b86f3ba99f1,cust_e0d5413c73ad9f1eaf1b,avery.kim.7063@example.com,Avery,Kim,subscribed,2026-06-02T10:57:11.000Z
kprof_506dde71c0b89827d0b6,,lena.lee.2021@example.com,Lena,Lee,subscribed,2026-06-02T11:25:57.000Z
kprof_f31aad1caa6d7ec972e5,,iris.nguyen.9700@example.com,Iris,Nguyen,subscribed,2026-06-02T15:18:05.000Z
kprof_98355b1abc3f3f1dc2c9,cust_c968e7d5727d712c9ade,taylor.hall.6687@example.com,Taylor,Hall,subscribed,2026-06-02T16:35:30.000Z
kprof_f8a248cb5cadfb2b864c,cust_e49c0fdc361408af0c23,miles.kim.3350@example.com,Miles,Kim,subscribed,2026-06-02T16:46:09.000Z
kprof_883b6c16bc7ff7449117,cust_d191fd1d350928015de1,cameron.brown.3556@example.com,Cameron,Brown,subscribed,2026-06-02T16:58:59.000Z
kprof_6c42c8d7191f1e14f685,,jamie.walker.2133@example.com,Jamie,Walker,subscribed,2026-06-02T18:22:47.000Z
kprof_47f8d3813f80e3254133,cust_b44deddcef2f3c2f7b27,avery.young.1529@example.com,Avery,Young,subscribed,2026-06-02T19:19:02.000Z
kprof_42593bc0275ce1ef4d39,cust_4ea9d063e39a2e2a7aa4,lena.smith.2794@example.com,Lena,Smith,subscribed,2026-06-02T20:10:54.000Z
kprof_ae37b99da633cdca0c77,cust_eff48001391bb38e5f80,iris.brown.8968@example.com,Iris,Brown,subscribed,2026-06-02T23:19:28.000Z
kprof_8ad87ce389f64d752ef4,cust_6c3522e34cacb01e33a5,riley.lee.3083@example.com,Riley,Lee,subscribed,2026-06-02T23:48:43.000Z
kprof_9fcb87c3818628c69b44,cust_4bed2c1f15ec7a7fee00,iris.lee.8558@example.com,Iris,Lee,subscribed,2026-06-03T06:10:00.000Z
kprof_9d17c1f32ff01fb7911c,cust_477bd5288fa383e3f53f,jamie.allen.8401@example.com,Jamie,Allen,subscribed,2026-06-03T06:17:05.000Z
kprof_e571e2a7b6780668b7e3,cust_8b2f49af782a4175cc73,nora.patel.9348@example.com,Nora,Patel,subscribed,2026-06-03T07:25:57.000Z
kprof_27187ca0f56a7868744c,cust_52f15063746b48145449,maya.clark.5221@example.com,Maya,Clark,subscribed,2026-06-03T07:40:09.000Z
kprof_5b043f7bb36539d9e548,cust_6b1c73afd93fced97cac,lena.smith.9353@example.com,Lena,Smith,subscribed,2026-06-03T08:05:35.000Z
kprof_bbd4870fec6f479a7983,cust_5d486c60b99a4c9b778a,avery.hall.9369@example.com,Avery,Hall,subscribed,2026-06-03T10:53:44.000Z
kprof_4d5411fb60cb64dc5839,,sofia.martinez.8545@example.com,Sofia,Martinez,subscribed,2026-06-03T11:11:58.000Z
kprof_e589750928595d73265e,cust_9a620cc86aed2a46b804,taylor.young.5291@example.com,Taylor,Young,subscribed,2026-06-03T11:37:44.000Z
kprof_ba3aef9a8158dfeb8e3c,cust_0241ba4555073ea7379b,noah.allen.3812@example.com,Noah,Allen,subscribed,2026-06-03T12:07:06.000Z
kprof_f47850343211c1c39b52,,priya.smith.9915@example.com,Priya,Smith,subscribed,2026-06-03T13:00:22.000Z
kprof_f3870df26187f96b53bc,cust_8d0625ee1afa06f9055c,noah.smith.9938@example.com,Noah,Smith,subscribed,2026-06-03T15:06:51.000Z
kprof_303dfe9b9eece97fc610,cust_83175e1cbfd7bde27e93,morgan.anderson.4586@example.com,Morgan,Anderson,subscribed,2026-06-03T15:33:08.000Z
kprof_7ad856785357026a4c91,cust_81c83c6eaee18cc6c090,theo.brown.6409@example.com,Theo,Brown,subscribed,2026-06-03T16:07:55.000Z
kprof_8cce214252c9636999a4,cust_0f23d8919dd83a1d7d3f,priya.smith.186@example.com,Priya,Smith,subscribed,2026-06-03T17:57:49.000Z
kprof_a4f96a8677a6daef0cf8,,jordan.smith.8334@example.com,Jordan,Smith,subscribed,2026-06-03T18:09:50.000Z
kprof_0b90057062c8d59a3e90,cust_4b69ddc0cbe0b96058d8,miles.martinez.5876@example.com,Miles,Martinez,subscribed,2026-06-03T18:36:16.000Z
kprof_f14c8ada7e0ff9da4b1d,cust_141bafb707180c6b5bb7,evan.smith.892@example.com,Evan,Smith,subscribed,2026-06-03T20:49:18.000Z
kprof_05283389e5dbd5de6010,,taylor.anderson.4284@example.com,Taylor,Anderson,subscribed,2026-06-03T21:40:16.000Z
kprof_a2117c34fc706d6e6921,cust_75a8bb4899a93c7e3abb,taylor.martinez.1607@example.com,Taylor,Martinez,subscribed,2026-06-03T22:09:53.000Z
kprof_64ddd3e6677bd6061a3d,,morgan.garcia.9078@example.com,Morgan,Garcia,subscribed,2026-06-03T23:06:13.000Z
kprof_cbf5cd2a616091a0ea7d,cust_9c599393062f8a3eb1fa,lena.allen.4893@example.com,Lena,Allen,subscribed,2026-06-04T07:13:16.000Z
kprof_0d9dad3bf26ae9c2ee0e,cust_53e2fa023b21040a7cfe,miles.patel.7610@example.com,Miles,Patel,subscribed,2026-06-04T07:38:42.000Z
kprof_25c19604ac7f3e56a939,cust_6b18caebc55d1d68157e,cameron.walker.3249@example.com,Cameron,Walker,subscribed,2026-06-04T07:53:20.000Z
kprof_e28d2226cb9242ee0985,cust_97e042b75646b7251cb2,noah.allen.6963@example.com,Noah,Allen,subscribed,2026-06-04T08:16:13.000Z
kprof_2862b303a5de3cfb59f4,cust_9ff1059eddfe5db86715,jamie.wilson.8536@example.com,Jamie,Wilson,subscribed,2026-06-04T08:20:03.000Z
kprof_dfea743dc37a0d3418df,cust_20eb172e39e0234e06b7,morgan.hall.1320@example.com,Morgan,Hall,subscribed,2026-06-04T08:31:37.000Z
kprof_6a5d6acd92dd57722d53,cust_5273d6601a6689da7dbe,maya.nguyen.4872@example.com,Maya,Nguyen,subscribed,2026-06-04T09:48:55.000Z
kprof_d64650d3f12b1a792d3d,cust_a13d642274e5083cc647,maya.clark.4334@example.com,Maya,Clark,subscribed,2026-06-04T09:52:34.000Z
kprof_f6f928e125ae5669cff2,cust_0a104f93e4bb1f9b30b9,priya.wright.6354@example.com,Priya,Wright,subscribed,2026-06-04T11:27:11.000Z
kprof_50b0fba8a6c5c9af1a71,cust_f7b4de5b8125652ed14b,drew.anderson.7858@example.com,Drew,Anderson,subscribed,2026-06-04T11:39:18.000Z
kprof_119230a593ffe0ddde89,cust_54cf3d93646d1c089f14,iris.smith.4120@example.com,Iris,Smith,subscribed,2026-06-04T12:04:21.000Z
kprof_76125a0907d551a034a6,cust_64527ac411345fc4ac66,iris.nguyen.8580@example.com,Iris,Nguyen,subscribed,2026-06-04T12:50:57.000Z
kprof_b3adba8e61a910862d34,cust_4440bcf7726edb85de31,jordan.smith.5436@example.com,Jordan,Smith,subscribed,2026-06-04T13:37:18.000Z
kprof_b829c82f85790701d683,cust_c342eb769ef39665060c,taylor.smith.9701@example.com,Taylor,Smith,subscribed,2026-06-04T13:40:09.000Z
kprof_d7ca119f4d900f7dbea5,cust_b792d03e099632d82dc8,taylor.brown.7260@example.com,Taylor,Brown,subscribed,2026-06-04T15:09:09.000Z
kprof_e68899728fd9531e3836,cust_31901a34625dd53358f9,maya.kim.8879@example.com,Maya,Kim,subscribed,2026-06-04T15:54:22.000Z
kprof_20bb6a1906a20ebb3875,cust_bc2af849979b2ae31780,alex.walker.2938@example.com,Alex,Walker,subscribed,2026-06-04T16:36:46.000Z
kprof_60298758c8293be16488,cust_34e99f86581181bf7b91,sofia.martinez.320@example.com,Sofia,Martinez,subscribed,2026-06-04T16:52:05.000Z
kprof_15665efd5ce282f049b0,,taylor.miller.8786@example.com,Taylor,Miller,subscribed,2026-06-04T18:41:35.000Z
kprof_72bc8088f27590d79545,cust_1d7d775c0f1b49262aec,lena.kim.5389@example.com,Lena,Kim,subscribed,2026-06-04T21:22:49.000Z
kprof_615d36502fe486974da6,cust_b3f6f266715373d981c7,miles.miller.2643@example.com,Miles,Miller,subscribed,2026-06-04T23:37:44.000Z
kprof_9b49dcf263ca761e6d16,,miles.anderson.5728@example.com,Miles,Anderson,subscribed,2026-06-04T23:41:09.000Z
kprof_059439f86607e0377a7b,,maya.martinez.1648@example.com,Maya,Martinez,subscribed,2026-06-05T06:23:23.000Z
kprof_f8f0e9c89954898622b6,cust_d67fd0ecaf34c303f879,lena.nguyen.6967@example.com,Lena,Nguyen,subscribed,2026-06-05T06:34:06.000Z
kprof_2fa090e5ec5bf2a8d439,cust_7e1ff68a8f5709029578,taylor.brown.7095@example.com,Taylor,Brown,subscribed,2026-06-05T08:36:41.000Z
kprof_9c70b0f191417182c2f2,cust_e02760f904129f0ab671,lena.wright.4091@example.com,Lena,Wright,subscribed,2026-06-05T09:17:36.000Z
kprof_15dea3266c9789292b6a,cust_298ada68eccbc8f8b37f,riley.wilson.2453@example.com,Riley,Wilson,subscribed,2026-06-05T10:46:07.000Z
kprof_c4a990babc499fa2cb8b,cust_3392c05da120709de6b5,morgan.smith.2945@example.com,Morgan,Smith,subscribed,2026-06-05T10:50:51.000Z
kprof_f1af0d7cb9ec670f6f25,cust_46506d0864a35440b412,jordan.martinez.500@example.com,Jordan,Martinez,subscribed,2026-06-05T13:59:20.000Z
kprof_bd5a69d1a62c782d569b,,jordan.anderson.1615@example.com,Jordan,Anderson,subscribed,2026-06-05T14:12:56.000Z
kprof_4ebd57e00ed1c3bf06bf,cust_f01b00e77a6f959d7ff1,theo.lewis.7139@example.com,Theo,Lewis,subscribed,2026-06-05T15:20:01.000Z
kprof_8c11f5f23959da761d6f,cust_871d7dff0c95f88b3889,riley.smith.671@example.com,Riley,Smith,subscribed,2026-06-05T16:02:51.000Z
kprof_294ee13edc9d15bcc615,,morgan.nguyen.2533@example.com,Morgan,Nguyen,subscribed,2026-06-05T16:13:10.000Z
kprof_d698f10b15ba6a73cd22,cust_081e66e35075de5fac77,sofia.young.2211@example.com,Sofia,Young,subscribed,2026-06-05T16:15:42.000Z
kprof_6b72b21e8a241ab4af1a,cust_ca9534183e4670ff0876,nora.lewis.3535@example.com,Nora,Lewis,subscribed,2026-06-05T20:03:29.000Z
kprof_48f1ed72e0851c8f2e29,cust_a6b1cefbb46da7014074,miles.clark.9814@example.com,Miles,Clark,subscribed,2026-06-05T20:24:57.000Z
kprof_c620424a07277c9d9e47,cust_7fb53e2f55e0438ec10c,priya.miller.5253@example.com,Priya,Miller,subscribed,2026-06-05T20:54:20.000Z
kprof_0f1046827232e56bbc43,cust_de0477a0f89d08f06dab,jamie.smith.8274@example.com,Jamie,Smith,subscribed,2026-06-05T21:28:53.000Z
kprof_06c5ae071cdbe4608473,cust_13b8e04c345daa657257,sofia.wilson.959@example.com,Sofia,Wilson,subscribed,2026-06-05T22:14:44.000Z
kprof_a271e94161fe33cc0e5b,cust_4a99717af295093373e4,drew.davis.7826@example.com,Drew,Davis,subscribed,2026-06-06T06:01:14.000Z
kprof_3a6534b3336aa9418ab0,,jamie.nguyen.5836@example.com,Jamie,Nguyen,subscribed,2026-06-06T06:12:56.000Z
kprof_085ebac0f55ddf95cf92,cust_6157edf603ec4ca6c343,cameron.anderson.8650@example.com,Cameron,Anderson,subscribed,2026-06-06T07:53:19.000Z
kprof_13ba372acddbdf8634bc,cust_02b6827613cdc77924cb,taylor.young.4686@example.com,Taylor,Young,subscribed,2026-06-06T08:02:16.000Z
kprof_f9bf619593837272b589,cust_daa90b40011204c7cefa,taylor.wilson.1762@example.com,Taylor,Wilson,subscribed,2026-06-06T08:13:21.000Z
kprof_66e419b058ed70423467,,maya.kim.8805@example.com,Maya,Kim,subscribed,2026-06-06T08:50:39.000Z
kprof_87ccf8b66da5b7ea3d99,cust_f1ea8b6e5bd481edd9c7,jordan.lewis.7982@example.com,Jordan,Lewis,subscribed,2026-06-06T09:03:36.000Z
kprof_6a05c965c403b3655e9a,,alex.lewis.6752@example.com,Alex,Lewis,subscribed,2026-06-06T10:49:31.000Z
kprof_ea1a50fb2970662b1bf0,cust_97410efeb143b48974fd,nora.hall.9262@example.com,Nora,Hall,subscribed,2026-06-06T13:22:11.000Z
kprof_a15c88828318dc03f784,cust_1e6e9e071f3afa5d3276,taylor.miller.9941@example.com,Taylor,Miller,subscribed,2026-06-06T15:02:18.000Z
kprof_787873b26bda907883a0,cust_f796c8359b2aa121217e,casey.martinez.6670@example.com,Casey,Martinez,subscribed,2026-06-06T15:06:11.000Z
kprof_ba061512440ac17d000c,cust_0cc3a3e70de28e1d93d6,morgan.lee.8371@example.com,Morgan,Lee,subscribed,2026-06-06T18:27:19.000Z
kprof_70fdb50132398fb390e9,cust_32e141f8fa76baba1098,evan.clark.252@example.com,Evan,Clark,subscribed,2026-06-06T21:23:35.000Z
kprof_f1b5a675133366e6f132,cust_4767a86568166fbb17e4,taylor.johnson.5868@example.com,Taylor,Johnson,subscribed,2026-06-06T21:56:56.000Z
kprof_8f7f6c13dab6cbeece57,cust_753d3f114d031ac749bd,sofia.young.7079@example.com,Sofia,Young,subscribed,2026-06-06T22:55:31.000Z
kprof_9a74e3718b2c8344c4b5,cust_c69fd74979db2c5208f8,priya.patel.5416@example.com,Priya,Patel,subscribed,2026-06-06T23:46:26.000Z
kprof_b6457fbbb62134a53d17,cust_afa83981accc1b8f765c,lena.smith.939@example.com,Lena,Smith,subscribed,2026-06-07T06:25:46.000Z
kprof_3ca5f9f01adf679c0530,,drew.clark.3879@example.com,Drew,Clark,subscribed,2026-06-07T07:25:12.000Z
kprof_072744c9a6a194fbd9c9,cust_7129d07bc9be242aec04,theo.johnson.2188@example.com,Theo,Johnson,subscribed,2026-06-07T07:55:44.000Z
kprof_04d6490c45c3f0ade87c,,sofia.anderson.9827@example.com,Sofia,Anderson,subscribed,2026-06-07T08:55:40.000Z
kprof_61a71486f18b3f60a950,cust_911fb27c8cecb384fe7e,priya.wilson.1933@example.com,Priya,Wilson,subscribed,2026-06-07T09:37:56.000Z
kprof_9c7d5aa362f54734d5a5,cust_f7d5fcefe24d6895bc9f,casey.wright.6738@example.com,Casey,Wright,subscribed,2026-06-07T12:16:08.000Z
kprof_93d776195936fcfcbfaf,cust_8e059c79b6fba818d0cc,taylor.hall.4570@example.com,Taylor,Hall,subscribed,2026-06-07T13:03:01.000Z
kprof_559637d73953c5e06636,,maya.wright.5965@example.com,Maya,Wright,subscribed,2026-06-07T13:25:53.000Z
kprof_f2e58c346e58a7e59c94,cust_07845a0ca8dd2710dc81,casey.lee.9417@example.com,Casey,Lee,subscribed,2026-06-07T13:53:12.000Z
kprof_5b59c8cf1677a871213b,cust_8454b9db8c501a44acfc,alex.nguyen.4537@example.com,Alex,Nguyen,subscribed,2026-06-07T13:55:15.000Z
kprof_a355338457ec40517426,cust_80fd5b4ec40be3ee0b2a,drew.wilson.792@example.com,Drew,Wilson,subscribed,2026-06-07T14:35:49.000Z
kprof_cb35d2c68d3b1b9e476c,cust_cc8c00447b49cb60c673,taylor.johnson.9997@example.com,Taylor,Johnson,subscribed,2026-06-07T15:19:14.000Z
kprof_73ba37fd3e02a4476003,,miles.clark.7337@example.com,Miles,Clark,subscribed,2026-06-07T16:41:27.000Z
kprof_e45f4ddaccd3b41b02ae,cust_64908ae053a56abfd857,drew.johnson.562@example.com,Drew,Johnson,subscribed,2026-06-07T18:48:09.000Z
kprof_776f24d08083f952cdf7,cust_91c2910380159a0629cc,jordan.kim.9155@example.com,Jordan,Kim,subscribed,2026-06-07T20:01:05.000Z
kprof_da68c4a29288a839cdb3,,priya.young.7896@example.com,Priya,Young,subscribed,2026-06-07T20:04:14.000Z
kprof_89e95b193409fba23723,cust_edab0ce6c30531a441db,alex.patel.9340@example.com,Alex,Patel,subscribed,2026-06-07T21:42:25.000Z
kprof_db6ef13285288b9ff8aa,cust_6b4853ccba04a6327cd4,noah.wilson.288@example.com,Noah,Wilson,subscribed,2026-06-07T21:59:31.000Z
kprof_dd032e0a802fe5f99551,cust_939c9ec69ada12808179,drew.anderson.7213@example.com,Drew,Anderson,subscribed,2026-06-07T22:01:43.000Z
kprof_1a788cc765d39bc25efa,cust_f4e0ff86961adf8c1415,lena.kim.7888@example.com,Lena,Kim,subscribed,2026-06-07T22:18:33.000Z
kprof_2198fbc934124caccc28,,iris.davis.7919@example.com,Iris,Davis,subscribed,2026-06-07T22:23:47.000Z
kprof_617f1653d5a0a2d69eb0,cust_c0639ef0cfd16ae1f13f,riley.wright.1224@example.com,Riley,Wright,subscribed,2026-06-08T06:12:51.000Z
kprof_963cc37c7874cb43e08c,cust_ee52959acee00c4075f4,sofia.davis.7114@example.com,Sofia,Davis,subscribed,2026-06-08T06:26:04.000Z
kprof_e17d5c11e7f4afed36ca,cust_cc1d6c9ea2be92eef5eb,jamie.nguyen.7779@example.com,Jamie,Nguyen,subscribed,2026-06-08T07:05:23.000Z
kprof_5ab2a85877e144749cab,cust_3c0c3dd87f6161e377c4,jamie.kim.7993@example.com,Jamie,Kim,subscribed,2026-06-08T09:15:09.000Z
kprof_603b1b3c112a36848fe6,cust_eea0a1e22d531d3b5ee1,miles.kim.9890@example.com,Miles,Kim,subscribed,2026-06-08T10:13:31.000Z
kprof_17435bb67360c7d72957,,avery.miller.4571@example.com,Avery,Miller,subscribed,2026-06-08T11:28:23.000Z
kprof_f467b9fa218ee24dade7,cust_8c1ed387470304818353,iris.kim.2681@example.com,Iris,Kim,subscribed,2026-06-08T11:45:34.000Z
kprof_6a5e0aec7489af0b6e15,cust_c4d1e68ddfa0cb58db1f,morgan.lewis.8957@example.com,Morgan,Lewis,subscribed,2026-06-08T13:01:32.000Z
kprof_0a8d59cd02d26cde32cf,,sofia.hall.1254@example.com,Sofia,Hall,subscribed,2026-06-08T13:06:37.000Z
kprof_ea5fdc8911029e213d5b,cust_0e20be641f8a23863101,avery.anderson.6168@example.com,Avery,Anderson,subscribed,2026-06-08T13:40:37.000Z
kprof_5ddacdcd7f383523fffc,cust_0e75c87084bd00e65bfc,avery.wilson.6624@example.com,Avery,Wilson,subscribed,2026-06-08T15:03:52.000Z
kprof_4dccc06821da5337f6d9,cust_14883ffb7d9464a812ba,cameron.hall.1823@example.com,Cameron,Hall,subscribed,2026-06-08T15:22:24.000Z
kprof_14d61ae29213f57a927d,cust_a5fd8f219dba08de5f10,drew.martinez.1007@example.com,Drew,Martinez,subscribed,2026-06-08T15:45:00.000Z
kprof_c78f28939acb67ea4ae2,cust_1e7036f3347af257ceca,evan.young.2354@example.com,Evan,Young,subscribed,2026-06-08T16:00:13.000Z
kprof_0465b9b05b95814754b9,cust_1104d1190baffd97c2d3,avery.smith.9229@example.com,Avery,Smith,subscribed,2026-06-08T16:51:10.000Z
kprof_3ccc21b8b5dabbbf489b,cust_afc94eba67bcbdf2aa98,jordan.anderson.865@example.com,Jordan,Anderson,subscribed,2026-06-08T17:23:40.000Z
kprof_4a9f040fb211729daa99,cust_58c3e2c7529f8764f4f2,priya.nguyen.802@example.com,Priya,Nguyen,subscribed,2026-06-08T17:30:33.000Z
kprof_9998f5c2658d2faff826,cust_43c3c1439a2960b4c7f6,noah.allen.5272@example.com,Noah,Allen,subscribed,2026-06-08T17:53:27.000Z
kprof_7e5ba87b202909178562,cust_538138e2afe33826f23c,jamie.wright.5587@example.com,Jamie,Wright,subscribed,2026-06-08T18:07:41.000Z
kprof_bca08eeec94c5ed4a7c1,cust_71a5db010b960c5fa09d,casey.lee.7759@example.com,Casey,Lee,subscribed,2026-06-08T18:53:41.000Z
kprof_60e6aa34900853a58cb4,,miles.walker.1000@example.com,Miles,Walker,subscribed,2026-06-08T20:58:58.000Z
kprof_917bbfe37cc01f47e298,cust_780a6ea312a18de1f69c,iris.kim.4587@example.com,Iris,Kim,subscribed,2026-06-09T06:39:30.000Z
kprof_88016c55f570f7e431d7,,jordan.patel.9997@example.com,Jordan,Patel,subscribed,2026-06-09T08:00:32.000Z
kprof_a709954e49ad7ab984e9,cust_aaaa4cf69594a87d3e95,theo.miller.7226@example.com,Theo,Miller,subscribed,2026-06-09T09:51:17.000Z
kprof_86a792712b5ddd5f602a,cust_31dce72b794bf014dc43,riley.allen.4963@example.com,Riley,Allen,unsubscribed,2026-06-09T10:19:12.000Z
kprof_c9b391074a93ec3108e3,cust_a0fc35e2dc728a1808a7,iris.lewis.470@example.com,Iris,Lewis,subscribed,2026-06-09T11:18:27.000Z
kprof_6d23bd1f4339b28eb7b1,,morgan.wright.9158@example.com,Morgan,Wright,subscribed,2026-06-09T14:16:03.000Z
kprof_d86358cd7e8dbe728a63,cust_0e32d2ad70f17678f8cf,lena.martinez.7716@example.com,Lena,Martinez,subscribed,2026-06-09T15:14:14.000Z
kprof_a938545e9d3dc1ab50fc,,lena.brown.8773@example.com,Lena,Brown,subscribed,2026-06-09T15:19:59.000Z
kprof_98ce57e4890f9f39c798,,jordan.nguyen.306@example.com,Jordan,Nguyen,subscribed,2026-06-09T15:36:47.000Z
kprof_4b39a9349b36a1046ba1,cust_0e99045b91cfcf2861fa,morgan.walker.8861@example.com,Morgan,Walker,subscribed,2026-06-09T16:12:01.000Z
kprof_44b88696895794491669,cust_a80eed90e2426f590acb,casey.lee.3544@example.com,Casey,Lee,subscribed,2026-06-09T16:43:00.000Z
kprof_7336502baad60f7568c9,cust_d631d19eec08518bb812,noah.young.487@example.com,Noah,Young,subscribed,2026-06-09T17:23:59.000Z
kprof_cdd28d33ddbb6fda70f6,cust_8b5d3910dc61db903505,sofia.clark.3319@example.com,Sofia,Clark,subscribed,2026-06-09T17:58:45.000Z
kprof_8ff8f6e8bf33b11e0b3e,cust_2d7cffdd40a8b6514ff6,jordan.martinez.2760@example.com,Jordan,Martinez,subscribed,2026-06-09T19:07:56.000Z
kprof_038fd1ed84f637619be6,cust_b7ccee1c18fb66a22ea2,iris.wright.1474@example.com,Iris,Wright,subscribed,2026-06-09T20:10:47.000Z
kprof_74aa8c0ad3eec23de9a3,cust_a5a84ad0e27756fb19b9,lena.brown.4398@example.com,Lena,Brown,subscribed,2026-06-09T20:17:31.000Z
kprof_ce36ff4701be6628eeab,cust_720b69b93932a52db4d2,jamie.kim.9686@example.com,Jamie,Kim,subscribed,2026-06-09T21:31:38.000Z
kprof_ea9a9e057ddbca5a5d51,cust_94dd38afb8263c7c8025,morgan.lee.8512@example.com,Morgan,Lee,subscribed,2026-06-09T21:38:29.000Z
kprof_640fb4f5d57749790ba5,cust_aa1fa6ca06583775c3e0,noah.lee.862@example.com,Noah,Lee,subscribed,2026-06-09T22:30:21.000Z
kprof_56baf40d06325b9d8999,cust_ee2483438d220d31a064,drew.young.1921@example.com,Drew,Young,subscribed,2026-06-09T23:02:55.000Z
kprof_09e94a72ad0e3c2ed1cd,cust_b69773ed5908416f0824,evan.brown.8347@example.com,Evan,Brown,subscribed,2026-06-10T06:16:09.000Z
kprof_e66eed3feeabbd49ce10,cust_5f130cadb777f275f752,maya.patel.8713@example.com,Maya,Patel,subscribed,2026-06-10T06:53:49.000Z
kprof_f108d709a953eb0a9eed,cust_80f7704f480d29204bea,riley.anderson.9240@example.com,Riley,Anderson,subscribed,2026-06-10T08:11:19.000Z
kprof_babd882078b3fb1752d0,cust_3239ab9733b426b5aad3,morgan.brown.3120@example.com,Morgan,Brown,subscribed,2026-06-10T08:42:11.000Z
kprof_08c2401e9702a2b3c1d6,,avery.martinez.6366@example.com,Avery,Martinez,subscribed,2026-06-10T10:23:35.000Z
kprof_b943160956a636a43584,cust_f97fbae6d965e8594cdf,avery.davis.1484@example.com,Avery,Davis,subscribed,2026-06-10T11:01:58.000Z
kprof_12fd95b16ec5468dc679,cust_5f7c6625789e091acd20,priya.lewis.5275@example.com,Priya,Lewis,subscribed,2026-06-10T11:24:18.000Z
kprof_797fdf0c992d6321fc32,cust_f7672c718a015ce1f5b0,sofia.miller.6587@example.com,Sofia,Miller,subscribed,2026-06-10T11:49:47.000Z
kprof_9d30fb8009e18bbf2d76,cust_93b6c494ac0566c68d02,morgan.nguyen.7178@example.com,Morgan,Nguyen,subscribed,2026-06-10T12:25:39.000Z
kprof_f785e62287e72dc17e28,cust_1b5ea7500c55d799a56e,iris.allen.4378@example.com,Iris,Allen,subscribed,2026-06-10T12:30:28.000Z
kprof_88f57dbb6963fcf6e5b6,cust_0dd7c9e8ccc691fe7ab5,theo.lee.9679@example.com,Theo,Lee,subscribed,2026-06-10T13:28:27.000Z
kprof_49155d8169722721f6e5,cust_eb340c08335b2edadc2f,iris.wright.6705@example.com,Iris,Wright,subscribed,2026-06-10T15:04:40.000Z
kprof_0b42b5588f4362e32437,cust_4eac2ee43663dd5a2d88,miles.lewis.4506@example.com,Miles,Lewis,subscribed,2026-06-10T15:25:31.000Z
kprof_ef66a8cc3f4ea575dc32,cust_9d372927af9d48c5c1c8,jordan.smith.1301@example.com,Jordan,Smith,subscribed,2026-06-10T15:36:53.000Z
kprof_94653f4758ef31bfaeb1,cust_b5f4daa557014da9c6c5,casey.brown.9693@example.com,Casey,Brown,subscribed,2026-06-10T15:45:51.000Z
kprof_64cf5b3b342337596c7f,cust_9d14838493b8d660c5e9,priya.brown.8157@example.com,Priya,Brown,subscribed,2026-06-10T16:06:33.000Z
kprof_b9297cc94dd3f31c059d,cust_63ec545a1553d6ec749c,riley.nguyen.6408@example.com,Riley,Nguyen,subscribed,2026-06-10T16:55:30.000Z
kprof_e51118288a101f7c58f8,cust_62a22bf67d340c1ef7c3,alex.johnson.4377@example.com,Alex,Johnson,subscribed,2026-06-10T18:33:47.000Z
kprof_9aa469851743b1808f35,cust_a4e1e4bb62f5b0fc7e90,jamie.walker.9392@example.com,Jamie,Walker,subscribed,2026-06-10T19:15:01.000Z
kprof_61f789e7ee859bb630de,cust_22d092574391c2fc5a72,drew.smith.2184@example.com,Drew,Smith,subscribed,2026-06-10T20:18:42.000Z
kprof_bc8842b5aec8c3a9c168,cust_30df3d9b62dbe8ce19fa,sofia.young.3937@example.com,Sofia,Young,subscribed,2026-06-10T22:23:05.000Z
kprof_af224f44eb68e4895e8d,cust_236455a5cb0877cf52ac,lena.davis.6037@example.com,Lena,Davis,subscribed,2026-06-10T22:36:46.000Z
kprof_37b506e0b0d1639aa08d,cust_f1f2fb502a74cd5a8425,sofia.lee.9875@example.com,Sofia,Lee,subscribed,2026-06-10T23:25:15.000Z
kprof_81e8cacee884fba3c880,,nora.miller.1726@example.com,Nora,Miller,subscribed,2026-06-11T06:04:01.000Z
kprof_14e45d714ac4ceccbf46,cust_ecfbb1b2e914d57d8391,jamie.johnson.8197@example.com,Jamie,Johnson,subscribed,2026-06-11T06:39:11.000Z
kprof_d5d0dba70bf5a22b94f2,cust_7140a088bd086e4f7559,morgan.miller.3179@example.com,Morgan,Miller,subscribed,2026-06-11T06:46:31.000Z
kprof_d50c823b4d904d574be5,cust_cac05b84ff4e91e10bd4,jamie.allen.4982@example.com,Jamie,Allen,subscribed,2026-06-11T06:51:25.000Z
kprof_bf03c2b374ddfaf26756,cust_d5c4febb33f371c839d5,theo.brown.7449@example.com,Theo,Brown,subscribed,2026-06-11T07:25:58.000Z
kprof_463417bf3c93bc195cbd,cust_87326e1ff9382d574e9f,alex.hall.8170@example.com,Alex,Hall,unsubscribed,2026-06-11T09:10:00.000Z
kprof_09fef1293b5e7f979060,cust_ab1daa19c8b79b9e5a37,cameron.walker.2979@example.com,Cameron,Walker,subscribed,2026-06-11T09:51:18.000Z
kprof_ce88855e4e00140d5f8a,cust_f08df53fc6122c2bb3f4,maya.nguyen.3959@example.com,Maya,Nguyen,subscribed,2026-06-11T10:27:41.000Z
kprof_d68fde1511e42e022719,cust_3ae5e5ed2e8879b124f0,jamie.hall.4823@example.com,Jamie,Hall,subscribed,2026-06-11T12:36:32.000Z
kprof_2f7c1c58735039ba49f0,cust_c3e445d2b9f21ef73bd8,miles.nguyen.4204@example.com,Miles,Nguyen,subscribed,2026-06-11T14:31:36.000Z
kprof_211facf2bb825f412cad,,lena.clark.2427@example.com,Lena,Clark,subscribed,2026-06-11T14:55:13.000Z
kprof_558e82d00e0178cdc1e5,,cameron.kim.7061@example.com,Cameron,Kim,subscribed,2026-06-11T15:28:44.000Z
kprof_833b7b39e4e76c4cf47e,,priya.nguyen.4638@example.com,Priya,Nguyen,subscribed,2026-06-11T17:12:52.000Z
kprof_e87249b24e7facf8eddb,,evan.anderson.4381@example.com,Evan,Anderson,subscribed,2026-06-11T18:06:36.000Z
kprof_9e12a5c4bac1376e2147,,maya.brown.918@example.com,Maya,Brown,subscribed,2026-06-11T18:16:11.000Z
kprof_2eb15edf259eb9919566,cust_29790c9cbf7a9c3beaed,riley.kim.3739@example.com,Riley,Kim,subscribed,2026-06-11T18:20:35.000Z
kprof_3b808f084c7fff6d1dcc,,nora.clark.4242@example.com,Nora,Clark,subscribed,2026-06-11T19:45:43.000Z
kprof_bca28e5a058f7860484d,,priya.hall.9303@example.com,Priya,Hall,subscribed,2026-06-11T19:54:15.000Z
kprof_d0a8149dd6f0d1da9855,cust_0368b718e34cd31be848,evan.patel.2815@example.com,Evan,Patel,subscribed,2026-06-11T23:19:52.000Z
kprof_5e91e3f9cde382897a28,,casey.clark.7326@example.com,Casey,Clark,subscribed,2026-06-11T23:45:57.000Z
kprof_5f68160f6f1aa740d70f,cust_4de90d495de774757fac,riley.anderson.5672@example.com,Riley,Anderson,subscribed,2026-06-12T09:06:50.000Z
kprof_fce391f995ecb8546cbe,cust_16f051e05c7bb4a6dc30,miles.anderson.9472@example.com,Miles,Anderson,subscribed,2026-06-12T10:58:35.000Z
kprof_d0227d4575e6c28da18c,cust_c925ab80c42c5d145365,nora.walker.568@example.com,Nora,Walker,subscribed,2026-06-12T12:40:49.000Z
kprof_b731c726c098f7f2d783,cust_c09304514ce37ff0061b,priya.lee.8199@example.com,Priya,Lee,subscribed,2026-06-12T12:42:32.000Z
kprof_d4c1bff1fc443cbc5abc,cust_eb1e00810d95414a347b,maya.smith.2658@example.com,Maya,Smith,subscribed,2026-06-12T15:12:42.000Z
kprof_a38d801ae285a4917880,cust_a2b9d4d3a3ba53c98d8a,cameron.hall.9083@example.com,Cameron,Hall,subscribed,2026-06-12T15:59:41.000Z
kprof_028b9ec65eb70417c8a1,cust_9645f26e25cbba16f3a9,casey.garcia.5954@example.com,Casey,Garcia,subscribed,2026-06-12T19:56:11.000Z
kprof_61e4bedd3468bb3ab7ce,cust_89a080b680c23d250d67,lena.brown.8464@example.com,Lena,Brown,subscribed,2026-06-12T20:32:33.000Z
kprof_7f44d1363a65ceb1d483,,avery.nguyen.6281@example.com,Avery,Nguyen,subscribed,2026-06-12T22:16:42.000Z
kprof_9cdd7d0be0395cd5cc5a,cust_af2360e6e73e4a05e689,cameron.smith.5088@example.com,Cameron,Smith,subscribed,2026-06-12T22:47:14.000Z
kprof_9dfe655846e1bec80be5,,maya.martinez.6875@example.com,Maya,Martinez,subscribed,2026-06-12T23:27:31.000Z
kprof_2ee684f470a7a03e987c,cust_8cb650b0ceb422345eb5,sofia.lee.1266@example.com,Sofia,Lee,subscribed,2026-06-13T06:18:59.000Z
kprof_752573ced81db144a852,cust_cb6c12b9fc6d9093bc2e,evan.johnson.6691@example.com,Evan,Johnson,subscribed,2026-06-13T08:32:27.000Z
kprof_6a9997b4906189ecfb14,cust_b8618d96fb8d7cf2d55d,morgan.johnson.9099@example.com,Morgan,Johnson,subscribed,2026-06-13T09:27:41.000Z
kprof_0569d37e7624a4c4975b,cust_0f459d6d3c72384af5bb,jamie.martinez.2956@example.com,Jamie,Martinez,subscribed,2026-06-13T09:36:09.000Z
kprof_44c4ea19661552ea752e,,cameron.hall.1673@example.com,Cameron,Hall,subscribed,2026-06-13T10:13:27.000Z
kprof_63afb133990e2f4f6925,cust_da92f7d0766f786d9bca,theo.hall.9770@example.com,Theo,Hall,subscribed,2026-06-13T11:46:46.000Z
kprof_668fbabc8fcfcf22e41b,,morgan.hall.5819@example.com,Morgan,Hall,subscribed,2026-06-13T11:55:20.000Z
kprof_753249769a33ae11ca95,cust_819018c5c7d1a1af3ff7,alex.smith.2810@example.com,Alex,Smith,subscribed,2026-06-13T12:05:10.000Z
kprof_9c5bb98e4801d5e49bac,,lena.johnson.1265@example.com,Lena,Johnson,subscribed,2026-06-13T15:20:02.000Z
kprof_7fb1037963f898a3be6c,cust_6f501e4b5605f19d95b9,drew.kim.2820@example.com,Drew,Kim,subscribed,2026-06-13T15:59:14.000Z
kprof_5cc21345748f10bc3372,cust_cc721656f9a4b02d14e2,noah.garcia.9896@example.com,Noah,Garcia,subscribed,2026-06-13T16:42:54.000Z
kprof_2044686e48a5b44a1834,cust_cee142cb502801c29328,miles.kim.7001@example.com,Miles,Kim,subscribed,2026-06-13T17:05:56.000Z
kprof_d5676bd031976959d4b6,,drew.patel.4418@example.com,Drew,Patel,subscribed,2026-06-13T17:20:42.000Z
kprof_e4d2d69768ec982f181f,cust_1709c6ec0788a75a7e4f,taylor.lewis.8568@example.com,Taylor,Lewis,subscribed,2026-06-13T17:39:28.000Z
kprof_6932860ed86d8fdafdf0,cust_1b277d1a1f83cd4139c6,lena.kim.9282@example.com,Lena,Kim,subscribed,2026-06-13T18:06:10.000Z
kprof_de523e0abf4d3251f6fc,cust_115838af00af752b20ae,miles.nguyen.2468@example.com,Miles,Nguyen,subscribed,2026-06-13T19:40:28.000Z
kprof_6bca58475e192f7f4738,cust_ee180ecf1b34d372cd33,cameron.walker.2339@example.com,Cameron,Walker,subscribed,2026-06-13T19:52:48.000Z
kprof_a4664c6fe2a6fb19dded,,jamie.anderson.2644@example.com,Jamie,Anderson,subscribed,2026-06-13T20:17:27.000Z
kprof_455fe2d649c4dde5a657,cust_52b0c4832fd0291a13c1,nora.young.3494@example.com,Nora,Young,subscribed,2026-06-13T20:39:56.000Z
kprof_26eaf56f46c0d07e136f,cust_a8957c37d92ea135566b,casey.garcia.1922@example.com,Casey,Garcia,unsubscribed,2026-06-13T21:09:38.000Z
kprof_b27b49d86489800521e8,cust_fd8098d6318bd1dce54e,miles.miller.3665@example.com,Miles,Miller,subscribed,2026-06-13T21:20:17.000Z
kprof_e82d69cda0e0db758170,cust_aecbc5d19965bb8ecb71,taylor.wilson.7508@example.com,Taylor,Wilson,subscribed,2026-06-13T21:49:35.000Z
kprof_459ef532a98868e338de,cust_9cb36bea2cc0b8838014,iris.miller.7436@example.com,Iris,Miller,subscribed,2026-06-13T22:53:06.000Z
kprof_cf343f6faf138f016812,cust_a0b8a87f849d2a900069,taylor.clark.4173@example.com,Taylor,Clark,subscribed,2026-06-13T23:32:54.000Z
kprof_db1563a3c980011fdaf5,cust_4cc1ebb35c175b4dad98,maya.davis.2915@example.com,Maya,Davis,subscribed,2026-06-13T23:33:14.000Z
kprof_797aab7e44d1ed3e4f0d,cust_0e21fdaf8cf51dab77f9,miles.smith.9486@example.com,Miles,Smith,subscribed,2026-06-13T23:36:45.000Z
kprof_ff4afb9f3121abbd2241,cust_713704b772a8ab6c05cf,evan.hall.5666@example.com,Evan,Hall,subscribed,2026-06-14T06:14:05.000Z
kprof_c6fced8d1cceadd51e87,,theo.walker.9939@example.com,Theo,Walker,subscribed,2026-06-14T07:49:58.000Z
kprof_f42b34ab8e5265efc8e3,cust_d73feb47af196fae1c6d,cameron.brown.9897@example.com,Cameron,Brown,subscribed,2026-06-14T08:24:11.000Z
kprof_0fcbb9f53eeea1caf8ef,cust_4aae5f02a1bf9228b48b,miles.lee.3161@example.com,Miles,Lee,subscribed,2026-06-14T09:14:24.000Z
kprof_3367d85857670a8a431b,cust_9c2ea729f26966d3f2e2,noah.patel.7734@example.com,Noah,Patel,subscribed,2026-06-14T09:36:21.000Z
kprof_ce032570ec770d619823,cust_07b876c776d5ad393e3f,iris.smith.1343@example.com,Iris,Smith,subscribed,2026-06-14T09:47:30.000Z
kprof_786a33afe173616bc018,,nora.allen.515@example.com,Nora,Allen,subscribed,2026-06-14T11:37:19.000Z
kprof_5478c7a7224c6095dee8,cust_94bd376f773ff1e4555e,theo.allen.515@example.com,Theo,Allen,subscribed,2026-06-14T11:47:56.000Z
kprof_ad08f32efcb784e058ee,cust_42adf5669c6e76ebc131,jordan.garcia.3436@example.com,Jordan,Garcia,subscribed,2026-06-14T11:52:02.000Z
kprof_b625e041a419a9e2546f,cust_fbe593c9e1e1cdce7f5b,cameron.young.9824@example.com,Cameron,Young,subscribed,2026-06-14T12:20:15.000Z
kprof_e4d8112a99dee49c61c2,cust_6ab1f7df969dcaa738be,lena.clark.2773@example.com,Lena,Clark,subscribed,2026-06-14T13:03:19.000Z
kprof_d2a340dabc8ed04b6be8,,casey.patel.536@example.com,Casey,Patel,subscribed,2026-06-14T13:12:07.000Z
kprof_fdfbc0715cb3cb6432ba,cust_604d47059b30d6cb4d9e,cameron.young.3255@example.com,Cameron,Young,subscribed,2026-06-14T15:02:13.000Z
kprof_119c1de31055de238836,cust_a7832aee4c2a83e5fcf7,theo.martinez.995@example.com,Theo,Martinez,subscribed,2026-06-14T15:57:41.000Z
kprof_a00bc1803e8950de633c,cust_6cfb600a00d42c056b25,iris.kim.8954@example.com,Iris,Kim,subscribed,2026-06-14T18:35:48.000Z
kprof_8529089830e1b72380a8,,taylor.clark.7427@example.com,Taylor,Clark,subscribed,2026-06-14T19:46:47.000Z
kprof_f29c7bf60ddc7460fbc5,cust_51c2f03e9164054b8d85,morgan.clark.7414@example.com,Morgan,Clark,subscribed,2026-06-14T19:49:39.000Z
kprof_27435a93b36f91bd6eae,cust_654ce610811946bf185a,noah.johnson.1131@example.com,Noah,Johnson,subscribed,2026-06-14T20:09:03.000Z
kprof_26c30d41a8a0c3c82ebe,cust_2d7011ced2e4822e3b30,jamie.smith.2202@example.com,Jamie,Smith,subscribed,2026-06-14T22:45:17.000Z
kprof_08d4ac5969583f780d1a,cust_78bf9092019ad4c6b9f3,lena.nguyen.5228@example.com,Lena,Nguyen,subscribed,2026-06-14T23:04:54.000Z
kprof_e2c3d9bf2c0945b699c5,cust_3726a1912a6971af5ac6,lena.smith.5614@example.com,Lena,Smith,subscribed,2026-06-14T23:16:37.000Z
kprof_4ed11121f80495114d1e,cust_af0ae753b6f9f7bd43ab,alex.kim.3551@example.com,Alex,Kim,subscribed,2026-06-14T23:47:21.000Z
kprof_6b692dbe188c33ecbd4a,,miles.miller.1566@example.com,Miles,Miller,subscribed,2026-06-15T06:57:34.000Z
kprof_551a1420b84d84a3ff63,cust_f6fcaef466d551f3104f,taylor.young.2276@example.com,Taylor,Young,subscribed,2026-06-15T08:56:44.000Z
kprof_92a9784e8692a936839c,cust_477eebaa309a2b57ad9f,iris.young.2303@example.com,Iris,Young,unsubscribed,2026-06-15T10:03:12.000Z
kprof_560ae8519fe50f66d6f2,cust_9be265a0a222daebee3c,casey.miller.2713@example.com,Casey,Miller,subscribed,2026-06-15T11:26:36.000Z
kprof_4ef2c86b79a5bedeb079,,nora.walker.8796@example.com,Nora,Walker,subscribed,2026-06-15T11:37:13.000Z
kprof_1b2e9ea2d101d85f0eb8,,cameron.hall.6813@example.com,Cameron,Hall,subscribed,2026-06-15T12:03:49.000Z
kprof_2ab01b0a52ca2cfda677,cust_bc5304e4cab6afe7032d,iris.garcia.5287@example.com,Iris,Garcia,subscribed,2026-06-15T12:09:39.000Z
kprof_ae52959f29b8636121d5,cust_c652a4524eff8f203a40,iris.hall.5834@example.com,Iris,Hall,subscribed,2026-06-15T12:14:38.000Z
kprof_cc26023fd2fc995d29c0,cust_5dd46372fa289882b5b8,evan.davis.2103@example.com,Evan,Davis,subscribed,2026-06-15T12:26:33.000Z
kprof_8e071878d502f866d303,cust_0cc94fe8cf3f7e720833,lena.johnson.273@example.com,Lena,Johnson,subscribed,2026-06-15T13:56:49.000Z
kprof_a77fd4166c8f3f2f958f,cust_1cf114344a14c4a560fb,casey.kim.1892@example.com,Casey,Kim,subscribed,2026-06-15T14:53:21.000Z
kprof_36061446faa62933f475,,priya.brown.4415@example.com,Priya,Brown,subscribed,2026-06-15T15:17:43.000Z
kprof_a16358c995495e9f9b7f,cust_2f533bb42d297f522acc,morgan.patel.801@example.com,Morgan,Patel,subscribed,2026-06-15T16:57:17.000Z
kprof_713881f4cf83e3290607,cust_7303c6aa23e4b0baad42,alex.wilson.4835@example.com,Alex,Wilson,subscribed,2026-06-15T17:09:35.000Z
kprof_88ded8aa1b9962179baa,cust_a77723b0fef2eb319673,jamie.hall.9745@example.com,Jamie,Hall,subscribed,2026-06-15T17:14:30.000Z
kprof_05934633915cee5819f6,cust_d885b77af79dfb6b7015,maya.nguyen.2574@example.com,Maya,Nguyen,subscribed,2026-06-15T18:25:02.000Z
kprof_46c518f0c678f304b52d,cust_b75aa2c22e6921484476,miles.wright.9507@example.com,Miles,Wright,subscribed,2026-06-15T20:09:20.000Z
kprof_3521579103f200280b36,cust_5f285d35757a8e1cb4d9,riley.anderson.8595@example.com,Riley,Anderson,subscribed,2026-06-15T21:57:24.000Z
kprof_5b41c30e0b8e58242f87,,nora.johnson.2535@example.com,Nora,Johnson,subscribed,2026-06-15T22:30:01.000Z
kprof_b1706e29c4dcad51c17c,cust_e837bc75966b25b51dd7,sofia.anderson.8560@example.com,Sofia,Anderson,subscribed,2026-06-15T23:09:27.000Z
kprof_1b36e3ff73a5affefb7b,,cameron.lee.7831@example.com,Cameron,Lee,subscribed,2026-06-16T06:08:39.000Z
kprof_0368dca18b466f1c3f4c,cust_0e9c53ecd9af168000c7,riley.garcia.5292@example.com,Riley,Garcia,subscribed,2026-06-16T06:43:18.000Z
kprof_2cb46b71f2b280fc58d8,cust_1d949c1a930bd56b9bd6,jamie.johnson.5017@example.com,Jamie,Johnson,subscribed,2026-06-16T06:55:01.000Z
kprof_dfb0bb9584570d624b82,cust_3b3c307516812eff4142,evan.hall.3857@example.com,Evan,Hall,subscribed,2026-06-16T07:33:30.000Z
kprof_caad35648d1ba4743b48,cust_a0793d1a917a76cb67ba,evan.lee.8224@example.com,Evan,Lee,subscribed,2026-06-16T07:40:36.000Z
kprof_9cbcbb39c3266eb78221,cust_e4e269df0b411ef8e3de,riley.lee.6437@example.com,Riley,Lee,subscribed,2026-06-16T08:35:02.000Z
kprof_35c50e5e0014e5c0e002,cust_2431af6a12e2755427d1,casey.young.5601@example.com,Casey,Young,subscribed,2026-06-16T11:25:55.000Z
kprof_4b4204ee2629786c61e0,cust_a69de4fda7c6ba065265,sofia.wright.921@example.com,Sofia,Wright,subscribed,2026-06-16T11:39:47.000Z
kprof_08685e977fe6f6ca8e8f,cust_c7a75a9c8e576f53cfac,jamie.garcia.4990@example.com,Jamie,Garcia,subscribed,2026-06-16T12:12:59.000Z
kprof_3a7e0473e192bff0123a,cust_c03d5667ede5c60471b0,nora.young.9573@example.com,Nora,Young,subscribed,2026-06-16T12:13:18.000Z
kprof_50b1599c6df0d0ad59b0,cust_1d892cb0f9fd24047975,taylor.brown.767@example.com,Taylor,Brown,subscribed,2026-06-16T13:16:21.000Z
kprof_4fcbbbd4d6334cad3135,,riley.garcia.9188@example.com,Riley,Garcia,subscribed,2026-06-16T14:57:01.000Z
kprof_b5cf1ff6451719cc7089,cust_e491fb3034769a01cd2c,sofia.wright.2991@example.com,Sofia,Wright,subscribed,2026-06-16T16:10:06.000Z
kprof_0850f75eafa61456b08c,,iris.miller.6693@example.com,Iris,Miller,subscribed,2026-06-16T18:19:54.000Z
kprof_c06f533edca5faa5eabd,cust_ec60cfc843eb27ea5a5d,jamie.davis.6626@example.com,Jamie,Davis,subscribed,2026-06-16T20:45:35.000Z
kprof_0f3e3d94d83bb51ecd97,cust_cf1de14b4ae19e2ce8c8,noah.kim.2026@example.com,Noah,Kim,subscribed,2026-06-16T21:20:54.000Z
kprof_c15f6e83d21a39ee6a31,cust_b905109005fc05e8cce2,maya.allen.5463@example.com,Maya,Allen,subscribed,2026-06-17T08:32:52.000Z
kprof_c022fa2b466bb3aaab7b,cust_cb9032ca4e8207407918,lena.wright.7042@example.com,Lena,Wright,subscribed,2026-06-17T09:18:40.000Z
kprof_99e1d977f1bb26042286,cust_6ee127f086e9ae030fa7,theo.brown.6299@example.com,Theo,Brown,subscribed,2026-06-17T11:17:32.000Z
kprof_704414826dc3dfb7c714,cust_70346d0811427baf871e,evan.nguyen.9936@example.com,Evan,Nguyen,subscribed,2026-06-17T11:30:30.000Z
kprof_27bab683b68614845b93,cust_7513474dc6182e66056c,miles.martinez.3102@example.com,Miles,Martinez,subscribed,2026-06-17T11:55:27.000Z
kprof_afb4243cff488e587371,cust_e4be51a816a40d2c9ad6,nora.martinez.5623@example.com,Nora,Martinez,subscribed,2026-06-17T12:30:11.000Z
kprof_63237c1bbd323411df37,cust_2d2aa09c561e68f4bd4b,riley.kim.7262@example.com,Riley,Kim,subscribed,2026-06-17T15:58:05.000Z
kprof_246f18590d9e067231d6,,lena.garcia.1367@example.com,Lena,Garcia,subscribed,2026-06-17T16:25:43.000Z
kprof_a7b2ca867d205dbbd2ad,cust_832c97e6e2981b071e1b,alex.martinez.8211@example.com,Alex,Martinez,subscribed,2026-06-17T17:04:04.000Z
kprof_49a051abbec85aa30fea,cust_d737245bc7a33db75836,cameron.kim.6654@example.com,Cameron,Kim,subscribed,2026-06-17T17:17:02.000Z
kprof_e4fdda743bfa72e8bee1,cust_d03c900e9045268a2846,morgan.wright.8770@example.com,Morgan,Wright,subscribed,2026-06-17T17:24:14.000Z
kprof_88f2dae73c618eba4abd,cust_d64bbeeac52a8d97a3bb,maya.brown.5481@example.com,Maya,Brown,subscribed,2026-06-17T18:27:57.000Z
kprof_b916731d7e8040440364,cust_3b56a37328f814c1ff9a,priya.johnson.575@example.com,Priya,Johnson,subscribed,2026-06-17T19:44:29.000Z
kprof_8916090ee0615c9d5688,cust_24891dea2207bf638b37,priya.martinez.400@example.com,Priya,Martinez,subscribed,2026-06-17T19:44:29.000Z
kprof_1d65e0a5e1927af94dd7,cust_5877783ee11b495df82c,morgan.brown.766@example.com,Morgan,Brown,subscribed,2026-06-17T21:30:26.000Z
kprof_3680b36deed01e549992,cust_da325d879bf0455ec0db,iris.allen.8370@example.com,Iris,Allen,subscribed,2026-06-17T21:42:56.000Z
kprof_62c449ec872b68944d2b,cust_daeae93ab9dd51dfc4d1,morgan.anderson.9784@example.com,Morgan,Anderson,subscribed,2026-06-17T21:50:57.000Z
kprof_57a4b96a864b98f7a2f7,cust_28db3b3b6630728f8354,evan.clark.1515@example.com,Evan,Clark,subscribed,2026-06-18T06:22:04.000Z
kprof_e9ca84a0905f4cc4f9cb,cust_dfa77bd063559a7100df,maya.miller.3262@example.com,Maya,Miller,subscribed,2026-06-18T07:23:24.000Z
kprof_08e4c1d8e18900096c75,cust_2e24bfbdbf0486b9dfb3,evan.patel.2802@example.com,Evan,Patel,subscribed,2026-06-18T08:06:10.000Z
kprof_60dff149515465c722d7,cust_349cb2c4914b5619407e,jamie.lewis.5093@example.com,Jamie,Lewis,subscribed,2026-06-18T08:09:06.000Z
kprof_e636e2ad1c161b3e57fa,cust_7b9bd4455105e200a96d,taylor.lee.1847@example.com,Taylor,Lee,subscribed,2026-06-18T11:24:28.000Z
kprof_2b9d066e42495b388006,cust_eda188b303c8baceb01c,sofia.lewis.2033@example.com,Sofia,Lewis,subscribed,2026-06-18T11:40:55.000Z
kprof_0de462eb5683aa3367eb,,casey.wilson.7053@example.com,Casey,Wilson,subscribed,2026-06-18T12:12:23.000Z
kprof_5e70d55be3949bf0fbaf,,theo.martinez.8684@example.com,Theo,Martinez,subscribed,2026-06-18T12:53:03.000Z
kprof_d9f12d79169a65984558,,alex.anderson.309@example.com,Alex,Anderson,subscribed,2026-06-18T14:43:11.000Z
kprof_2e9e1ced1a175dd62c1b,cust_1c84a0161b0991e2aa05,sofia.hall.5604@example.com,Sofia,Hall,subscribed,2026-06-18T16:02:57.000Z
kprof_06677367266f98801639,,maya.clark.4985@example.com,Maya,Clark,subscribed,2026-06-18T16:52:24.000Z
kprof_3a1bdd076d3659e1d41e,cust_5848783ed399c3bb4743,drew.garcia.8566@example.com,Drew,Garcia,subscribed,2026-06-18T18:31:36.000Z
kprof_a4908e24be1e72d0313e,cust_f3adba59e5e84be798e8,drew.lee.9967@example.com,Drew,Lee,subscribed,2026-06-18T18:36:32.000Z
kprof_07797506cc3a07c04591,cust_a4a3fddaaab557d9948e,taylor.patel.3819@example.com,Taylor,Patel,subscribed,2026-06-18T20:37:06.000Z
kprof_c627eea269ed83eab76f,,theo.wilson.7994@example.com,Theo,Wilson,subscribed,2026-06-18T20:56:17.000Z
kprof_c3953a95a34f73f504b3,,nora.martinez.2459@example.com,Nora,Martinez,subscribed,2026-06-18T22:15:10.000Z
kprof_68a973386bff75da0096,,cameron.nguyen.2065@example.com,Cameron,Nguyen,subscribed,2026-06-18T23:18:50.000Z
kprof_b68bc9ccf21653f2b6c4,cust_b87e441f71689d89ecf0,noah.smith.6022@example.com,Noah,Smith,subscribed,2026-06-18T23:19:07.000Z
kprof_befa012fa6638f8c417f,cust_c37eed88de034aa7da66,taylor.wright.161@example.com,Taylor,Wright,subscribed,2026-06-18T23:39:04.000Z
kprof_0f892d9d13100eec3431,cust_d7ab511fca52dff5385f,alex.lee.3653@example.com,Alex,Lee,subscribed,2026-06-19T06:08:31.000Z
kprof_08e760225d8734a4e785,cust_65582c972b6ce09bfccb,taylor.miller.8258@example.com,Taylor,Miller,subscribed,2026-06-19T06:59:37.000Z
kprof_935937d354dd00004aa7,,maya.wilson.3606@example.com,Maya,Wilson,subscribed,2026-06-19T11:13:14.000Z
kprof_d4b2533cd3c670afe79f,,casey.garcia.5490@example.com,Casey,Garcia,subscribed,2026-06-19T12:06:28.000Z
kprof_70ba7ed99ea8baa45f90,,priya.martinez.319@example.com,Priya,Martinez,subscribed,2026-06-19T12:32:31.000Z
kprof_a74462d4921eb6f455a1,cust_64b9acab2d370bc805ad,avery.wilson.974@example.com,Avery,Wilson,subscribed,2026-06-19T13:21:03.000Z
kprof_1d3cfc4da37b04e1c52e,,priya.wilson.6605@example.com,Priya,Wilson,subscribed,2026-06-19T14:25:45.000Z
kprof_53a58227f32a3bdd4f3d,cust_aae9df57b9557abc865c,evan.johnson.3295@example.com,Evan,Johnson,subscribed,2026-06-19T14:50:19.000Z
kprof_b50994a1b0e087df7f2f,cust_2e791e172a9cc82595da,miles.lee.4630@example.com,Miles,Lee,subscribed,2026-06-19T14:55:25.000Z
kprof_5cecfdc7a57ffc1aa109,cust_473c0f10b9a0c63bef55,taylor.patel.3793@example.com,Taylor,Patel,subscribed,2026-06-19T15:19:21.000Z
kprof_e20a64361ec8c3621141,cust_b0982ab5af48a8a775cb,priya.walker.5184@example.com,Priya,Walker,subscribed,2026-06-19T15:45:07.000Z
kprof_819af16d77d1660ebfb3,,jordan.hall.6684@example.com,Jordan,Hall,subscribed,2026-06-19T16:01:11.000Z
kprof_d551fa654d8b21644226,cust_77ae48512a42a3dd71c6,priya.walker.3407@example.com,Priya,Walker,subscribed,2026-06-19T16:12:30.000Z
kprof_4dbb2b86579cb4cda371,cust_ee9bf6ce095f23c6ab01,evan.brown.4583@example.com,Evan,Brown,subscribed,2026-06-19T18:10:08.000Z
kprof_27c5b6d84f2025a11920,,cameron.smith.7940@example.com,Cameron,Smith,subscribed,2026-06-19T18:19:10.000Z
kprof_95266a79b12b99908953,cust_ea43dd4657533031855c,drew.brown.1061@example.com,Drew,Brown,subscribed,2026-06-19T18:24:58.000Z
kprof_c8e177b7afdc63eb5312,cust_7ecf752c63211b7ad124,riley.wilson.2297@example.com,Riley,Wilson,subscribed,2026-06-19T19:03:11.000Z
kprof_0c231a25d09cdcecaf83,cust_040052b5d0cafa7d0121,priya.wright.8580@example.com,Priya,Wright,subscribed,2026-06-19T20:34:32.000Z
kprof_e6a4b2a05efebdc3024f,,noah.wright.2352@example.com,Noah,Wright,subscribed,2026-06-19T20:44:51.000Z
kprof_c9d4aec557929012c63e,cust_0cbc5ae9458e6d8d3f89,nora.garcia.3717@example.com,Nora,Garcia,subscribed,2026-06-19T21:22:11.000Z
kprof_8d68b1973ce364563199,cust_c1fa374d9c00d473c43a,jamie.smith.6175@example.com,Jamie,Smith,subscribed,2026-06-19T21:51:51.000Z
kprof_2c30854333e928961eaa,cust_6a193ca60e25b9bbbbab,cameron.patel.3953@example.com,Cameron,Patel,subscribed,2026-06-20T06:07:55.000Z
kprof_2c244509a00501f96aaf,cust_b6e218681bd75c1573ea,nora.miller.1169@example.com,Nora,Miller,subscribed,2026-06-20T06:08:44.000Z
kprof_676b2185c513715334ce,cust_b8c2c33ec8b5eb31d265,lena.garcia.5026@example.com,Lena,Garcia,subscribed,2026-06-20T07:36:36.000Z
kprof_062409069706cde767c5,cust_24777ffdc32a10bdceae,morgan.garcia.3098@example.com,Morgan,Garcia,subscribed,2026-06-20T09:59:27.000Z
kprof_eb2f7a5f9a11665c5aa1,cust_0206e1452445323b31d7,iris.brown.4844@example.com,Iris,Brown,subscribed,2026-06-20T10:09:48.000Z
kprof_9ebceb168bce641de7e6,cust_f38fc019c3f7a6f2bf80,jordan.anderson.9044@example.com,Jordan,Anderson,subscribed,2026-06-20T10:14:45.000Z
kprof_97639d0a0894665a6743,,miles.nguyen.7982@example.com,Miles,Nguyen,subscribed,2026-06-20T10:34:09.000Z
kprof_6fa61b6d2ab0da1079f1,,iris.wright.5576@example.com,Iris,Wright,subscribed,2026-06-20T10:53:02.000Z
kprof_3ae8654278100fce620d,cust_ea8f4c1aa51c521cebdc,riley.anderson.2717@example.com,Riley,Anderson,subscribed,2026-06-20T11:23:41.000Z
kprof_f974dd0fa930cdea220f,cust_1297f5accd8529d571ca,iris.smith.5356@example.com,Iris,Smith,subscribed,2026-06-20T11:39:48.000Z
kprof_a0bb8b89fcf21622fba6,cust_832c748c3ca488f57a2f,jamie.smith.2942@example.com,Jamie,Smith,subscribed,2026-06-20T12:05:04.000Z
kprof_a781d284c30ad68cc249,cust_bcb8eec0f2962c6d38e8,alex.walker.1096@example.com,Alex,Walker,subscribed,2026-06-20T14:19:22.000Z
kprof_d0c1ff99203816089705,cust_4299de93d5c6aab4c237,noah.kim.2498@example.com,Noah,Kim,subscribed,2026-06-20T18:23:39.000Z
kprof_bdd4a82e6ef384eed496,cust_99ac80590eff8593f281,drew.johnson.2109@example.com,Drew,Johnson,subscribed,2026-06-20T21:27:46.000Z
kprof_919331dfaf4cf4c2fda8,,priya.johnson.2507@example.com,Priya,Johnson,subscribed,2026-06-20T21:40:47.000Z
kprof_5cd6c82d8396d60b021c,cust_cbafd4ac43463199a2c5,avery.walker.6208@example.com,Avery,Walker,subscribed,2026-06-20T22:52:42.000Z
kprof_47d0191c4dea0fecfc6c,,evan.wilson.3898@example.com,Evan,Wilson,subscribed,2026-06-20T22:54:09.000Z
kprof_a5d59f4dc8aea6e90ec1,cust_32ee45985255d1a22bc9,jordan.lewis.8204@example.com,Jordan,Lewis,subscribed,2026-06-20T23:15:34.000Z
kprof_18bb7bc43093df675a7c,cust_17fee0c66e3b9f101c90,drew.young.8742@example.com,Drew,Young,subscribed,2026-06-21T06:58:31.000Z
kprof_b615a9689fbba274fc95,,casey.garcia.5881@example.com,Casey,Garcia,subscribed,2026-06-21T06:59:40.000Z
kprof_60c71388fe88d3d61b41,cust_5649ed27ddf856f20049,jordan.wilson.2638@example.com,Jordan,Wilson,subscribed,2026-06-21T08:36:40.000Z
kprof_e72b6ca8521c8019c2d6,cust_46c55e70a21bd3b97520,jamie.patel.3415@example.com,Jamie,Patel,subscribed,2026-06-21T08:38:52.000Z
kprof_30ad75d1ce9c6931e13f,cust_efdb7654837ce65b8a87,avery.anderson.351@example.com,Avery,Anderson,subscribed,2026-06-21T11:31:58.000Z
kprof_a18c699667d0b5c01f7b,cust_e6ffea721253cf808634,cameron.allen.5039@example.com,Cameron,Allen,subscribed,2026-06-21T11:49:39.000Z
kprof_6de29f852f713b1687a7,cust_97a6a1b64911e544ef33,alex.brown.1438@example.com,Alex,Brown,subscribed,2026-06-21T12:02:53.000Z
kprof_29219b8952df4052beed,,priya.anderson.549@example.com,Priya,Anderson,subscribed,2026-06-21T12:49:09.000Z
kprof_ca9b4ab1f1be8e08df24,cust_d66486e9994cbb489bd0,avery.miller.6417@example.com,Avery,Miller,subscribed,2026-06-21T12:58:56.000Z
kprof_d90b26a24470678b3990,,maya.patel.5999@example.com,Maya,Patel,subscribed,2026-06-21T14:00:48.000Z
kprof_fa71ab85f34c46d9274f,cust_e88d6ada5b13d959e05e,priya.patel.7604@example.com,Priya,Patel,subscribed,2026-06-21T14:02:47.000Z
kprof_97e2f89eec477abbec05,cust_745d671738e82bcb2b30,casey.lewis.709@example.com,Casey,Lewis,subscribed,2026-06-21T14:27:44.000Z
kprof_f20405b6e9536f914e16,cust_6174df20146a5d4c8609,maya.davis.2966@example.com,Maya,Davis,subscribed,2026-06-21T15:31:19.000Z
kprof_6632841e162c864ec590,cust_a4dec1ac54afc03acaa5,jordan.nguyen.3740@example.com,Jordan,Nguyen,subscribed,2026-06-21T15:51:08.000Z
kprof_0d2166b6442a1062c656,cust_056f6bbbf207d3927c63,evan.martinez.2022@example.com,Evan,Martinez,subscribed,2026-06-21T16:12:08.000Z
kprof_99708f752b7b09e49dd9,cust_c29d26175cc7747b30c2,drew.hall.2981@example.com,Drew,Hall,subscribed,2026-06-21T16:56:21.000Z
kprof_7355e5710223b5fea65e,cust_39bfb6b476b12a1dce45,jordan.patel.2868@example.com,Jordan,Patel,subscribed,2026-06-21T18:17:50.000Z
kprof_eea79ebd0f580c693c05,cust_c02456e69faaebb00e8d,cameron.hall.392@example.com,Cameron,Hall,subscribed,2026-06-21T18:53:32.000Z
kprof_deeadd3a9845dbf68bf6,cust_6d5dbee16e5570f9250f,avery.clark.5534@example.com,Avery,Clark,subscribed,2026-06-21T20:34:13.000Z
kprof_11dd22c132886c28a577,cust_0130d0d237a4f54a6ae3,riley.johnson.2754@example.com,Riley,Johnson,subscribed,2026-06-21T20:49:16.000Z
kprof_77e517bcb155864226f5,cust_870e285f9716be2ff1d3,avery.smith.7812@example.com,Avery,Smith,subscribed,2026-06-21T21:26:27.000Z
kprof_b806c75cd6f11c977e33,cust_8dee45b298b7f5418f8e,iris.hall.7378@example.com,Iris,Hall,subscribed,2026-06-21T23:11:02.000Z
kprof_d078ed08056cd1b9583d,cust_66557cb45074991a8c16,taylor.brown.4951@example.com,Taylor,Brown,subscribed,2026-06-21T23:18:35.000Z
kprof_8240ab8997d12daf55e5,cust_f496c7ac6a7a00dc3bf1,evan.hall.6692@example.com,Evan,Hall,subscribed,2026-06-21T23:33:28.000Z
kprof_c3c885821a81349d567f,cust_506e6fbff61ad629958c,taylor.smith.6048@example.com,Taylor,Smith,subscribed,2026-06-22T06:28:37.000Z
kprof_bce777715d1d36f73c00,cust_257892a6b9b64ca91cad,avery.hall.3866@example.com,Avery,Hall,subscribed,2026-06-22T06:38:32.000Z
kprof_bfd4aee5cf2f099f5531,cust_1d466fb27e7a67f2698d,priya.garcia.565@example.com,Priya,Garcia,subscribed,2026-06-22T06:52:55.000Z
kprof_ae8eb1509f91051ab95b,cust_790c93a888929a21d273,noah.lewis.7976@example.com,Noah,Lewis,subscribed,2026-06-22T08:07:05.000Z
kprof_a758b97206df9954fb16,cust_aa8176f43d0998c8ca4e,evan.martinez.8147@example.com,Evan,Martinez,subscribed,2026-06-22T10:44:48.000Z
kprof_107117cafd10c94b2281,cust_6baa9ca41c6f78fb1b3a,evan.wilson.2366@example.com,Evan,Wilson,subscribed,2026-06-22T11:06:14.000Z
kprof_01f1035580fa177baaf0,cust_b57f5f5ae9fde8096239,lena.brown.7990@example.com,Lena,Brown,subscribed,2026-06-22T11:19:43.000Z
kprof_1fb63432d743310a17be,,nora.smith.1903@example.com,Nora,Smith,subscribed,2026-06-22T12:03:38.000Z
kprof_0b09a1c5b3148a5c93cb,cust_eb7276bbeb5653f9821b,morgan.patel.9083@example.com,Morgan,Patel,subscribed,2026-06-22T14:46:16.000Z
kprof_bbf0c8102f4b28457fc5,,miles.lee.306@example.com,Miles,Lee,subscribed,2026-06-22T15:43:55.000Z
kprof_b5bdba3366f3ecd12bd2,,casey.allen.8194@example.com,Casey,Allen,subscribed,2026-06-22T19:06:54.000Z
kprof_0c3c8993a2fe4b5ceb22,cust_ec78b15936ead3155ca0,evan.allen.5173@example.com,Evan,Allen,subscribed,2026-06-22T21:48:32.000Z
kprof_afe7c1668916b4d5e47d,cust_ade484d0cd7e91417573,lena.davis.8906@example.com,Lena,Davis,subscribed,2026-06-22T21:51:43.000Z
kprof_785859600ff246197751,cust_18a719e32d8f9752a9d1,avery.smith.902@example.com,Avery,Smith,subscribed,2026-06-22T22:36:36.000Z
kprof_4ca690c7dea435fae7ac,cust_420d45ba80312b550610,alex.wright.6219@example.com,Alex,Wright,subscribed,2026-06-22T23:41:51.000Z
kprof_20368fc22746c450d55c,,evan.anderson.847@example.com,Evan,Anderson,subscribed,2026-06-23T07:01:53.000Z
kprof_c5036ad1ea74d4ff6d38,cust_4d327a275afd37cd586c,cameron.miller.694@example.com,Cameron,Miller,subscribed,2026-06-23T08:05:01.000Z
kprof_a4376ffd74d2fb7ee68d,cust_bb29044bb62e3b293699,jamie.allen.9067@example.com,Jamie,Allen,subscribed,2026-06-23T08:36:19.000Z
kprof_dc12e50d4ac8ccdd8431,,jordan.martinez.8995@example.com,Jordan,Martinez,subscribed,2026-06-23T09:07:03.000Z
kprof_8d89ace85c02e49243b7,cust_2427b421fccc409a1bc5,maya.patel.8829@example.com,Maya,Patel,subscribed,2026-06-23T09:19:49.000Z
kprof_a25ebe44a5df4cc92251,cust_1e039c7f75bc54a635de,maya.hall.2061@example.com,Maya,Hall,subscribed,2026-06-23T09:34:37.000Z
kprof_33188c370f015ded798e,cust_c3bdecd51a55638f4593,noah.johnson.3002@example.com,Noah,Johnson,subscribed,2026-06-23T11:16:26.000Z
kprof_83266988517db6637265,cust_47f796e916e29cbcfc71,morgan.anderson.1921@example.com,Morgan,Anderson,subscribed,2026-06-23T13:19:39.000Z
kprof_2072c33fceceefb993be,cust_e9105a390f8534b7bdff,sofia.martinez.6045@example.com,Sofia,Martinez,subscribed,2026-06-23T15:38:52.000Z
kprof_131d5680e55725d59126,,taylor.anderson.7732@example.com,Taylor,Anderson,subscribed,2026-06-23T15:44:15.000Z
kprof_f9a846dfb0fcecc58e57,,avery.davis.8124@example.com,Avery,Davis,subscribed,2026-06-23T15:45:42.000Z
kprof_680aefe2e6573d06a43e,cust_199cd506d39158ce3aff,miles.wright.7207@example.com,Miles,Wright,subscribed,2026-06-23T16:24:03.000Z
kprof_f437b15a41135d1758bd,cust_e181fd2e13bb0d4bc5c6,jordan.anderson.4169@example.com,Jordan,Anderson,subscribed,2026-06-23T16:45:00.000Z
kprof_6deb9d2418a5c9249349,cust_3e2589b4e57a26ece8b7,priya.wilson.8129@example.com,Priya,Wilson,subscribed,2026-06-23T16:57:54.000Z
kprof_0fffaeb8c8b22329b3a2,cust_0553970c4ef899ec16e3,riley.nguyen.3560@example.com,Riley,Nguyen,subscribed,2026-06-23T17:22:30.000Z
kprof_df571fa6eee23b93a0b4,cust_e0dc24d2853e106a630f,jamie.walker.4474@example.com,Jamie,Walker,subscribed,2026-06-23T20:13:44.000Z
kprof_047426e5fdb2798dd5d5,,casey.davis.7599@example.com,Casey,Davis,subscribed,2026-06-23T20:40:24.000Z
kprof_818ef21a524b8ab13179,cust_6159b75e800431cbcec9,jordan.anderson.7353@example.com,Jordan,Anderson,subscribed,2026-06-23T22:26:27.000Z
kprof_bbb2a33a92cd8ff56f88,cust_ef8da44da0e7949aec07,miles.nguyen.6933@example.com,Miles,Nguyen,subscribed,2026-06-23T23:06:38.000Z
kprof_aac41c6c163ea428de43,cust_4411f61335b782bacf54,morgan.anderson.5676@example.com,Morgan,Anderson,subscribed,2026-06-23T23:15:04.000Z
kprof_a0aef77887b2901a40c3,cust_70b8e79860258ca7d6f3,morgan.kim.8932@example.com,Morgan,Kim,subscribed,2026-06-24T06:16:19.000Z
kprof_03c6e1d2c5c653a9a7ad,cust_8acca70573f9e0e5d608,noah.martinez.7764@example.com,Noah,Martinez,subscribed,2026-06-24T11:38:13.000Z
kprof_fbec72b243ae4b547852,cust_4023d84132b83ada7bca,sofia.nguyen.8226@example.com,Sofia,Nguyen,subscribed,2026-06-24T12:58:19.000Z
kprof_ad8157a87686763fb491,cust_7999274a49a0cf557dd7,sofia.anderson.4807@example.com,Sofia,Anderson,subscribed,2026-06-24T16:09:28.000Z
kprof_c3d9d274dfc06f206fef,cust_4fedfdf9600d6e503897,evan.davis.8574@example.com,Evan,Davis,subscribed,2026-06-24T16:46:10.000Z
kprof_57590eb637f1a7831d46,cust_a5e20b82cb647f1eefbd,lena.garcia.6834@example.com,Lena,Garcia,subscribed,2026-06-24T17:25:13.000Z
kprof_bdd5d97d55e9d07f426d,,noah.anderson.8444@example.com,Noah,Anderson,subscribed,2026-06-24T18:03:44.000Z
kprof_625389e5a9952d217185,cust_679e79204424434fd54b,casey.lewis.5830@example.com,Casey,Lewis,subscribed,2026-06-24T18:03:52.000Z
kprof_f13678a82a349b746735,cust_3e2fdc499a553881d087,riley.patel.133@example.com,Riley,Patel,subscribed,2026-06-24T19:09:03.000Z
kprof_81241497fe0b94c8127d,cust_aa8cbe35791fc9ea7819,morgan.kim.4753@example.com,Morgan,Kim,subscribed,2026-06-24T20:10:54.000Z
kprof_cad40dc188c989d337b5,cust_555377c422f51a68ad0c,casey.walker.3750@example.com,Casey,Walker,subscribed,2026-06-24T20:42:32.000Z
kprof_329f563dc238193597d4,cust_f88ea1057288cb82a334,sofia.davis.2911@example.com,Sofia,Davis,subscribed,2026-06-24T22:26:23.000Z
kprof_22f6195cd38e6f398f43,cust_3a08abe6095354f25739,morgan.patel.7378@example.com,Morgan,Patel,subscribed,2026-06-24T23:03:44.000Z
kprof_ddde3067067fc6deb8cd,cust_e2c466de3d5bf40a0163,nora.young.9831@example.com,Nora,Young,subscribed,2026-06-24T23:04:31.000Z
kprof_ca64f20f4f307fc7873c,,maya.walker.9823@example.com,Maya,Walker,subscribed,2026-06-25T08:08:20.000Z
kprof_486aa9ca34f7fe7108a1,cust_2c4368e6a06c12072aeb,evan.nguyen.4917@example.com,Evan,Nguyen,subscribed,2026-06-25T08:58:33.000Z
kprof_17dcf869f354fb9aaf30,cust_f3b0db76326983a43544,sofia.kim.9822@example.com,Sofia,Kim,subscribed,2026-06-25T09:26:09.000Z
kprof_1bf165cc9249baedcffb,,alex.anderson.5422@example.com,Alex,Anderson,subscribed,2026-06-25T10:34:25.000Z
kprof_d25896b196e7cdec837d,cust_96395836a0402fee6c27,drew.nguyen.4371@example.com,Drew,Nguyen,subscribed,2026-06-25T10:48:25.000Z
kprof_773c2a2d8b7001efa8a6,cust_d62efba05e148ea2f9b0,drew.walker.5637@example.com,Drew,Walker,subscribed,2026-06-25T11:25:30.000Z
kprof_82f8bdd77e999ba733f3,,theo.martinez.5229@example.com,Theo,Martinez,subscribed,2026-06-25T11:52:36.000Z
kprof_92e1d385a8865093461a,cust_dde229eaab34e8b900af,avery.kim.4357@example.com,Avery,Kim,subscribed,2026-06-25T12:58:10.000Z
kprof_8ff644316a1909f8fd45,cust_9556a94ed9d98d424694,miles.lewis.2261@example.com,Miles,Lewis,subscribed,2026-06-25T15:21:04.000Z
kprof_a935a8b0d8c4801b0238,,noah.brown.5824@example.com,Noah,Brown,subscribed,2026-06-25T15:43:19.000Z
kprof_51e965d9843d06f16f93,cust_1e8d199654a52aa7b0a1,taylor.young.4470@example.com,Taylor,Young,subscribed,2026-06-25T15:48:09.000Z
kprof_6a193c631a5e77e8f794,,drew.martinez.2852@example.com,Drew,Martinez,subscribed,2026-06-25T16:50:25.000Z
kprof_d8bff6824c4c863158f1,cust_008c6eaaac1c7e1dcede,noah.walker.8894@example.com,Noah,Walker,subscribed,2026-06-25T17:05:18.000Z
kprof_43232aac5c3bd5b5626f,,alex.johnson.2876@example.com,Alex,Johnson,subscribed,2026-06-25T17:55:32.000Z
kprof_8084fd7eed2656b2715e,cust_7e2994ca5c7924c9899e,lena.kim.7268@example.com,Lena,Kim,subscribed,2026-06-25T18:21:29.000Z
kprof_21f38c4e10377e828218,cust_e68cf89b04ca2668c1f6,avery.martinez.2297@example.com,Avery,Martinez,subscribed,2026-06-25T19:34:50.000Z
kprof_dad280f6428052eba993,cust_ddbdae6ea0f007beed08,riley.clark.558@example.com,Riley,Clark,subscribed,2026-06-25T21:01:46.000Z
kprof_bc2b648193a8e5ab55f0,cust_d42c6e396e78e3a013be,lena.wilson.2652@example.com,Lena,Wilson,subscribed,2026-06-25T21:11:36.000Z
kprof_e68d398abfcdab812876,cust_45cdbc246334dc96fb42,sofia.martinez.6647@example.com,Sofia,Martinez,subscribed,2026-06-25T22:22:57.000Z
kprof_9ac380b2be50767a4319,cust_6cadee334e3f3d05b618,noah.kim.4501@example.com,Noah,Kim,subscribed,2026-06-26T07:49:01.000Z
kprof_46058e313c46e606da22,cust_62ec171f682e30ab32f7,jamie.martinez.3234@example.com,Jamie,Martinez,subscribed,2026-06-26T08:28:06.000Z
kprof_0c8b5d9b94c1ceb7b1ba,,noah.johnson.8413@example.com,Noah,Johnson,subscribed,2026-06-26T08:48:37.000Z
kprof_014eef7b6b7323fc3fa7,cust_63dfb316c2234f5d532b,evan.garcia.6526@example.com,Evan,Garcia,subscribed,2026-06-26T09:06:06.000Z
kprof_6cefed626a5e91ef7f9b,cust_bc86827afec01fbe9840,morgan.smith.170@example.com,Morgan,Smith,subscribed,2026-06-26T09:07:19.000Z
kprof_9d4d35876bbe52b367eb,cust_7cfcac935ec975e92158,taylor.young.4184@example.com,Taylor,Young,subscribed,2026-06-26T11:50:21.000Z
kprof_10afcb18fecdf912f311,cust_c4caf16aba067794c40d,noah.kim.3241@example.com,Noah,Kim,subscribed,2026-06-26T11:55:47.000Z
kprof_fc580691c50095f78a1a,cust_5a9acdf404046f494993,iris.lee.3542@example.com,Iris,Lee,subscribed,2026-06-26T12:21:06.000Z
kprof_db2d00940a13977f2496,,nora.martinez.6779@example.com,Nora,Martinez,subscribed,2026-06-26T12:49:10.000Z
kprof_4b631691b6c658cae32c,cust_3be40d1207e45e6b54a4,lena.davis.1464@example.com,Lena,Davis,subscribed,2026-06-26T13:32:44.000Z
kprof_25328f58d52a67859c2e,cust_6f42c1df1e9bf493fe7a,alex.lewis.1940@example.com,Alex,Lewis,subscribed,2026-06-26T14:28:31.000Z
kprof_337db9bc8751f374cad9,,theo.smith.4141@example.com,Theo,Smith,subscribed,2026-06-26T14:48:10.000Z
kprof_6b65a9ae46810e2a3de5,cust_67942a6f632cb1f7b83a,alex.lee.9674@example.com,Alex,Lee,subscribed,2026-06-26T15:09:16.000Z
kprof_fb5b954ff62bc159367e,cust_2a46feff408f51f4daef,cameron.wright.770@example.com,Cameron,Wright,subscribed,2026-06-26T15:52:11.000Z
kprof_818d193ccfca4c3512d4,cust_2218e8a3398a98798847,evan.clark.8200@example.com,Evan,Clark,subscribed,2026-06-26T17:18:20.000Z
kprof_2af33e53df5e68045f7d,cust_6e821fa72e51043749db,cameron.nguyen.2654@example.com,Cameron,Nguyen,subscribed,2026-06-26T17:40:07.000Z
kprof_a3c9b0d3338513e8897d,,cameron.smith.3272@example.com,Cameron,Smith,subscribed,2026-06-26T18:03:33.000Z
kprof_6c908fc641d6c6d2362e,cust_dc82a246c3e4e0017052,lena.davis.8201@example.com,Lena,Davis,subscribed,2026-06-26T20:02:02.000Z
kprof_da314e17edf1504a8be4,cust_d42a194910d82503c9c1,nora.allen.2441@example.com,Nora,Allen,subscribed,2026-06-26T22:41:11.000Z
kprof_aa888b1d41ac31ccdbfd,cust_46a99723782551881534,cameron.wright.3747@example.com,Cameron,Wright,subscribed,2026-06-26T23:22:40.000Z
kprof_a44840426649bc8b3c39,cust_f606308b22d5a76816de,evan.miller.5042@example.com,Evan,Miller,subscribed,2026-06-26T23:46:49.000Z
kprof_90580dafdf2a90cdf11a,cust_94a374127e9236809a3a,noah.lewis.8456@example.com,Noah,Lewis,subscribed,2026-06-27T06:50:06.000Z
kprof_9c1e27fa3c88442a072d,cust_b04976343a3012d16e0d,iris.martinez.4146@example.com,Iris,Martinez,subscribed,2026-06-27T07:36:48.000Z
kprof_3608468da6259d6e9040,cust_f5daf15f9e773ccaed60,priya.smith.5981@example.com,Priya,Smith,subscribed,2026-06-27T08:27:12.000Z
kprof_4d72ac1a9f148a974cd4,,priya.johnson.7303@example.com,Priya,Johnson,subscribed,2026-06-27T09:50:05.000Z
kprof_6737fdd38d8ef5011127,cust_22a43e267f7ddc62d543,riley.clark.6464@example.com,Riley,Clark,subscribed,2026-06-27T12:46:47.000Z
kprof_48a9fd20522e7e8c6835,cust_4eb4231b25a69726657a,priya.patel.8279@example.com,Priya,Patel,subscribed,2026-06-27T13:29:37.000Z
kprof_a23ebf15a4bc3dbbc3f6,cust_98165564a8d530ef6b51,avery.wilson.9749@example.com,Avery,Wilson,subscribed,2026-06-27T15:29:26.000Z
kprof_7512567c7b524bc92476,,morgan.nguyen.7371@example.com,Morgan,Nguyen,subscribed,2026-06-27T16:05:44.000Z
kprof_231de5b588ecef97fdb0,cust_b84ea1f04f9b1e22a218,jamie.davis.7819@example.com,Jamie,Davis,subscribed,2026-06-27T16:31:28.000Z
kprof_59941e3266576d8fe1a2,cust_b39d4e6b3ffcd880ca8d,iris.kim.172@example.com,Iris,Kim,subscribed,2026-06-27T16:53:00.000Z
kprof_ab316912d4c921812564,cust_ee5c8bbf11327b6c795c,theo.nguyen.7317@example.com,Theo,Nguyen,subscribed,2026-06-27T17:07:55.000Z
kprof_167c5b254c36dfbcb3cf,cust_9759cfd8dbfdac999f75,drew.martinez.978@example.com,Drew,Martinez,subscribed,2026-06-27T18:24:02.000Z
kprof_51338bac4b74d00a12db,cust_49093c16b49d320c4d7e,cameron.anderson.6119@example.com,Cameron,Anderson,subscribed,2026-06-27T19:33:54.000Z
kprof_d00b2dbc79971d45cdeb,,sofia.young.3833@example.com,Sofia,Young,subscribed,2026-06-27T19:50:48.000Z
kprof_0c0dbc9c9a94ee8beba1,,miles.martinez.723@example.com,Miles,Martinez,subscribed,2026-06-27T20:26:55.000Z
kprof_3822e7e74dfe4b97a5b6,cust_a82b95dbaf86c4fb6df7,alex.davis.4634@example.com,Alex,Davis,subscribed,2026-06-27T21:37:48.000Z
kprof_13a8a5ca96c044f2872b,cust_58c778d5e1d84ce5d3b0,riley.patel.1945@example.com,Riley,Patel,subscribed,2026-06-27T22:43:34.000Z
kprof_0e2f08d1c265c9d49c2c,cust_45a80d3be1d269e207b8,taylor.allen.8276@example.com,Taylor,Allen,subscribed,2026-06-27T23:53:48.000Z
kprof_1de50f4a28bdf0ae52af,cust_1dc2cd6a39fcfd6c001b,drew.davis.1848@example.com,Drew,Davis,subscribed,2026-06-28T06:25:13.000Z
kprof_bc58dfc79965f7169e13,,miles.nguyen.1117@example.com,Miles,Nguyen,subscribed,2026-06-28T06:51:45.000Z
kprof_fe0e21f496a8578a3543,cust_499d661ce54ad97f1fd0,drew.wilson.6377@example.com,Drew,Wilson,subscribed,2026-06-28T07:12:45.000Z
kprof_950d54157718e2dc8cef,cust_92e9be1658842374510c,casey.nguyen.4393@example.com,Casey,Nguyen,subscribed,2026-06-28T10:18:32.000Z
kprof_143855d0b71f4f794f6e,cust_0d577f06fa425835ab76,cameron.hall.6451@example.com,Cameron,Hall,subscribed,2026-06-28T10:27:26.000Z
kprof_2397e9480802f70ffa2d,cust_329fee885e7f50236dd4,jamie.smith.9366@example.com,Jamie,Smith,subscribed,2026-06-28T10:37:31.000Z
kprof_d19b533690500cbab642,cust_755e4503ae626effcedc,taylor.walker.2224@example.com,Taylor,Walker,subscribed,2026-06-28T11:46:02.000Z
kprof_1fe1e3030fa8896916b9,cust_11c775eb5debed716b32,taylor.garcia.575@example.com,Taylor,Garcia,subscribed,2026-06-28T12:39:56.000Z
kprof_635c8cecd07fca8556fe,cust_c9396fa123b25af318ed,alex.wilson.8762@example.com,Alex,Wilson,subscribed,2026-06-28T13:26:19.000Z
kprof_b50d3ae091ff2dc43dc7,,priya.wilson.5569@example.com,Priya,Wilson,subscribed,2026-06-28T13:56:40.000Z
kprof_cfad32183a5fca026712,,evan.nguyen.9085@example.com,Evan,Nguyen,subscribed,2026-06-28T14:13:29.000Z
kprof_361dc9a74eacb89a12e1,,riley.hall.5644@example.com,Riley,Hall,subscribed,2026-06-28T14:27:07.000Z
kprof_031d7e57c32040b72fd5,cust_355e072b118ccbd1cb4d,maya.johnson.9440@example.com,Maya,Johnson,subscribed,2026-06-28T14:45:42.000Z
kprof_bda501721ac9f5f7f2d9,cust_54c52873c244e22dad5a,priya.wright.3848@example.com,Priya,Wright,subscribed,2026-06-28T15:39:44.000Z
kprof_f6e641a277a717267839,cust_2a974f87c3b814cd6b5c,drew.clark.6757@example.com,Drew,Clark,subscribed,2026-06-28T15:52:10.000Z
kprof_4d2cf343a6fe48d9f1e9,cust_3374dc4c61e5dce3b9ce,priya.johnson.8705@example.com,Priya,Johnson,subscribed,2026-06-28T17:30:59.000Z
kprof_feea6c390f94810bea31,cust_60318e73855bec9c7a40,jamie.lee.3207@example.com,Jamie,Lee,subscribed,2026-06-28T19:19:10.000Z
kprof_69abed87add4de445cf3,cust_117cf3efaef598788abf,drew.kim.6851@example.com,Drew,Kim,subscribed,2026-06-28T20:35:45.000Z
kprof_7ceba505bafb6cd26bc1,cust_fdd7f8197ccbd35d04dd,priya.wright.5377@example.com,Priya,Wright,subscribed,2026-06-28T21:25:44.000Z
kprof_5639f72875b44fd41e99,cust_06b0072a43e387c25cb5,cameron.garcia.9225@example.com,Cameron,Garcia,subscribed,2026-06-28T23:15:19.000Z
kprof_68b6b10e99eda532af30,cust_666a8ae8b107b86a41ea,taylor.kim.3703@example.com,Taylor,Kim,subscribed,2026-06-29T06:35:57.000Z
kprof_17e4d6f7114329a51d9d,cust_9d2242e20fa78ede15ed,noah.allen.1716@example.com,Noah,Allen,subscribed,2026-06-29T06:42:15.000Z
kprof_ee217b34a3f53ff0d79f,cust_4e00da954ee8d5c97579,jordan.young.120@example.com,Jordan,Young,subscribed,2026-06-29T06:55:06.000Z
kprof_37544b8d7de0cf7695e6,,sofia.hall.1497@example.com,Sofia,Hall,subscribed,2026-06-29T07:05:42.000Z
kprof_5abf96bf5e85a58453a3,cust_c4f715545e9affc1f46e,iris.lee.6143@example.com,Iris,Lee,subscribed,2026-06-29T07:42:22.000Z
kprof_d855422a881ab4552f19,cust_429aec6a81e5a79f47cf,iris.patel.7999@example.com,Iris,Patel,subscribed,2026-06-29T08:50:06.000Z
kprof_7e3e64e74646d4d94e1b,cust_c69da5b2845cd15c47d2,morgan.davis.4906@example.com,Morgan,Davis,subscribed,2026-06-29T09:15:05.000Z
kprof_f8a8d5192fd1a94ef5b9,cust_0526d0d6241d45d0ddb3,iris.young.6032@example.com,Iris,Young,subscribed,2026-06-29T10:19:07.000Z
kprof_af264c92e08083873d2d,cust_491556ddad87e3592905,nora.wright.986@example.com,Nora,Wright,subscribed,2026-06-29T13:19:16.000Z
kprof_b88577295502bde21da0,,sofia.clark.2930@example.com,Sofia,Clark,subscribed,2026-06-29T13:51:50.000Z
kprof_41349ced841e0884e107,,jordan.garcia.7513@example.com,Jordan,Garcia,subscribed,2026-06-29T15:35:01.000Z
kprof_c36d3747df0bfc092d47,cust_a78d3b4d04d81b71e39b,casey.smith.8338@example.com,Casey,Smith,subscribed,2026-06-29T16:31:20.000Z
kprof_f4d147cb2b91f168fc83,cust_baf0e6424407e9a1c1ff,jordan.wilson.1114@example.com,Jordan,Wilson,subscribed,2026-06-29T16:46:20.000Z
kprof_27341139a89ade06f87c,,theo.miller.9473@example.com,Theo,Miller,subscribed,2026-06-29T17:45:29.000Z
kprof_df67a66ca5be5eca3767,cust_de3c28704ce02d0f6af9,drew.hall.2845@example.com,Drew,Hall,subscribed,2026-06-29T19:02:55.000Z
kprof_820cb19a87e04006191e,,morgan.miller.1630@example.com,Morgan,Miller,subscribed,2026-06-29T20:08:41.000Z
kprof_25053ccfb1b7242d4690,cust_6a09d0105e6b78440842,riley.anderson.4746@example.com,Riley,Anderson,subscribed,2026-06-29T20:52:08.000Z
kprof_687ad5509004f8f9a7e9,cust_af3bedc20afc93b2e878,taylor.nguyen.3041@example.com,Taylor,Nguyen,subscribed,2026-06-29T21:01:21.000Z
kprof_9132b5e3d39d9a78f493,cust_de224b4def9994252c4b,cameron.lee.4221@example.com,Cameron,Lee,subscribed,2026-06-29T23:21:14.000Z
kprof_ce96fcafbec23f6573b6,cust_f4a89153ba1f019cb571,avery.young.8315@example.com,Avery,Young,subscribed,2026-06-30T06:04:11.000Z
kprof_22614b31c5f6991c13f3,cust_65ca14a05cc2d2f9e772,morgan.lewis.5709@example.com,Morgan,Lewis,subscribed,2026-06-30T06:14:09.000Z
kprof_67589d7efcd5f03d41d8,cust_5baf5dc00cc23675b593,drew.brown.1352@example.com,Drew,Brown,subscribed,2026-06-30T08:15:16.000Z
kprof_04386bcbb94451171086,cust_d4b52912e70004c36bec,alex.clark.2282@example.com,Alex,Clark,subscribed,2026-06-30T09:40:26.000Z
kprof_62da1fb024e641851cd2,cust_041494b6c5e4d49ec42e,noah.allen.7127@example.com,Noah,Allen,subscribed,2026-06-30T12:31:16.000Z
kprof_1fb11aec008f47ffd1fe,,priya.walker.3773@example.com,Priya,Walker,subscribed,2026-06-30T12:57:49.000Z
kprof_17a8295c89a432bb01f9,cust_574e0f7fc8f3c7a97acb,casey.walker.150@example.com,Casey,Walker,subscribed,2026-06-30T13:03:03.000Z
kprof_dc4e26ebc39596e82b31,cust_b54e8d84067383357821,iris.martinez.2927@example.com,Iris,Martinez,subscribed,2026-06-30T13:36:42.000Z
kprof_9c379be6afec7d027750,cust_4fcfc4b6fbd69a298ad6,jordan.lee.6199@example.com,Jordan,Lee,subscribed,2026-06-30T13:49:08.000Z
kprof_f8db4c211dcd72782497,cust_911ba94748c11839c0bc,alex.clark.2212@example.com,Alex,Clark,subscribed,2026-06-30T13:57:12.000Z
kprof_ddf134b529c3c2940be8,cust_d2947b0322d4297fb048,drew.wilson.5447@example.com,Drew,Wilson,subscribed,2026-06-30T15:20:03.000Z
kprof_7ec93b4fe8185b9446c1,cust_b2902c1b6d856b589b9d,jamie.young.759@example.com,Jamie,Young,subscribed,2026-06-30T16:02:24.000Z
kprof_db5bd04155d9dd6a12ee,cust_a14dea184ab008be42d5,taylor.smith.1052@example.com,Taylor,Smith,subscribed,2026-06-30T19:08:25.000Z
kprof_89a92b724701d9cbe0c2,cust_3e0a91f12debf19be703,avery.wright.7862@example.com,Avery,Wright,subscribed,2026-06-30T19:15:51.000Z
kprof_d516e41a643c854f3d80,,sofia.walker.5166@example.com,Sofia,Walker,subscribed,2026-06-30T20:02:17.000Z
kprof_d7485b6c08ae9d3709fc,cust_2425a8d5376ae8115076,priya.johnson.5383@example.com,Priya,Johnson,subscribed,2026-06-30T21:54:13.000Z
kprof_026ffd386c716c549b2e,cust_36194b70653bfba110ca,taylor.young.8049@example.com,Taylor,Young,subscribed,2026-06-30T22:11:41.000Z
