id,product_id,product_variant_id,customer_id,rating,review_text,sentiment,fit_feedback,reviewed_at
rev_08c1de76d1cd289861db,prod_2efa0aed0d6e67ecae58,var_c1d92c21012faefae3f8,cust_b53babc7d1a2435f5c82,2,Loved the fabric and bought a second color.,positive,true_to_size,2026-01-07T12:55:16.000Z
rev_73c1449eb6569282b783,prod_d87cfc68d1aef053d198,var_7867058976a19bca1d0d,cust_c7387dea0c59338a0035,3,"Lightweight feel, but I would size up next time.",positive,true_to_size,2026-01-13T23:19:26.000Z
rev_05afe52bf26b93d91f55,prod_d43b2cf8fa29d7ae9b37,var_aa050b328bd26312a85e,cust_97f12f77fd6d57066f85,5,Comfortable on long runs and held up well after washing.,neutral,true_to_size,2026-01-15T07:30:09.000Z
rev_a6e79a2cc70dc6799358,prod_ee93d55d30addeff6954,var_a0efe0997b6073b5e9d5,cust_ad354e967cd48965cb87,5,Comfortable on long runs and held up well after washing.,neutral,true_to_size,2026-01-09T11:25:48.000Z
rev_64a9f70dc0ea436e85cb,prod_d43b2cf8fa29d7ae9b37,var_7d1ebbe12c99beb1f424,cust_6b27d2ac0e52d35bbab1,5,Comfortable on long runs and held up well after washing.,positive,runs_large,2026-01-07T10:29:57.000Z
rev_352b623a6cea8ecaede5,prod_1aac77da65d619e6240f,var_a6767a237b512235506f,cust_9b28ab6acc6d0429690f,2,Solid daily gear. Fit was true to size for me.,positive,true_to_size,2026-01-14T10:00:49.000Z
rev_46ee418aea5880ddbd0f,prod_d43b2cf8fa29d7ae9b37,var_a02a8c90a7e79350209b,cust_d38d523a306fe485d7f4,5,"Lightweight feel, but I would size up next time.",positive,true_to_size,2026-01-20T17:44:17.000Z
rev_3ffbb9656b05f76aa0cc,prod_72dfeba4701d415d317a,var_4aeb79589687b461e96f,cust_146342b7daf282ee6c93,3,Solid daily gear. Fit was true to size for me.,positive,runs_large,2026-01-06T21:26:35.000Z
rev_9e494ecdc51ce7fba736,prod_0189531a36c049171820,var_93c4efb5105239106e76,cust_32de986d1e59cd94f10a,5,"Good quality, but delivery took longer than expected.",positive,true_to_size,2026-01-15T10:13:49.000Z
rev_551e58aad7f52e6adc73,prod_4fb11ac857411bda88a4,var_63784919911926a972c2,cust_2a89b3f9a430105550f3,4,Solid daily gear. Fit was true to size for me.,positive,runs_small,2026-01-07T22:44:56.000Z
rev_0ae0fe69cf83362bd48c,prod_72dfeba4701d415d317a,var_9ae1b9494d9b24b6814d,cust_f336ad54cc31feee26ca,5,"Lightweight feel, but I would size up next time.",positive,true_to_size,2026-01-07T07:04:18.000Z
rev_c135d1a312270e4bf508,prod_4fb11ac857411bda88a4,var_acbadd53c4704809d846,cust_e10ba7a9ca0b753eb189,3,"Lightweight feel, but I would size up next time.",negative,runs_small,2026-01-11T09:06:11.000Z
rev_3dc4d8378de6e58a01f2,prod_1aac77da65d619e6240f,var_b0665991d9649a256643,cust_81b15429ca1f61c0f2c5,5,"Good quality, but delivery took longer than expected.",neutral,runs_large,2026-01-09T20:58:57.000Z
rev_8f436005c9c39c59e9d1,prod_0189531a36c049171820,var_ec38e216853971e3ca9c,cust_5cd00214a3d7776aa2ed,3,Solid daily gear. Fit was true to size for me.,positive,runs_small,2026-01-06T07:58:13.000Z
rev_69a1ed0298c9ec3386f5,prod_4fb11ac857411bda88a4,var_85a21cc286764b196eba,cust_589f8fec2ed470e6aa9b,4,Loved the fabric and bought a second color.,neutral,true_to_size,2026-01-11T13:19:12.000Z
rev_f1b75ad29775459737d4,prod_4fb11ac857411bda88a4,var_fc65fa629ab0cfab4741,cust_b092439e3482162bb1f0,5,Comfortable on long runs and held up well after washing.,positive,true_to_size,2026-01-17T13:45:52.000Z
rev_020d0e61069c7f824fe6,prod_438a44848bc196e6d975,var_2ea4bbd80d521a5e2104,cust_ecd2ea37dc9ba4b26584,5,Comfortable on long runs and held up well after washing.,positive,true_to_size,2026-01-21T16:59:18.000Z
rev_4312ad04218f6fc1a9c4,prod_d43b2cf8fa29d7ae9b37,var_f3e3682f5daf474543ab,cust_000bf4686aa35097e80f,5,Solid daily gear. Fit was true to size for me.,positive,true_to_size,2026-01-17T19:59:29.000Z
rev_2124dc9fcfe7ebb447d9,prod_ee93d55d30addeff6954,var_23eb40a02aea71235f7f,cust_d957779c3214f6de95ed,5,"Lightweight feel, but I would size up next time.",positive,true_to_size,2026-01-06T16:07:39.000Z
rev_ef647a13259ad1e1a733,prod_d43b2cf8fa29d7ae9b37,var_b35ae4d77d0efb3389d3,cust_3a2bb7af97d0f2bef5b5,4,Loved the fabric and bought a second color.,positive,true_to_size,2026-01-11T08:07:10.000Z
rev_ea4942b956a9ea77e8cf,prod_4fb11ac857411bda88a4,var_b1841532494f148dfc95,cust_1ad7998afff84345bca8,4,Loved the fabric and bought a second color.,neutral,runs_small,2026-01-19T23:41:25.000Z
rev_a90c8d1eb5899d422c0a,prod_0189531a36c049171820,var_fa3dbd5a2054f66ebda8,cust_1ad7998afff84345bca8,4,Comfortable on long runs and held up well after washing.,positive,true_to_size,2026-01-19T18:04:39.000Z
rev_c1c1d9be658f97609f29,prod_0189531a36c049171820,var_7c8a95c30a2e093e0468,cust_03f81a00b8ec62a76e94,5,"Lightweight feel, but I would size up next time.",neutral,runs_large,2026-01-10T20:01:21.000Z
rev_69b9dd2676d26fadfda8,prod_0189531a36c049171820,var_0f3bd97c57258221527f,cust_44dbb037937b86200334,5,"Good quality, but delivery took longer than expected.",positive,true_to_size,2026-01-20T19:03:50.000Z
rev_b01a63532c9f21604924,prod_438a44848bc196e6d975,var_05e312d19f2d967b02ae,cust_9b28ab6acc6d0429690f,4,"Lightweight feel, but I would size up next time.",positive,runs_small,2026-01-09T11:31:18.000Z
rev_554a79ea0768bc8f21c4,prod_ee93d55d30addeff6954,var_70fe6fd57228fdd24400,cust_51d5b47ba242225627a3,4,Comfortable on long runs and held up well after washing.,positive,true_to_size,2026-01-15T06:02:36.000Z
rev_242e808e152bba1656ce,prod_438a44848bc196e6d975,var_410af979ba0b61e8b1fa,cust_51d5b47ba242225627a3,3,Comfortable on long runs and held up well after washing.,positive,true_to_size,2026-01-17T07:58:21.000Z
rev_c228be3b447e2aae7fef,prod_72dfeba4701d415d317a,var_a4481e5f98f473cda093,cust_7cb6891c74a5e76c5c9e,5,Comfortable on long runs and held up well after washing.,positive,true_to_size,2026-01-21T21:18:34.000Z
rev_895105a8714260b5c940,prod_438a44848bc196e6d975,var_cca84c818b8d1dc7a408,cust_c000315730f827c1278d,4,Loved the fabric and bought a second color.,positive,true_to_size,2026-01-20T17:53:24.000Z
rev_8cfe12b49b7f9f810800,prod_ee93d55d30addeff6954,var_0b6ca25661b3bea06ed9,cust_589f8fec2ed470e6aa9b,5,Solid daily gear. Fit was true to size for me.,positive,true_to_size,2026-01-23T08:39:50.000Z
rev_da70b531065d08463d9e,prod_72dfeba4701d415d317a,var_be4c5e4aeb2733383b86,cust_7476b81c52a1674cb4cb,5,Solid daily gear. Fit was true to size for me.,positive,true_to_size,2026-01-16T13:31:17.000Z
rev_a7d3655a7caabea26d11,prod_0189531a36c049171820,var_65cde14be098ea1a671d,cust_be4bb82483fff1091a8b,4,Comfortable on long runs and held up well after washing.,neutral,true_to_size,2026-01-15T22:54:51.000Z
rev_3ecf6ed5be8faca47742,prod_d43b2cf8fa29d7ae9b37,var_17f58fc6b2961004e931,cust_2cfffb018b6da486c1a0,5,"Lightweight feel, but I would size up next time.",positive,runs_small,2026-01-15T20:50:43.000Z
rev_c9e34806605eb3e60023,prod_2efa0aed0d6e67ecae58,var_499d2419d323a686d2c6,cust_2cfe6c4e051db29b6272,4,Great race day option and the color looks sharp.,positive,runs_small,2026-01-13T09:53:42.000Z
rev_4c57d9edbb3876916a6b,prod_2efa0aed0d6e67ecae58,var_8031b1936b5e05c16a08,cust_1aae00d28d3a00bcea0a,5,Loved the fabric and bought a second color.,positive,true_to_size,2026-01-22T10:05:34.000Z
rev_5dab1066647a14c9d691,prod_ee93d55d30addeff6954,var_a0efe0997b6073b5e9d5,cust_314cd058ebd80d16f1e6,2,"Good quality, but delivery took longer than expected.",neutral,true_to_size,2026-01-11T18:53:50.000Z
rev_10010c8f51c78bc5d7e8,prod_ee93d55d30addeff6954,var_61a3d99f3dd57555f061,cust_607f9c04db09c5216823,4,Solid daily gear. Fit was true to size for me.,negative,true_to_size,2026-01-19T15:21:44.000Z
rev_5bbf1f2a5f3290bd06d7,prod_1aac77da65d619e6240f,var_9d2bbbb4593860eae1c2,cust_c6d7f3bf5521bfa7156a,5,Loved the fabric and bought a second color.,neutral,true_to_size,2026-01-15T17:31:48.000Z
rev_acf72ff8b4105a76972f,prod_d43b2cf8fa29d7ae9b37,var_db3c0fa83abed429ed33,cust_c000315730f827c1278d,5,Loved the fabric and bought a second color.,positive,true_to_size,2026-01-11T09:52:39.000Z
rev_57f784bf86ed0a8266bd,prod_72dfeba4701d415d317a,var_cf614c1f8ce5ad152f86,cust_1ad7998afff84345bca8,5,Comfortable on long runs and held up well after washing.,positive,true_to_size,2026-01-24T18:04:54.000Z
rev_f53ca2ff7b063c17126c,prod_1aac77da65d619e6240f,var_8ec37fcdee5f1140ec55,cust_d162b656ab43795dab0a,3,Solid daily gear. Fit was true to size for me.,positive,true_to_size,2026-01-19T22:33:29.000Z
rev_81d66319c3b95316497b,prod_d43b2cf8fa29d7ae9b37,var_d8747d212def9f4c3e80,cust_1aae00d28d3a00bcea0a,5,Solid daily gear. Fit was true to size for me.,positive,true_to_size,2026-01-15T08:13:55.000Z
rev_53c437df1e597daa883c,prod_1aac77da65d619e6240f,var_0249455f35a9dd408d40,cust_2b1aaf8b848a272915f1,4,Solid daily gear. Fit was true to size for me.,negative,true_to_size,2026-01-20T10:43:00.000Z
rev_d682baebf9f28f798bae,prod_438a44848bc196e6d975,var_164a5b158bfc49dcbc82,cust_b144448284e3d7a7813a,5,"Good quality, but delivery took longer than expected.",neutral,true_to_size,2026-01-10T06:54:40.000Z
rev_db0c0192026b503ca7ad,prod_4fb11ac857411bda88a4,var_70e1c4a0d7096208c340,cust_589f8fec2ed470e6aa9b,4,Comfortable on long runs and held up well after washing.,positive,true_to_size,2026-01-25T21:49:57.000Z
rev_7d2adfa2cb87822eeaa3,prod_d43b2cf8fa29d7ae9b37,var_320e93b779cc3f59b69d,cust_f7b686f3a79fd4a4ce79,5,"Lightweight feel, but I would size up next time.",negative,true_to_size,2026-01-24T11:52:18.000Z
rev_0cd78630eee43f06ea41,prod_4fb11ac857411bda88a4,var_71823e970238e186821c,cust_d38d523a306fe485d7f4,5,"Good quality, but delivery took longer than expected.",positive,runs_small,2026-01-21T09:46:01.000Z
rev_c89142f0f05984a15eeb,prod_1aac77da65d619e6240f,var_f5ccef0575523ac6faa5,cust_c15c61df386722731135,5,Comfortable on long runs and held up well after washing.,neutral,true_to_size,2026-01-25T18:23:26.000Z
rev_c378ff69bb65638c3fb7,prod_72dfeba4701d415d317a,var_11b9ced246c49a2a69c6,cust_4351438d111553e829ac,5,Solid daily gear. Fit was true to size for me.,positive,true_to_size,2026-01-22T15:30:54.000Z
rev_1e9e0420a475d8e43572,prod_72dfeba4701d415d317a,var_a4481e5f98f473cda093,cust_3f89cef5b94c84943304,4,Great race day option and the color looks sharp.,positive,true_to_size,2026-01-15T18:29:43.000Z
rev_8f901aae8d04c3483928,prod_ea26883fb1deabd15141,var_a18ec8356e2d553dbf65,cust_5abcd80406ecd75d9c7d,5,"Lightweight feel, but I would size up next time.",positive,true_to_size,2026-01-21T14:28:48.000Z
rev_7535d187cd604ee94e9e,prod_1aac77da65d619e6240f,var_9d2bbbb4593860eae1c2,cust_7ff2aa33c3e41140643c,4,Solid daily gear. Fit was true to size for me.,positive,true_to_size,2026-01-16T11:35:21.000Z
rev_549f9b4bbd9c7579b2b9,prod_ea26883fb1deabd15141,var_ad88e442b4ec9a747624,cust_c5be1ef0fbc9aa0ad105,3,Loved the fabric and bought a second color.,positive,true_to_size,2026-01-18T18:16:03.000Z
rev_a8d82c163ab2ce3364a4,prod_2efa0aed0d6e67ecae58,var_93a3c087875d45eb3101,cust_f9eadae9668808f62fee,5,"Lightweight feel, but I would size up next time.",positive,true_to_size,2026-01-27T11:06:03.000Z
rev_89e55ff37327723c6cb5,prod_438a44848bc196e6d975,var_f6a18c0e86b9ac9532f4,cust_f9eadae9668808f62fee,5,Great race day option and the color looks sharp.,positive,true_to_size,2026-01-25T15:09:38.000Z
rev_e4d892cbad180a7bf7c2,prod_1aac77da65d619e6240f,var_0249455f35a9dd408d40,cust_67dfa234a5499925ce5f,5,Comfortable on long runs and held up well after washing.,positive,runs_small,2026-01-14T11:53:07.000Z
rev_cab339aad6742da097b0,prod_d43b2cf8fa29d7ae9b37,var_7d1ebbe12c99beb1f424,cust_2a89b3f9a430105550f3,4,Loved the fabric and bought a second color.,positive,true_to_size,2026-01-20T11:24:58.000Z
rev_f7f1d2c101a01645e7bb,prod_d43b2cf8fa29d7ae9b37,var_87e530ced3270be98f36,cust_66188d7ebd50d228c645,1,Loved the fabric and bought a second color.,positive,true_to_size,2026-01-16T18:35:13.000Z
rev_bc9916ed0b215dae94a3,prod_438a44848bc196e6d975,var_14bd7ed084b7132e19a3,cust_e86f24a668d1f41b8ec6,4,Great race day option and the color looks sharp.,positive,true_to_size,2026-01-23T07:15:35.000Z
rev_a7858f9cfa43dbe797f7,prod_ea26883fb1deabd15141,var_c95ef6026df6ba67eec8,cust_5d49a660298982395dd6,5,Solid daily gear. Fit was true to size for me.,positive,true_to_size,2026-01-12T17:53:43.000Z
rev_7e9b2bc4f953c71f02fb,prod_72dfeba4701d415d317a,var_439e4a3b1ded76626bcc,cust_e9d3394d91f9b01e95fc,4,Loved the fabric and bought a second color.,positive,runs_large,2026-01-19T16:32:02.000Z
rev_5c934ba56f47af64c6f1,prod_0189531a36c049171820,var_e1d35731895df46c299d,cust_7b79498fd91d0e656b43,5,Solid daily gear. Fit was true to size for me.,neutral,true_to_size,2026-01-13T16:17:18.000Z
rev_a7664ba4a7c729823ae1,prod_d43b2cf8fa29d7ae9b37,var_01a56d62607b13a33c4e,cust_08c02d00dfdc24dd866c,5,"Lightweight feel, but I would size up next time.",positive,true_to_size,2026-01-27T16:12:30.000Z
rev_da0d01e84f2cc8920ee6,prod_72dfeba4701d415d317a,var_0088bda42ae04ba0e6f0,cust_54acbb5eb83e11d3781e,2,Comfortable on long runs and held up well after washing.,positive,true_to_size,2026-01-20T14:31:01.000Z
rev_9452b422351735b30ce6,prod_d43b2cf8fa29d7ae9b37,var_e8598f4784994d3f8438,cust_f9eadae9668808f62fee,3,Solid daily gear. Fit was true to size for me.,positive,true_to_size,2026-01-19T10:33:41.000Z
rev_30925acf84adf1b0cea4,prod_72dfeba4701d415d317a,var_e55f60ce5370c732b493,cust_9b28ab6acc6d0429690f,5,Great race day option and the color looks sharp.,positive,true_to_size,2026-01-23T06:54:29.000Z
rev_57b5ff1bdf16138faef4,prod_2efa0aed0d6e67ecae58,var_5414ce2508350e24da4d,cust_08c02d00dfdc24dd866c,2,"Lightweight feel, but I would size up next time.",positive,true_to_size,2026-01-27T08:13:23.000Z
rev_51a90750771ea82fcd5f,prod_ebe756215bbfcde882c1,var_d93959e68a9c1ed24606,cust_ac438756e3abf72024b7,4,Loved the fabric and bought a second color.,neutral,true_to_size,2026-01-15T14:52:43.000Z
rev_c1bc520d836711059836,prod_438a44848bc196e6d975,var_c87f257a229ce7eafa08,cust_e86f24a668d1f41b8ec6,4,Great race day option and the color looks sharp.,positive,runs_large,2026-01-20T08:58:45.000Z
rev_6c90d25ad4cbe9e78a52,prod_ea26883fb1deabd15141,var_8fe117c6a6c73be68252,cust_e86f24a668d1f41b8ec6,4,Loved the fabric and bought a second color.,positive,true_to_size,2026-01-16T11:04:23.000Z
rev_4176a71705da1b3d52e6,prod_438a44848bc196e6d975,var_05e312d19f2d967b02ae,cust_9944b7a8693b7c822a56,4,Comfortable on long runs and held up well after washing.,positive,true_to_size,2026-01-22T14:26:59.000Z
rev_75b73eeed737f22faa26,prod_ee93d55d30addeff6954,var_c9ae287d0fd94aec879d,cust_1163a09a5d8d71331cb2,3,Great race day option and the color looks sharp.,positive,runs_small,2026-01-17T19:25:17.000Z
rev_88a273e19b68799e99e8,prod_ee93d55d30addeff6954,var_70fe6fd57228fdd24400,cust_bb09396f094fc84678a2,5,"Lightweight feel, but I would size up next time.",positive,true_to_size,2026-01-21T19:43:22.000Z
rev_2b703f218d34f98b8a93,prod_0189531a36c049171820,var_0f3bd97c57258221527f,cust_54acbb5eb83e11d3781e,4,Comfortable on long runs and held up well after washing.,negative,runs_small,2026-01-17T23:44:41.000Z
rev_faaf3983016a51197609,prod_d43b2cf8fa29d7ae9b37,var_a63023dcf36046e5dc4e,cust_70187f9f298147acdba2,5,"Lightweight feel, but I would size up next time.",positive,runs_small,2026-01-20T09:43:16.000Z
rev_6e3b90349adba53aaa77,prod_1aac77da65d619e6240f,var_3a2e554b388bcfe86ab3,cust_54acbb5eb83e11d3781e,5,"Good quality, but delivery took longer than expected.",neutral,true_to_size,2026-01-17T21:08:21.000Z
rev_8c159725d24bce909b33,prod_4fb11ac857411bda88a4,var_6b4cde94e24613aa178d,cust_096db5862a733f30b5e3,5,"Lightweight feel, but I would size up next time.",positive,runs_small,2026-01-29T08:49:24.000Z
rev_d4e4b0461478f141252d,prod_4fb11ac857411bda88a4,var_fc65fa629ab0cfab4741,cust_094899b9dc8467ce3f07,5,Great race day option and the color looks sharp.,positive,runs_small,2026-01-22T06:06:57.000Z
rev_a5739d1575dae579e1d8,prod_0189531a36c049171820,var_e1d35731895df46c299d,cust_aff0a68e45186a611b11,3,Loved the fabric and bought a second color.,positive,true_to_size,2026-01-25T06:32:38.000Z
rev_b40a4c88e36b99d35b2f,prod_d43b2cf8fa29d7ae9b37,var_a2c2c81c60e69fda9995,cust_e97968faa910cbda5958,2,Great race day option and the color looks sharp.,positive,true_to_size,2026-01-22T17:19:52.000Z
rev_78482978e4ffdb5b102d,prod_1aac77da65d619e6240f,var_9818589b07d9187961de,cust_cdb0ce59d877631e9274,3,"Lightweight feel, but I would size up next time.",positive,true_to_size,2026-01-18T07:34:25.000Z
rev_43d296cbc5e50c700f1b,prod_d43b2cf8fa29d7ae9b37,var_1375ba8c6f393210c436,cust_f06b73d5152ab97af1a0,5,Great race day option and the color looks sharp.,positive,true_to_size,2026-01-22T16:55:54.000Z
rev_8f096d026fa25b586de6,prod_d43b2cf8fa29d7ae9b37,var_a2c2c81c60e69fda9995,cust_6888ebb2907d75b334eb,3,"Lightweight feel, but I would size up next time.",negative,true_to_size,2026-01-23T10:30:24.000Z
rev_9d8c05252d7afa2dbf23,prod_0189531a36c049171820,var_fa3dbd5a2054f66ebda8,cust_6128d38cd56e86719f23,5,Comfortable on long runs and held up well after washing.,positive,true_to_size,2026-01-29T21:36:09.000Z
rev_dde3110c4b1c5345a4be,prod_ee93d55d30addeff6954,var_9cd2bb280dce3fa2e76b,cust_51ec42e93fba841c96cd,5,Great race day option and the color looks sharp.,negative,true_to_size,2026-01-25T19:03:53.000Z
rev_24a441132b5e3d78bb7a,prod_4fb11ac857411bda88a4,var_0298ed73b20b2a58ddc3,cust_b57181827b8c8d613a68,5,"Good quality, but delivery took longer than expected.",neutral,true_to_size,2026-01-19T13:34:51.000Z
rev_2c81a742338a657c93e9,prod_438a44848bc196e6d975,var_9714066032b1c68057b8,cust_ceea63936b766282dbd4,1,Great race day option and the color looks sharp.,neutral,true_to_size,2026-01-18T06:11:32.000Z
rev_de67ad320329f0773027,prod_438a44848bc196e6d975,var_e117db91e6327b985328,cust_f17954ea528cd575965e,5,Loved the fabric and bought a second color.,neutral,true_to_size,2026-01-17T21:40:09.000Z
rev_54af597a73ee9e1843c7,prod_1aac77da65d619e6240f,var_e68010c463448ce42243,cust_52f2840b20ba042a6964,2,Solid daily gear. Fit was true to size for me.,negative,true_to_size,2026-01-23T08:07:12.000Z
rev_0fee71712e704441b15d,prod_ebe756215bbfcde882c1,var_477f71369f8ec76bae72,cust_f9eadae9668808f62fee,5,"Lightweight feel, but I would size up next time.",positive,runs_small,2026-01-20T06:14:05.000Z
rev_a0f3e19478c7bb792d0d,prod_438a44848bc196e6d975,var_b11b6b090279cfa04155,cust_a296bfa72622312112b8,5,Solid daily gear. Fit was true to size for me.,positive,true_to_size,2026-02-01T16:43:39.000Z
rev_ebb288d196954ae9dd5f,prod_1aac77da65d619e6240f,var_b0665991d9649a256643,cust_31b8ebfb1e307d66a731,4,"Lightweight feel, but I would size up next time.",positive,true_to_size,2026-01-21T17:21:32.000Z
rev_ebd86a44b6aadd479c68,prod_ee93d55d30addeff6954,var_2d63af5c80cedd103436,cust_730e9a06b9dc61524e23,5,Loved the fabric and bought a second color.,positive,true_to_size,2026-01-18T16:18:04.000Z
rev_5e6a11927ff66426b73d,prod_ebe756215bbfcde882c1,var_d93959e68a9c1ed24606,cust_5d49a660298982395dd6,4,"Lightweight feel, but I would size up next time.",positive,true_to_size,2026-01-19T10:35:08.000Z
rev_c592888a8cc915d8ad29,prod_1aac77da65d619e6240f,var_b18529e43b561104e73d,cust_8dd5f6a6536813b8e2a6,4,Great race day option and the color looks sharp.,positive,true_to_size,2026-01-24T07:15:23.000Z
rev_21daacc81c68951c23d0,prod_d43b2cf8fa29d7ae9b37,var_c313512d9379d00efca9,cust_4bb29cd92ec0655449ec,5,"Lightweight feel, but I would size up next time.",positive,true_to_size,2026-01-25T22:33:51.000Z
rev_7a722deede01e5805b60,prod_4fb11ac857411bda88a4,var_48589628c217474fe88e,cust_7b79498fd91d0e656b43,5,"Good quality, but delivery took longer than expected.",positive,true_to_size,2026-01-31T16:36:49.000Z
rev_2485d64a195eab0c67c2,prod_2efa0aed0d6e67ecae58,var_c5d4b04e619e436daff8,cust_d907782f7f4bd245d722,3,Comfortable on long runs and held up well after washing.,positive,runs_small,2026-01-25T07:09:58.000Z
rev_18651ee182fd01d37bc1,prod_0189531a36c049171820,var_439c19cbc3abe2d73929,cust_f9eadae9668808f62fee,5,"Good quality, but delivery took longer than expected.",positive,true_to_size,2026-01-28T18:51:18.000Z
rev_e300cae897248dd0f277,prod_1aac77da65d619e6240f,var_0249455f35a9dd408d40,cust_6c227de683c3e7e75d77,5,Comfortable on long runs and held up well after washing.,neutral,true_to_size,2026-01-28T06:36:01.000Z
rev_10ef81890db09b3b1bde,prod_ea26883fb1deabd15141,var_be2b12a3e53e8671f3d6,cust_c5067842280d18fd24fa,5,"Good quality, but delivery took longer than expected.",neutral,runs_large,2026-01-25T13:06:42.000Z
rev_7d4cb6df473f0b186dfb,prod_1aac77da65d619e6240f,var_b0665991d9649a256643,cust_9b0c7598f1c91b2c5c57,3,"Lightweight feel, but I would size up next time.",positive,true_to_size,2026-01-30T11:07:48.000Z
rev_49e42dc7749f6a73c8b9,prod_ea26883fb1deabd15141,var_a56e028f2685d369a8a2,cust_2b8c8982e212731bc533,4,Comfortable on long runs and held up well after washing.,negative,true_to_size,2026-02-03T14:02:41.000Z
rev_6404895298809f3d8819,prod_d43b2cf8fa29d7ae9b37,var_a63023dcf36046e5dc4e,cust_67dfa234a5499925ce5f,5,"Lightweight feel, but I would size up next time.",neutral,true_to_size,2026-01-24T15:20:52.000Z
rev_47e177f5d9706dff202f,prod_ee93d55d30addeff6954,var_70fe6fd57228fdd24400,cust_a66e9b7eaafe9b358254,4,Great race day option and the color looks sharp.,neutral,true_to_size,2026-01-25T07:49:02.000Z
rev_5c3d954f6950308d062d,prod_438a44848bc196e6d975,var_eaa58626775f5e10787c,cust_000bf4686aa35097e80f,4,Solid daily gear. Fit was true to size for me.,negative,true_to_size,2026-01-30T07:50:46.000Z
rev_5d4e1600e240bee5ed9e,prod_d43b2cf8fa29d7ae9b37,var_2cc49091108ce06c317f,cust_40c0e309f58168c9ab45,5,Loved the fabric and bought a second color.,negative,true_to_size,2026-01-26T07:28:20.000Z
rev_72228698c979b696840c,prod_d43b2cf8fa29d7ae9b37,var_3cc406399bed25270f9e,cust_1f1c412c9122bcb921b8,4,"Lightweight feel, but I would size up next time.",positive,runs_small,2026-02-04T08:27:49.000Z
rev_0ef38651bba2b73d8c27,prod_1aac77da65d619e6240f,var_3a2e554b388bcfe86ab3,cust_1163a09a5d8d71331cb2,5,"Good quality, but delivery took longer than expected.",positive,runs_small,2026-02-03T17:48:57.000Z
rev_5435e3fd86078ba61844,prod_d43b2cf8fa29d7ae9b37,var_e8598f4784994d3f8438,cust_21959317a9e84530421a,4,Solid daily gear. Fit was true to size for me.,neutral,true_to_size,2026-02-03T14:04:01.000Z
rev_e31cc6ad070156fa902f,prod_1aac77da65d619e6240f,var_f4e84136e702c56fc319,cust_d907782f7f4bd245d722,5,Great race day option and the color looks sharp.,positive,true_to_size,2026-02-02T15:51:18.000Z
rev_3b2730f0d939a8cf1070,prod_72dfeba4701d415d317a,var_8a23a15f6866bdee9409,cust_aff0a68e45186a611b11,4,"Lightweight feel, but I would size up next time.",positive,true_to_size,2026-01-22T21:39:32.000Z
rev_0edbe9e92ed2338e5007,prod_2efa0aed0d6e67ecae58,var_2a91c104878870f34df4,cust_8dd5f6a6536813b8e2a6,4,"Lightweight feel, but I would size up next time.",neutral,true_to_size,2026-01-21T14:33:32.000Z
rev_e2308dd746d129ad4bba,prod_438a44848bc196e6d975,var_76cac52bed832c30a5b3,cust_24fbfabb42203eb52212,5,Great race day option and the color looks sharp.,positive,true_to_size,2026-01-22T06:49:49.000Z
rev_e67838a986571eb61cf2,prod_438a44848bc196e6d975,var_64d39327630553f2e1b9,cust_24fbfabb42203eb52212,5,Comfortable on long runs and held up well after washing.,positive,runs_large,2026-01-22T17:58:42.000Z
rev_a86ad67bd3c39a1adbfa,prod_72dfeba4701d415d317a,var_07a3825bb8e2e492b76b,cust_debfee9380f646c4ea97,5,"Lightweight feel, but I would size up next time.",neutral,true_to_size,2026-01-22T07:38:37.000Z
rev_8e276c10a95a61a9d303,prod_2efa0aed0d6e67ecae58,var_93a3c087875d45eb3101,cust_f62ea95a6d2d90d94e03,3,Great race day option and the color looks sharp.,positive,true_to_size,2026-01-28T09:18:53.000Z
rev_cb84234950a1cd0d02ac,prod_4fb11ac857411bda88a4,var_e49c1d617edcf65ee83c,cust_1ca679561fc759324523,5,Comfortable on long runs and held up well after washing.,negative,true_to_size,2026-01-29T15:18:01.000Z
rev_9c7fe82544fe0b1db36b,prod_4fb11ac857411bda88a4,var_58a00b869159191e4ac9,cust_538e92c2a1475c05775b,4,Solid daily gear. Fit was true to size for me.,positive,true_to_size,2026-01-25T07:12:34.000Z
rev_56e7a67408148990da67,prod_d43b2cf8fa29d7ae9b37,var_41628dba54c9c6861c9d,cust_614b3290fb15d191aa72,4,"Good quality, but delivery took longer than expected.",negative,runs_small,2026-02-05T21:47:46.000Z
rev_614adb29ea18e6c611f4,prod_4fb11ac857411bda88a4,var_03e26300920b777b60ce,cust_c2ab09602bbb83db18a1,5,Loved the fabric and bought a second color.,neutral,true_to_size,2026-02-03T14:54:33.000Z
rev_9a6264996253bab6b2eb,prod_438a44848bc196e6d975,var_84b95c9fb4b7809f8a34,cust_95ed0dd9139ab9d80b05,4,Comfortable on long runs and held up well after washing.,neutral,true_to_size,2026-01-29T17:15:12.000Z
rev_8783b6d2e8a7c511c3b6,prod_ee93d55d30addeff6954,var_b3220a2f29d9e3096a2f,cust_f336ad54cc31feee26ca,4,Solid daily gear. Fit was true to size for me.,positive,true_to_size,2026-01-27T17:10:02.000Z
rev_dff1c4dbc3b90bdcc97b,prod_438a44848bc196e6d975,var_b72377f8338f3eabe496,cust_f336ad54cc31feee26ca,5,"Lightweight feel, but I would size up next time.",negative,true_to_size,2026-01-26T09:40:36.000Z
rev_92685484e39b2e16c954,prod_d43b2cf8fa29d7ae9b37,var_02fb794660a1ff5b5481,cust_c000315730f827c1278d,5,Loved the fabric and bought a second color.,positive,true_to_size,2026-01-21T07:15:45.000Z
rev_bbdcb60d7c83bdc17227,prod_0189531a36c049171820,var_0f3bd97c57258221527f,cust_f7b686f3a79fd4a4ce79,5,Loved the fabric and bought a second color.,positive,true_to_size,2026-02-04T10:20:56.000Z
rev_43753d9e4b1031ee49d4,prod_1aac77da65d619e6240f,var_30a71ca69a0597e20603,cust_3cb2859167127d1ecf17,5,"Good quality, but delivery took longer than expected.",positive,runs_small,2026-01-30T14:40:58.000Z
rev_a320dbaee3652b42c12d,prod_ee93d55d30addeff6954,var_075418ff0be5cdb7558e,cust_f22dd7b4e03a1904a4e3,5,Great race day option and the color looks sharp.,positive,true_to_size,2026-01-27T06:13:36.000Z
rev_4e60361bc7bb5ffd0633,prod_ee93d55d30addeff6954,var_c491091d5ab7ff33db46,cust_bb8b5df717badeb95691,5,Great race day option and the color looks sharp.,neutral,true_to_size,2026-01-23T13:55:05.000Z
rev_7e6ca40d7e181fcb62b4,prod_2efa0aed0d6e67ecae58,var_ef0af573f8034823d555,cust_a3015f1f870b5fca5351,5,Solid daily gear. Fit was true to size for me.,neutral,true_to_size,2026-02-05T06:57:24.000Z
rev_94cfecdbc7a6a8f83ce3,prod_0189531a36c049171820,var_e1d35731895df46c299d,cust_1163a09a5d8d71331cb2,4,Comfortable on long runs and held up well after washing.,positive,true_to_size,2026-02-02T16:58:31.000Z
rev_e2b7c5029afac251ab3d,prod_0189531a36c049171820,var_b9ed5b404fd99996ec9f,cust_8dbbb261caa27bee69f5,5,Comfortable on long runs and held up well after washing.,positive,true_to_size,2026-01-27T11:59:44.000Z
rev_986d9f5754157b702fb3,prod_d43b2cf8fa29d7ae9b37,var_03696f04943b92dadb38,cust_412fba66cbdf241c4cf3,5,Great race day option and the color looks sharp.,positive,true_to_size,2026-01-30T22:25:39.000Z
rev_f13232f95b686d2306da,prod_d43b2cf8fa29d7ae9b37,var_02fb794660a1ff5b5481,cust_81b15429ca1f61c0f2c5,3,Great race day option and the color looks sharp.,positive,true_to_size,2026-01-26T12:33:03.000Z
rev_0b6503cf1f7dba1cb8a2,prod_ee93d55d30addeff6954,var_269576cae5504f7beee6,cust_589f8fec2ed470e6aa9b,5,"Good quality, but delivery took longer than expected.",positive,true_to_size,2026-02-03T08:36:08.000Z
rev_b3a3236610f7e2bf8db4,prod_d43b2cf8fa29d7ae9b37,var_41628dba54c9c6861c9d,cust_1ebe1e9252b56f9112f9,4,Great race day option and the color looks sharp.,positive,true_to_size,2026-01-31T19:50:28.000Z
rev_48d62001939786a8f717,prod_4fb11ac857411bda88a4,var_acbadd53c4704809d846,cust_cdf9e06f23e0c5d542fd,4,Comfortable on long runs and held up well after washing.,positive,true_to_size,2026-01-31T15:28:55.000Z
rev_dcf935a2804fb22c60eb,prod_72dfeba4701d415d317a,var_439e4a3b1ded76626bcc,cust_966873c2b5c00cd69ee3,5,Great race day option and the color looks sharp.,positive,true_to_size,2026-01-30T11:37:49.000Z
rev_7603854e64d11c1db27f,prod_ee93d55d30addeff6954,var_7929a442006436a2f4b9,cust_7cb6891c74a5e76c5c9e,5,"Good quality, but delivery took longer than expected.",neutral,true_to_size,2026-01-30T11:12:59.000Z
rev_eafa30cb7237c11a2cd9,prod_ee93d55d30addeff6954,var_bd31f3105de2d7714577,cust_b092439e3482162bb1f0,4,Loved the fabric and bought a second color.,neutral,true_to_size,2026-01-23T07:08:09.000Z
rev_c21ab249db00bc64ff0c,prod_72dfeba4701d415d317a,var_abf4b066285529554ec5,cust_e10ba7a9ca0b753eb189,3,"Lightweight feel, but I would size up next time.",positive,runs_large,2026-02-07T07:41:22.000Z
rev_163f57ba2accb8f9c24e,prod_0189531a36c049171820,var_6b0100cdc1ef1031469b,cust_54acbb5eb83e11d3781e,4,Loved the fabric and bought a second color.,positive,true_to_size,2026-01-26T20:15:39.000Z
rev_ebefc9d49c3b1548ad96,prod_72dfeba4701d415d317a,var_11b9ced246c49a2a69c6,cust_32de986d1e59cd94f10a,4,"Lightweight feel, but I would size up next time.",positive,true_to_size,2026-02-05T19:59:48.000Z
rev_8a125ef846e7953ae448,prod_72dfeba4701d415d317a,var_e55f60ce5370c732b493,cust_1aae00d28d3a00bcea0a,5,Comfortable on long runs and held up well after washing.,positive,true_to_size,2026-02-07T06:30:21.000Z
rev_d56b27beec194631d437,prod_438a44848bc196e6d975,var_508fbb721d582106874e,cust_70187f9f298147acdba2,3,Great race day option and the color looks sharp.,positive,runs_small,2026-01-31T19:56:08.000Z
rev_78ed0e997380777abc15,prod_0189531a36c049171820,var_7c8a95c30a2e093e0468,cust_6c227de683c3e7e75d77,3,Great race day option and the color looks sharp.,positive,true_to_size,2026-01-26T14:57:11.000Z
rev_9ec911c2915c9558f085,prod_0189531a36c049171820,var_7657acb4edd171a3e158,cust_10851c153ac0ce09be54,3,Solid daily gear. Fit was true to size for me.,neutral,runs_small,2026-01-24T07:19:33.000Z
rev_0c67852028c59092e543,prod_4fb11ac857411bda88a4,var_0c8dbcf461e87274cd44,cust_2cfe6c4e051db29b6272,3,"Good quality, but delivery took longer than expected.",positive,true_to_size,2026-01-25T18:24:51.000Z
rev_d7997b820be6b85e162e,prod_72dfeba4701d415d317a,var_261e93378c2ea03cf536,cust_1f1c412c9122bcb921b8,5,Loved the fabric and bought a second color.,positive,true_to_size,2026-02-02T21:26:54.000Z
rev_6a46b547ff33a73e6fe7,prod_4fb11ac857411bda88a4,var_78ce2ee3c901aabec73e,cust_1f1c412c9122bcb921b8,5,Loved the fabric and bought a second color.,neutral,true_to_size,2026-02-06T21:25:40.000Z
rev_0f85ccea4fb2b60d736b,prod_2efa0aed0d6e67ecae58,var_c5d4b04e619e436daff8,cust_6b27d2ac0e52d35bbab1,4,"Good quality, but delivery took longer than expected.",neutral,true_to_size,2026-02-06T08:28:34.000Z
rev_54cc62b90f7729afaf04,prod_438a44848bc196e6d975,var_cca84c818b8d1dc7a408,cust_966873c2b5c00cd69ee3,5,Great race day option and the color looks sharp.,positive,true_to_size,2026-02-04T23:05:48.000Z
rev_7d73071557e0ac2ce710,prod_438a44848bc196e6d975,var_d1592d795041e81f6c4e,cust_6b335b50b620a04750fa,5,Solid daily gear. Fit was true to size for me.,neutral,true_to_size,2026-02-07T20:15:28.000Z
rev_cb5f0326ce1fbbf8a65d,prod_ebe756215bbfcde882c1,var_477f71369f8ec76bae72,cust_e02e96943f1433bc731c,5,Solid daily gear. Fit was true to size for me.,negative,true_to_size,2026-02-03T23:47:25.000Z
rev_ad8f239567608eeb9d41,prod_0189531a36c049171820,var_e7d27b69dfb62d802fec,cust_b83641ce1b8975c5df7d,3,Loved the fabric and bought a second color.,positive,runs_large,2026-01-27T20:25:00.000Z
rev_cd47024390254527e2cc,prod_4fb11ac857411bda88a4,var_78ce2ee3c901aabec73e,cust_f336ad54cc31feee26ca,4,Solid daily gear. Fit was true to size for me.,positive,true_to_size,2026-01-30T10:40:04.000Z
rev_72cb78b542896b14958a,prod_72dfeba4701d415d317a,var_a4481e5f98f473cda093,cust_fc9c75285535b4b79fcb,4,"Good quality, but delivery took longer than expected.",positive,runs_large,2026-02-07T15:57:12.000Z
rev_4939cef4661a0509c374,prod_438a44848bc196e6d975,var_aeba55eb9e30673a577a,cust_6e142583300c8d777374,4,"Lightweight feel, but I would size up next time.",negative,true_to_size,2026-02-09T22:04:40.000Z
rev_931f869039d664dabad7,prod_d43b2cf8fa29d7ae9b37,var_6f0cce9478da3e151612,cust_60f71094920124ee674d,5,"Good quality, but delivery took longer than expected.",positive,true_to_size,2026-02-04T07:59:59.000Z
rev_53ab0263fbc9b5ad714b,prod_1aac77da65d619e6240f,var_e91175ca45ab8fc349dc,cust_7b79498fd91d0e656b43,4,Loved the fabric and bought a second color.,neutral,true_to_size,2026-01-27T13:07:41.000Z
rev_4cf3f0c0ba3b9413c8e8,prod_2efa0aed0d6e67ecae58,var_1e08d41c5ab96cce1ce2,cust_d5fd1bec62f1d3fa4437,1,"Lightweight feel, but I would size up next time.",positive,true_to_size,2026-02-08T20:16:27.000Z
rev_bac0391e803efbdf5e35,prod_ea26883fb1deabd15141,var_8d5d2d5c13ed45a481ad,cust_412fba66cbdf241c4cf3,1,Comfortable on long runs and held up well after washing.,positive,runs_small,2026-02-09T21:52:00.000Z
rev_68ed8ff63829f647225a,prod_ea26883fb1deabd15141,var_8fe117c6a6c73be68252,cust_edde5d2a731c52e35c5f,4,Comfortable on long runs and held up well after washing.,positive,runs_small,2026-02-06T10:04:16.000Z
rev_0c7ed3de7306cbef01d9,prod_ebe756215bbfcde882c1,var_54a48c4e9f5a97d29dac,cust_7cb6891c74a5e76c5c9e,4,"Good quality, but delivery took longer than expected.",positive,true_to_size,2026-02-03T06:37:36.000Z
rev_6abf86f7e10c962b84b9,prod_30d7a0ddc2ef16ba66b9,var_5ad21b0b072b59385182,cust_c6d7f3bf5521bfa7156a,4,Solid daily gear. Fit was true to size for me.,neutral,runs_large,2026-01-27T07:50:09.000Z
rev_e5df2f7d7af6cee59f65,prod_ee93d55d30addeff6954,var_ed3640d449d418509f57,cust_92576f9393c26897a22e,4,Comfortable on long runs and held up well after washing.,positive,runs_large,2026-02-10T17:27:47.000Z
rev_ac2fef8673d22f3310f2,prod_d43b2cf8fa29d7ae9b37,var_d3aca37c9bca975444e2,cust_60f71094920124ee674d,5,Loved the fabric and bought a second color.,positive,true_to_size,2026-01-31T20:28:22.000Z
rev_2a9ede8930e6984de5c1,prod_d43b2cf8fa29d7ae9b37,var_89efa340b18949bb9c2f,cust_7b79498fd91d0e656b43,2,"Lightweight feel, but I would size up next time.",neutral,runs_large,2026-02-11T18:04:02.000Z
rev_423f714427a462dd06e8,prod_438a44848bc196e6d975,var_84b95c9fb4b7809f8a34,cust_7e527b76c1cf1c2c4080,4,"Lightweight feel, but I would size up next time.",negative,true_to_size,2026-01-28T15:47:50.000Z
rev_c1acc2805535da19849c,prod_ee93d55d30addeff6954,var_0b6ca25661b3bea06ed9,cust_d162b656ab43795dab0a,4,Great race day option and the color looks sharp.,neutral,true_to_size,2026-02-02T09:12:05.000Z
rev_0e7ce5b373dcda55ba2a,prod_4fb11ac857411bda88a4,var_77f9b98f706e27f8d8f9,cust_6b335b50b620a04750fa,2,Loved the fabric and bought a second color.,neutral,true_to_size,2026-02-01T13:31:30.000Z
rev_46ffb71db9261dfba88d,prod_d43b2cf8fa29d7ae9b37,var_6f0cce9478da3e151612,cust_cff72b082ba654543c6b,2,Comfortable on long runs and held up well after washing.,positive,runs_small,2026-02-05T11:27:58.000Z
rev_1c4235cca737cad69182,prod_0189531a36c049171820,var_a11d1e73dd135e3f1cb9,cust_7e527b76c1cf1c2c4080,4,Solid daily gear. Fit was true to size for me.,positive,true_to_size,2026-02-07T13:46:17.000Z
rev_884d7fe0a291c5850dcf,prod_72dfeba4701d415d317a,var_0088bda42ae04ba0e6f0,cust_843bbb30d0868c6934d5,3,"Good quality, but delivery took longer than expected.",positive,runs_small,2026-02-09T20:56:16.000Z
rev_52f27f7a10303d8318ed,prod_438a44848bc196e6d975,var_b5006b5f302fb3c0822b,cust_843bbb30d0868c6934d5,5,"Good quality, but delivery took longer than expected.",neutral,true_to_size,2026-01-30T14:11:27.000Z
rev_6afd068a21bb58f322e4,prod_438a44848bc196e6d975,var_9714066032b1c68057b8,cust_e86f24a668d1f41b8ec6,5,"Lightweight feel, but I would size up next time.",negative,true_to_size,2026-02-11T09:29:56.000Z
rev_8838ee45f832b12d3ace,prod_ebe756215bbfcde882c1,var_63071a389c1b1f57160c,cust_eed7aba40dca597e216e,3,Loved the fabric and bought a second color.,positive,true_to_size,2026-02-02T08:18:46.000Z
rev_4d630107557d87917e1c,prod_1aac77da65d619e6240f,var_b504113d4e05f26566f9,cust_ceea63936b766282dbd4,4,"Lightweight feel, but I would size up next time.",positive,runs_small,2026-02-12T15:20:13.000Z
rev_0facfbc2a95ae930c026,prod_438a44848bc196e6d975,var_c363351edb0ceb1afad6,cust_ceea63936b766282dbd4,4,Comfortable on long runs and held up well after washing.,positive,true_to_size,2026-02-12T06:43:19.000Z
rev_4d650583587bf9d4c3e3,prod_2efa0aed0d6e67ecae58,var_32173c8dbdf8eac79214,cust_31b8ebfb1e307d66a731,5,Comfortable on long runs and held up well after washing.,positive,true_to_size,2026-02-08T17:28:10.000Z
rev_03a944481ef1ed8a458d,prod_0189531a36c049171820,var_324e13c984d9aaab9604,cust_31b8ebfb1e307d66a731,5,"Good quality, but delivery took longer than expected.",positive,runs_small,2026-02-10T07:33:14.000Z
rev_e7ae0b0aae3e98a5cf14,prod_ee93d55d30addeff6954,var_075418ff0be5cdb7558e,cust_e94912248fd38e1e5847,4,Comfortable on long runs and held up well after washing.,positive,true_to_size,2026-01-31T18:47:07.000Z
rev_7be156be85dc4d706213,prod_d43b2cf8fa29d7ae9b37,var_caae1453b01f7b10b548,cust_bb8b5df717badeb95691,3,Solid daily gear. Fit was true to size for me.,positive,true_to_size,2026-02-12T11:30:59.000Z
rev_b35eda2ed07520e6bbd2,prod_ebe756215bbfcde882c1,var_63071a389c1b1f57160c,cust_54acbb5eb83e11d3781e,5,"Lightweight feel, but I would size up next time.",positive,true_to_size,2026-02-10T22:59:58.000Z
rev_c3d253ffd568d3b82604,prod_2efa0aed0d6e67ecae58,var_93a3c087875d45eb3101,cust_56974b85b37b93375239,5,"Good quality, but delivery took longer than expected.",neutral,runs_large,2026-02-02T08:22:51.000Z
rev_88dabff01a3ada0322de,prod_2efa0aed0d6e67ecae58,var_e03ac89cc365fa42f93c,cust_e91d3272d04798f95e90,5,Great race day option and the color looks sharp.,positive,true_to_size,2026-02-13T22:44:27.000Z
rev_51284a62730136dd9f5f,prod_2efa0aed0d6e67ecae58,var_e03ac89cc365fa42f93c,cust_b57181827b8c8d613a68,5,Comfortable on long runs and held up well after washing.,positive,true_to_size,2026-02-08T20:30:25.000Z
rev_5ad9852a37ce07668364,prod_d43b2cf8fa29d7ae9b37,var_6f0cce9478da3e151612,cust_44dbb037937b86200334,4,Great race day option and the color looks sharp.,positive,true_to_size,2026-01-30T09:31:09.000Z
rev_07212199aca59e6fde7e,prod_d43b2cf8fa29d7ae9b37,var_41628dba54c9c6861c9d,cust_d38d523a306fe485d7f4,2,Loved the fabric and bought a second color.,positive,true_to_size,2026-02-02T18:35:27.000Z
rev_d10100c2d990ac3acb47,prod_438a44848bc196e6d975,var_9714066032b1c68057b8,cust_8e8414bb566e93da9219,4,"Lightweight feel, but I would size up next time.",positive,true_to_size,2026-01-30T17:22:18.000Z
rev_9a88a17a5d801c146a6f,prod_438a44848bc196e6d975,var_e117db91e6327b985328,cust_e1f5b0abb2f3caac9ec9,3,Loved the fabric and bought a second color.,positive,true_to_size,2026-02-01T17:30:58.000Z
rev_6d9b8adcb77fba942482,prod_ee93d55d30addeff6954,var_8d654d633876e75e4317,cust_8a1354d33d0acff52b54,4,Great race day option and the color looks sharp.,positive,true_to_size,2026-02-14T21:06:21.000Z
rev_905f2e3accdc6a10b937,prod_ee93d55d30addeff6954,var_0f755faccbe419124cf5,cust_e94912248fd38e1e5847,5,Comfortable on long runs and held up well after washing.,positive,runs_small,2026-02-05T22:50:01.000Z
rev_1736a63d0986853d468e,prod_4fb11ac857411bda88a4,var_2f00cf3713efd884f325,cust_66865f0e803c6eb9c856,4,Great race day option and the color looks sharp.,neutral,true_to_size,2026-02-01T14:18:59.000Z
rev_81260f7b4bd7cd218553,prod_d43b2cf8fa29d7ae9b37,var_db3c0fa83abed429ed33,cust_41202427d0a4b2e56ad7,5,Great race day option and the color looks sharp.,positive,runs_large,2026-02-02T19:50:07.000Z
rev_a946e5f160cf63b6acfc,prod_ebe756215bbfcde882c1,var_477f71369f8ec76bae72,cust_d957779c3214f6de95ed,3,"Good quality, but delivery took longer than expected.",positive,true_to_size,2026-02-12T21:45:03.000Z
rev_d43a43e81cc1886aa8e6,prod_0189531a36c049171820,var_a11d1e73dd135e3f1cb9,cust_abc53a8a715b6a1e1f69,4,Comfortable on long runs and held up well after washing.,positive,true_to_size,2026-02-01T15:49:37.000Z
rev_eb7c7d78ae2b03fb220b,prod_ee93d55d30addeff6954,var_b319dcd8931c568f8dde,cust_a66e9b7eaafe9b358254,5,Comfortable on long runs and held up well after washing.,positive,runs_small,2026-02-06T14:46:18.000Z
rev_d53dce759cc5956e69db,prod_4fb11ac857411bda88a4,var_0298ed73b20b2a58ddc3,cust_a66e9b7eaafe9b358254,4,Loved the fabric and bought a second color.,positive,true_to_size,2026-02-11T06:32:03.000Z
rev_3c3fbba1675f8ddd2326,prod_d43b2cf8fa29d7ae9b37,var_c313512d9379d00efca9,cust_1cf9944894d03e06c25f,4,"Lightweight feel, but I would size up next time.",negative,true_to_size,2026-01-31T20:26:43.000Z
rev_e89a8ce7fd911a843bc9,prod_1aac77da65d619e6240f,var_b0665991d9649a256643,cust_1cf9944894d03e06c25f,5,Great race day option and the color looks sharp.,positive,true_to_size,2026-02-07T23:24:57.000Z
rev_8b31beed4695774bc059,prod_438a44848bc196e6d975,var_64d39327630553f2e1b9,cust_f62ea95a6d2d90d94e03,4,"Good quality, but delivery took longer than expected.",positive,runs_large,2026-02-06T16:40:18.000Z
rev_818829f03dfa37339a40,prod_ee93d55d30addeff6954,var_6fbe552270a22d50cfd4,cust_1f0f8e583f1bbde338c6,5,Loved the fabric and bought a second color.,positive,runs_small,2026-02-07T13:28:57.000Z
rev_d23001adcc787daa12ab,prod_438a44848bc196e6d975,var_14bd7ed084b7132e19a3,cust_2ccaccf37ec1b8ab0d8e,5,Great race day option and the color looks sharp.,positive,true_to_size,2026-02-11T07:17:39.000Z
rev_093f2361130d0777addf,prod_ee93d55d30addeff6954,var_2fe8bce190c7eb41dfc8,cust_8fb1d19dd4464026d68d,4,"Good quality, but delivery took longer than expected.",negative,true_to_size,2026-02-04T21:46:36.000Z
rev_c4b881363c9c799035e5,prod_4fb11ac857411bda88a4,var_77f9b98f706e27f8d8f9,cust_538e92c2a1475c05775b,5,Comfortable on long runs and held up well after washing.,positive,true_to_size,2026-02-14T22:31:10.000Z
rev_a5d2ec4b59ab806a11ba,prod_2efa0aed0d6e67ecae58,var_38d5b5f8cb87a53d650b,cust_1ad7998afff84345bca8,5,Comfortable on long runs and held up well after washing.,negative,true_to_size,2026-02-05T13:29:39.000Z
rev_1db589e9eaa7dfbf9684,prod_d43b2cf8fa29d7ae9b37,var_d3aca37c9bca975444e2,cust_1ad7998afff84345bca8,5,Solid daily gear. Fit was true to size for me.,positive,runs_large,2026-02-03T14:52:36.000Z
rev_adc3639c978d78216caf,prod_1aac77da65d619e6240f,var_582d11378691a5a6e4e9,cust_f06b73d5152ab97af1a0,5,Great race day option and the color looks sharp.,positive,true_to_size,2026-02-06T18:17:05.000Z
rev_a87ca316176ab9fdca0b,prod_1aac77da65d619e6240f,var_b504113d4e05f26566f9,cust_f06b73d5152ab97af1a0,3,"Lightweight feel, but I would size up next time.",neutral,true_to_size,2026-02-07T09:27:56.000Z
rev_90258ee58427d78ddb25,prod_438a44848bc196e6d975,var_823a189d514c6e10865d,cust_21959317a9e84530421a,5,"Lightweight feel, but I would size up next time.",positive,true_to_size,2026-02-11T12:55:47.000Z
rev_2e37ce7a0d076d7f2b62,prod_d43b2cf8fa29d7ae9b37,var_e458e9983f2d79d6ed15,cust_8dbbb261caa27bee69f5,5,Comfortable on long runs and held up well after washing.,positive,runs_small,2026-02-08T14:27:00.000Z
rev_7aa183566a256bdf56c8,prod_4fb11ac857411bda88a4,var_e49c1d617edcf65ee83c,cust_ad354e967cd48965cb87,5,Loved the fabric and bought a second color.,positive,runs_small,2026-02-04T15:15:21.000Z
rev_b6e35c3ea31af141cded,prod_0189531a36c049171820,var_03627cfde38743cff6a4,cust_92576f9393c26897a22e,3,Loved the fabric and bought a second color.,positive,true_to_size,2026-02-10T07:00:25.000Z
rev_a282cf1ff06ba643b6eb,prod_1aac77da65d619e6240f,var_19b6c0119781ca26cfab,cust_92576f9393c26897a22e,1,"Lightweight feel, but I would size up next time.",neutral,true_to_size,2026-02-08T19:37:05.000Z
rev_737ad6585cd9a71c7b12,prod_2efa0aed0d6e67ecae58,var_32173c8dbdf8eac79214,cust_d907782f7f4bd245d722,5,Comfortable on long runs and held up well after washing.,positive,true_to_size,2026-01-31T21:09:57.000Z
rev_6680568d6801e631aea4,prod_72dfeba4701d415d317a,var_439e4a3b1ded76626bcc,cust_e94912248fd38e1e5847,5,Great race day option and the color looks sharp.,positive,runs_small,2026-02-10T12:26:24.000Z
rev_cceaf19d1a8980c044de,prod_4fb11ac857411bda88a4,var_71823e970238e186821c,cust_412fba66cbdf241c4cf3,5,Loved the fabric and bought a second color.,neutral,true_to_size,2026-02-05T14:27:42.000Z
rev_b76c3c853591924dad53,prod_0189531a36c049171820,var_b328308955a099219aba,cust_51c2859df6b42fec7c75,4,Loved the fabric and bought a second color.,positive,true_to_size,2026-02-09T16:09:39.000Z
rev_abc96495ba3ddee1bd24,prod_30d7a0ddc2ef16ba66b9,var_5ad21b0b072b59385182,cust_501a9ce8fd448c673fba,4,"Lightweight feel, but I would size up next time.",neutral,runs_large,2026-02-02T18:35:46.000Z
rev_a1993b6b8c344a15ca25,prod_ee93d55d30addeff6954,var_1b8f63ab3f5e208113ca,cust_99222b35d84683af3500,4,"Lightweight feel, but I would size up next time.",positive,true_to_size,2026-02-01T16:21:09.000Z
rev_732f63b82ed104c9407d,prod_0189531a36c049171820,var_b5d905be4efb894192b7,cust_e1f5b0abb2f3caac9ec9,5,Solid daily gear. Fit was true to size for me.,positive,true_to_size,2026-02-16T11:04:38.000Z
rev_6f9a09fe6092f5095723,prod_d43b2cf8fa29d7ae9b37,var_5db963bcd8fbf81b2e05,cust_edde5d2a731c52e35c5f,4,Great race day option and the color looks sharp.,positive,true_to_size,2026-02-06T14:23:46.000Z
rev_2dbe36dce746a544376c,prod_d43b2cf8fa29d7ae9b37,var_1281ece6b89ebbdd0340,cust_cdf9e06f23e0c5d542fd,5,"Good quality, but delivery took longer than expected.",positive,true_to_size,2026-02-10T22:27:18.000Z
rev_e32ac53a5b9b0aaf6812,prod_438a44848bc196e6d975,var_05e312d19f2d967b02ae,cust_5a5888eace46e21d4c01,5,Comfortable on long runs and held up well after washing.,positive,true_to_size,2026-02-14T17:23:35.000Z
rev_dac88d4f819b10251a62,prod_ea26883fb1deabd15141,var_be2b12a3e53e8671f3d6,cust_c5067842280d18fd24fa,4,Solid daily gear. Fit was true to size for me.,positive,true_to_size,2026-02-12T19:39:47.000Z
rev_52e25fddc91c93be2a8c,prod_1aac77da65d619e6240f,var_fe1215c4f405465a502b,cust_328212cdaf4efe2fe873,4,Comfortable on long runs and held up well after washing.,positive,true_to_size,2026-02-10T06:45:23.000Z
rev_66dc87364ddf53980c54,prod_2efa0aed0d6e67ecae58,var_d206780fbe564728bf65,cust_146342b7daf282ee6c93,5,"Lightweight feel, but I would size up next time.",positive,true_to_size,2026-02-02T20:02:51.000Z
rev_b389df60e1b9f02cf68c,prod_4fb11ac857411bda88a4,var_78ce2ee3c901aabec73e,cust_2ccaccf37ec1b8ab0d8e,3,Great race day option and the color looks sharp.,positive,true_to_size,2026-02-06T17:51:46.000Z
rev_8c011164546456b7e54d,prod_0189531a36c049171820,var_e7d27b69dfb62d802fec,cust_ecd2ea37dc9ba4b26584,5,Comfortable on long runs and held up well after washing.,neutral,runs_large,2026-02-08T20:04:14.000Z
rev_f07fb02e440ffe1bfa23,prod_72dfeba4701d415d317a,var_b93ffcc4df25b6049fd7,cust_6e142583300c8d777374,5,Solid daily gear. Fit was true to size for me.,neutral,true_to_size,2026-02-04T22:49:55.000Z
rev_446331649cf72980ac84,prod_0189531a36c049171820,var_a11d1e73dd135e3f1cb9,cust_6e142583300c8d777374,4,Comfortable on long runs and held up well after washing.,neutral,true_to_size,2026-02-13T07:20:59.000Z
rev_e792c0863548db1e80a8,prod_2efa0aed0d6e67ecae58,var_53840b82f1f41986b97b,cust_08c02d00dfdc24dd866c,5,Great race day option and the color looks sharp.,positive,true_to_size,2026-02-17T23:41:31.000Z
rev_59eb53cf323c608527a2,prod_72dfeba4701d415d317a,var_15a5da1605c0b6e7842d,cust_08c02d00dfdc24dd866c,5,Solid daily gear. Fit was true to size for me.,positive,true_to_size,2026-02-08T21:33:24.000Z
rev_e7c5b3e1c82db60ea58b,prod_2efa0aed0d6e67ecae58,var_5e478e2b39c40398fb76,cust_6b335b50b620a04750fa,4,"Good quality, but delivery took longer than expected.",neutral,true_to_size,2026-02-18T06:35:17.000Z
rev_c9a674bff5e899c610b4,prod_1aac77da65d619e6240f,var_19b6c0119781ca26cfab,cust_cdb0ce59d877631e9274,4,"Lightweight feel, but I would size up next time.",positive,true_to_size,2026-02-06T18:27:36.000Z
rev_76d416765c92d5523d1c,prod_ee93d55d30addeff6954,var_422a1ef6d8410f6c318d,cust_2b1aaf8b848a272915f1,3,Comfortable on long runs and held up well after washing.,neutral,true_to_size,2026-02-11T23:38:27.000Z
rev_4e02d9bd2dd9514a3377,prod_ee93d55d30addeff6954,var_9d18dbed26f272d168b2,cust_ad354e967cd48965cb87,5,Comfortable on long runs and held up well after washing.,positive,runs_small,2026-02-10T14:17:15.000Z
rev_ba3c6f25357db1c96215,prod_ee93d55d30addeff6954,var_b319dcd8931c568f8dde,cust_70187f9f298147acdba2,4,Great race day option and the color looks sharp.,positive,true_to_size,2026-02-04T17:33:20.000Z
rev_179149429488f7bf5fd2,prod_4fb11ac857411bda88a4,var_69ad1a308528a65fbf7f,cust_70187f9f298147acdba2,2,Loved the fabric and bought a second color.,positive,true_to_size,2026-02-08T23:06:33.000Z
rev_9b64bd231fc3a31a60e3,prod_ee93d55d30addeff6954,var_2d63af5c80cedd103436,cust_95bdce78df645b786700,5,Comfortable on long runs and held up well after washing.,positive,true_to_size,2026-02-17T14:17:14.000Z
rev_abd1530a82cc28abc7ce,prod_d43b2cf8fa29d7ae9b37,var_2abdb293ed839904df8a,cust_d907782f7f4bd245d722,3,Solid daily gear. Fit was true to size for me.,positive,true_to_size,2026-02-08T16:07:45.000Z
rev_b0ecb189ebfa94d275f4,prod_1aac77da65d619e6240f,var_827c52ca8f98abbcdae2,cust_b12eb8145810f86ffbf0,4,Great race day option and the color looks sharp.,positive,true_to_size,2026-02-10T11:13:28.000Z
rev_085fe8a827f1427a563a,prod_1aac77da65d619e6240f,var_aa467d7577abf3fbc60e,cust_c09335b491037a6b0c16,4,Comfortable on long runs and held up well after washing.,neutral,runs_large,2026-02-13T20:36:22.000Z
rev_a11d8bd3b58cf61cc7e0,prod_1aac77da65d619e6240f,var_3a2e554b388bcfe86ab3,cust_b1d3964929bc66978b7f,4,Comfortable on long runs and held up well after washing.,neutral,runs_small,2026-02-10T12:56:41.000Z
rev_8c004793f582352787c3,prod_4fb11ac857411bda88a4,var_0298ed73b20b2a58ddc3,cust_ac134c083581e3cd5179,5,"Good quality, but delivery took longer than expected.",positive,runs_small,2026-02-18T18:04:59.000Z
rev_70c6f1066f5b44e1bd9f,prod_438a44848bc196e6d975,var_70d6578905075ca6871b,cust_54acbb5eb83e11d3781e,4,"Good quality, but delivery took longer than expected.",positive,true_to_size,2026-02-05T08:32:33.000Z
rev_3af109d4970157fd73f2,prod_1aac77da65d619e6240f,var_b0665991d9649a256643,cust_e6a5771d24ba675dcf96,5,"Lightweight feel, but I would size up next time.",positive,runs_large,2026-02-09T19:19:52.000Z
rev_3782cfb84f5703b0cb17,prod_438a44848bc196e6d975,var_e117db91e6327b985328,cust_c2ab09602bbb83db18a1,5,"Lightweight feel, but I would size up next time.",neutral,runs_large,2026-02-05T15:04:44.000Z
rev_49df9912e7ce83fcc217,prod_4fb11ac857411bda88a4,var_94b54f7c484f05634866,cust_412fba66cbdf241c4cf3,5,Solid daily gear. Fit was true to size for me.,positive,true_to_size,2026-02-15T07:28:38.000Z
rev_201f41101cfc3c1dd347,prod_d43b2cf8fa29d7ae9b37,var_03696f04943b92dadb38,cust_467ab0d539e4f8df5b38,1,Comfortable on long runs and held up well after washing.,positive,true_to_size,2026-02-05T12:48:30.000Z
rev_1f957a4804421439f2a0,prod_438a44848bc196e6d975,var_8768929dc580179c1fad,cust_c15c61df386722731135,5,"Lightweight feel, but I would size up next time.",positive,true_to_size,2026-02-09T11:27:12.000Z
rev_4c5e527758de1850b377,prod_ee93d55d30addeff6954,var_efeb55e5136f27ed409c,cust_debfee9380f646c4ea97,4,"Good quality, but delivery took longer than expected.",positive,runs_small,2026-02-19T19:24:37.000Z
rev_4ea0b7e335076baa9b77,prod_ebe756215bbfcde882c1,var_5d625c4bbaa3b689d1db,cust_436d95cbd9e7fa5558a7,4,Loved the fabric and bought a second color.,negative,true_to_size,2026-02-12T13:24:19.000Z
rev_d0be81a253536d8cec46,prod_2efa0aed0d6e67ecae58,var_38d5b5f8cb87a53d650b,cust_436d95cbd9e7fa5558a7,5,Great race day option and the color looks sharp.,negative,true_to_size,2026-02-12T15:52:14.000Z
rev_0b5a4403af4e315b93fb,prod_ee93d55d30addeff6954,var_9cd2bb280dce3fa2e76b,cust_8fc5b70337426947f216,4,Comfortable on long runs and held up well after washing.,positive,runs_large,2026-02-10T22:07:28.000Z
rev_bdf198bf2dbe48ee01e5,prod_438a44848bc196e6d975,var_64d39327630553f2e1b9,cust_1333e0bee295f984813d,4,"Lightweight feel, but I would size up next time.",negative,true_to_size,2026-02-19T20:16:37.000Z
rev_bc64c800ab3b70076948,prod_ee93d55d30addeff6954,var_075418ff0be5cdb7558e,cust_e94912248fd38e1e5847,5,Comfortable on long runs and held up well after washing.,positive,true_to_size,2026-02-12T13:58:43.000Z
rev_eff8d38f95c609bd6e17,prod_d87cfc68d1aef053d198,var_199bb1069f0216fdcbf6,cust_cb5fca02f0f201d026d1,5,Great race day option and the color looks sharp.,positive,runs_small,2026-02-10T23:10:44.000Z
rev_bfe7fa54f055d4754205,prod_ee93d55d30addeff6954,var_b319dcd8931c568f8dde,cust_7b79498fd91d0e656b43,5,Loved the fabric and bought a second color.,positive,runs_small,2026-02-06T09:17:04.000Z
rev_f7be1e3a26c65114c998,prod_0189531a36c049171820,var_fa3dbd5a2054f66ebda8,cust_cb1fc1a5e988c9828c23,3,Great race day option and the color looks sharp.,positive,true_to_size,2026-02-09T11:03:56.000Z
rev_b6b1a7f831f48c450f4b,prod_ee93d55d30addeff6954,var_0b6ca25661b3bea06ed9,cust_ca261b0c38612a979bbf,4,Comfortable on long runs and held up well after washing.,positive,true_to_size,2026-02-21T09:30:42.000Z
rev_1e8fb2e58eaafa4466ea,prod_ebe756215bbfcde882c1,var_477f71369f8ec76bae72,cust_328212cdaf4efe2fe873,1,"Good quality, but delivery took longer than expected.",neutral,true_to_size,2026-02-11T20:31:08.000Z
rev_981717d0d75b86e4aba9,prod_0189531a36c049171820,var_7c8a95c30a2e093e0468,cust_9b28ab6acc6d0429690f,4,Solid daily gear. Fit was true to size for me.,positive,true_to_size,2026-02-14T21:14:46.000Z
rev_ce520e025e8cf33c1883,prod_0189531a36c049171820,var_6b0100cdc1ef1031469b,cust_6b335b50b620a04750fa,2,Great race day option and the color looks sharp.,negative,true_to_size,2026-02-13T07:51:55.000Z
rev_cfb52fd96610daaf52a7,prod_ebe756215bbfcde882c1,var_84ff60b1ac8610102053,cust_d898fb13ddb9f1e24f02,4,"Lightweight feel, but I would size up next time.",negative,runs_small,2026-02-07T13:42:32.000Z
rev_a512a63c4d8b0b720777,prod_1aac77da65d619e6240f,var_811e9c78b377b4e4453c,cust_08c02d00dfdc24dd866c,5,"Good quality, but delivery took longer than expected.",positive,true_to_size,2026-02-16T07:33:39.000Z
rev_3cdf11cdd948459a6f78,prod_4fb11ac857411bda88a4,var_6bfb37f2e216be599dfb,cust_df8b17a066e66de22bd1,3,Loved the fabric and bought a second color.,neutral,true_to_size,2026-02-09T21:03:35.000Z
rev_04aee26504dac659acc1,prod_438a44848bc196e6d975,var_2ea4bbd80d521a5e2104,cust_1cf9944894d03e06c25f,2,Comfortable on long runs and held up well after washing.,positive,runs_large,2026-02-19T06:01:16.000Z
rev_207f5f8730af069e52d7,prod_438a44848bc196e6d975,var_823a189d514c6e10865d,cust_7e527b76c1cf1c2c4080,3,Comfortable on long runs and held up well after washing.,neutral,true_to_size,2026-02-19T15:08:52.000Z
rev_bab9d2bb9dc42bdb782b,prod_0189531a36c049171820,var_6590129bf85a309d3f8f,cust_7e527b76c1cf1c2c4080,5,"Lightweight feel, but I would size up next time.",positive,true_to_size,2026-02-17T12:51:35.000Z
rev_35a7aa010625ba1b4567,prod_4fb11ac857411bda88a4,var_fad911836ba0bc2d17e3,cust_4bb29cd92ec0655449ec,5,"Good quality, but delivery took longer than expected.",neutral,true_to_size,2026-02-08T17:37:40.000Z
rev_6d9ce1d74cf505faa8ff,prod_ee93d55d30addeff6954,var_0f755faccbe419124cf5,cust_1975994da3f25777d5ca,5,"Good quality, but delivery took longer than expected.",positive,runs_small,2026-02-14T07:34:25.000Z
rev_9c5780e6c649c2288a8d,prod_2efa0aed0d6e67ecae58,var_64183720fcbbbd913ed0,cust_848ebf52158799e13ecc,5,Loved the fabric and bought a second color.,positive,true_to_size,2026-02-10T15:09:12.000Z
rev_15666abf5eaefa51c290,prod_438a44848bc196e6d975,var_6255fbba1fc1f01b7ee9,cust_1ebe1e9252b56f9112f9,4,"Lightweight feel, but I would size up next time.",positive,runs_small,2026-02-16T16:48:17.000Z
rev_e34afadbaeb0de5e85d6,prod_4fb11ac857411bda88a4,var_85a21cc286764b196eba,cust_4bb29cd92ec0655449ec,5,Great race day option and the color looks sharp.,negative,true_to_size,2026-02-16T20:03:20.000Z
rev_fdfd976d0c3baa33b1b3,prod_d43b2cf8fa29d7ae9b37,var_aa050b328bd26312a85e,cust_2b54470ace49b877ede2,5,Loved the fabric and bought a second color.,positive,true_to_size,2026-02-24T21:43:19.000Z
rev_a498ba673353107027bd,prod_ee93d55d30addeff6954,var_bd31f3105de2d7714577,cust_614b3290fb15d191aa72,3,"Lightweight feel, but I would size up next time.",positive,true_to_size,2026-02-14T07:09:29.000Z
rev_40692f17ea103fd63eb4,prod_d43b2cf8fa29d7ae9b37,var_41628dba54c9c6861c9d,cust_efbbc1d5552bef54395f,4,Solid daily gear. Fit was true to size for me.,positive,true_to_size,2026-02-22T14:28:46.000Z
rev_e7bbd008e3a4e8c4cc8b,prod_1aac77da65d619e6240f,var_b0665991d9649a256643,cust_bdabe3cad86f50f47fbc,2,Comfortable on long runs and held up well after washing.,positive,runs_large,2026-02-11T20:17:24.000Z
rev_fa8111d157e4d8ab2fd5,prod_2efa0aed0d6e67ecae58,var_e03ac89cc365fa42f93c,cust_5cd00214a3d7776aa2ed,4,"Good quality, but delivery took longer than expected.",positive,true_to_size,2026-02-18T08:14:56.000Z
rev_8544db33a4f89b8c1362,prod_1aac77da65d619e6240f,var_44f43fafea7f397d29fa,cust_8fb1d19dd4464026d68d,5,Great race day option and the color looks sharp.,positive,true_to_size,2026-02-13T18:56:37.000Z
rev_8875c914804d73940d56,prod_1aac77da65d619e6240f,var_5229b1982481efd531f3,cust_501a9ce8fd448c673fba,1,Comfortable on long runs and held up well after washing.,positive,runs_small,2026-02-17T22:21:34.000Z
rev_7b1532a4b03f49c71654,prod_d43b2cf8fa29d7ae9b37,var_e8598f4784994d3f8438,cust_bdabe3cad86f50f47fbc,4,Great race day option and the color looks sharp.,negative,runs_small,2026-02-11T07:22:48.000Z
rev_671b4966294c1023d336,prod_438a44848bc196e6d975,var_14bd7ed084b7132e19a3,cust_2a89b3f9a430105550f3,5,Comfortable on long runs and held up well after washing.,positive,true_to_size,2026-02-12T18:16:09.000Z
rev_cc89ea9bb655c0ec1887,prod_d43b2cf8fa29d7ae9b37,var_87e530ced3270be98f36,cust_2a89b3f9a430105550f3,4,Great race day option and the color looks sharp.,positive,true_to_size,2026-02-14T14:41:16.000Z
rev_26740401241315a7bb1d,prod_438a44848bc196e6d975,var_d50ecabaab63713dbe3c,cust_cff72b082ba654543c6b,5,"Lightweight feel, but I would size up next time.",positive,true_to_size,2026-02-20T13:41:49.000Z
rev_9560b44d4f3d6edae806,prod_d43b2cf8fa29d7ae9b37,var_03696f04943b92dadb38,cust_148ca07f01ffc8e32a81,3,"Good quality, but delivery took longer than expected.",positive,true_to_size,2026-02-17T20:45:56.000Z
rev_f835c74a56f1fd42e0e3,prod_4fb11ac857411bda88a4,var_b1841532494f148dfc95,cust_b964a419defd45cd75cb,4,"Good quality, but delivery took longer than expected.",negative,true_to_size,2026-02-19T10:18:14.000Z
rev_a7e2cd51c21f70254475,prod_1aac77da65d619e6240f,var_fe1215c4f405465a502b,cust_91785414ac14ff0da4cb,4,Comfortable on long runs and held up well after washing.,neutral,true_to_size,2026-02-25T12:36:22.000Z
rev_aec6340533d68fc63293,prod_4fb11ac857411bda88a4,var_8d03581fc9e13826e5f0,cust_21959317a9e84530421a,4,Great race day option and the color looks sharp.,neutral,runs_small,2026-02-14T11:19:09.000Z
rev_44f8df71981508596401,prod_2efa0aed0d6e67ecae58,var_0072c3c72ae42a25b5f3,cust_316cbcfd24f4f0e79d84,3,Loved the fabric and bought a second color.,positive,runs_small,2026-02-13T08:50:21.000Z
rev_fc52ee449ada3f83326c,prod_d43b2cf8fa29d7ae9b37,var_aa050b328bd26312a85e,cust_ac438756e3abf72024b7,4,"Good quality, but delivery took longer than expected.",positive,true_to_size,2026-02-23T21:50:44.000Z
rev_e903aa053a30f4b8a003,prod_4fb11ac857411bda88a4,var_63784919911926a972c2,cust_8dbbb261caa27bee69f5,4,"Lightweight feel, but I would size up next time.",positive,true_to_size,2026-02-14T10:49:13.000Z
rev_a28c75f6ea088ee6d80f,prod_438a44848bc196e6d975,var_0b2b595a7dc5b15f1c86,cust_ac7d7508254e90679874,3,"Good quality, but delivery took longer than expected.",positive,runs_small,2026-02-11T16:54:56.000Z
rev_809352ad1d6bc752cdce,prod_ee93d55d30addeff6954,var_ed3640d449d418509f57,cust_a169c4adfcb98c75eb75,3,"Good quality, but delivery took longer than expected.",positive,runs_small,2026-02-25T18:39:03.000Z
rev_31bf4096bfcaa5d0fb9e,prod_438a44848bc196e6d975,var_84b95c9fb4b7809f8a34,cust_7ff2aa33c3e41140643c,5,Great race day option and the color looks sharp.,neutral,true_to_size,2026-02-22T21:46:00.000Z
rev_3e2c965b268079d42055,prod_d43b2cf8fa29d7ae9b37,var_aa050b328bd26312a85e,cust_ad354e967cd48965cb87,4,Solid daily gear. Fit was true to size for me.,negative,true_to_size,2026-02-21T06:58:51.000Z
rev_7d2443903204d57462d0,prod_4fb11ac857411bda88a4,var_fc65fa629ab0cfab4741,cust_cb1fc1a5e988c9828c23,3,"Good quality, but delivery took longer than expected.",positive,true_to_size,2026-02-12T19:48:17.000Z
rev_b6df27bf1815f34bb20e,prod_438a44848bc196e6d975,var_2ea4bbd80d521a5e2104,cust_af5b95d0af14748eb535,4,Comfortable on long runs and held up well after washing.,positive,true_to_size,2026-02-20T23:33:09.000Z
rev_ab81d4aac2830a8397c8,prod_72dfeba4701d415d317a,var_be4c5e4aeb2733383b86,cust_e869c7647a8b943c72e3,5,"Good quality, but delivery took longer than expected.",neutral,true_to_size,2026-02-13T07:25:30.000Z
rev_d7a312ba7b3a2de5131b,prod_4fb11ac857411bda88a4,var_71823e970238e186821c,cust_bb09396f094fc84678a2,5,Comfortable on long runs and held up well after washing.,positive,true_to_size,2026-02-14T09:44:00.000Z
rev_b2ce38db5c7c49a2e5c3,prod_d43b2cf8fa29d7ae9b37,var_caae1453b01f7b10b548,cust_30fed5e1ab477d9d67d4,3,Comfortable on long runs and held up well after washing.,positive,true_to_size,2026-02-18T07:49:47.000Z
rev_3001b890eed106f039bb,prod_4fb11ac857411bda88a4,var_acbadd53c4704809d846,cust_fd1289f43a768f6a571b,5,Great race day option and the color looks sharp.,positive,true_to_size,2026-02-15T23:24:17.000Z
rev_ab3ce14d2374c78dfecf,prod_0189531a36c049171820,var_a11d1e73dd135e3f1cb9,cust_cdf9e06f23e0c5d542fd,4,Comfortable on long runs and held up well after washing.,positive,true_to_size,2026-02-24T15:49:08.000Z
rev_d424efd6653f929980d0,prod_4fb11ac857411bda88a4,var_79dbcc3eddbb79b3678b,cust_2a89b3f9a430105550f3,5,Solid daily gear. Fit was true to size for me.,negative,true_to_size,2026-02-22T14:43:09.000Z
rev_9a0a5245350781f75ef3,prod_0189531a36c049171820,var_a11d1e73dd135e3f1cb9,cust_c6d7f3bf5521bfa7156a,2,Great race day option and the color looks sharp.,positive,true_to_size,2026-02-15T10:00:59.000Z
rev_5b7983fc54d46b313170,prod_1aac77da65d619e6240f,var_11a4e26a7ab75dc78c86,cust_43217afa457ce5ec8912,5,Comfortable on long runs and held up well after washing.,positive,true_to_size,2026-02-17T23:27:35.000Z
rev_72de8372e774094e1fc8,prod_4fb11ac857411bda88a4,var_8d03581fc9e13826e5f0,cust_43217afa457ce5ec8912,4,Solid daily gear. Fit was true to size for me.,positive,runs_small,2026-02-11T20:10:34.000Z
rev_dd1eba8581521b060218,prod_d43b2cf8fa29d7ae9b37,var_b35ae4d77d0efb3389d3,cust_16fcce8bad58452d4d48,5,Loved the fabric and bought a second color.,neutral,true_to_size,2026-02-23T13:24:05.000Z
rev_1af6408830607f5fb72c,prod_2efa0aed0d6e67ecae58,var_32173c8dbdf8eac79214,cust_16fcce8bad58452d4d48,4,Great race day option and the color looks sharp.,neutral,runs_large,2026-02-25T17:00:43.000Z
rev_5456d4c44ff0b980f6ec,prod_0189531a36c049171820,var_360731b0a803c24bfd69,cust_c5067842280d18fd24fa,2,Great race day option and the color looks sharp.,positive,true_to_size,2026-02-27T10:28:39.000Z
rev_ba1a5efb2fe549db2392,prod_1aac77da65d619e6240f,var_aa467d7577abf3fbc60e,cust_66188d7ebd50d228c645,5,Great race day option and the color looks sharp.,negative,runs_small,2026-02-13T11:34:12.000Z
rev_a588ec10b873a07868d5,prod_4fb11ac857411bda88a4,var_03e26300920b777b60ce,cust_e6eab57226dd0905819b,4,"Lightweight feel, but I would size up next time.",positive,true_to_size,2026-02-13T19:19:07.000Z
rev_1cad3b344eb461514392,prod_438a44848bc196e6d975,var_17ee5bcff06d14279787,cust_d5fd1bec62f1d3fa4437,5,Comfortable on long runs and held up well after washing.,positive,runs_small,2026-02-17T09:30:26.000Z
rev_7c061392840071a55578,prod_d43b2cf8fa29d7ae9b37,var_db3c0fa83abed429ed33,cust_b144448284e3d7a7813a,5,"Lightweight feel, but I would size up next time.",positive,true_to_size,2026-02-28T09:41:52.000Z
rev_4359f904e306e1e3ee14,prod_1aac77da65d619e6240f,var_b18529e43b561104e73d,cust_81b15429ca1f61c0f2c5,4,Great race day option and the color looks sharp.,positive,runs_small,2026-02-13T12:37:08.000Z
rev_7f98a5191c8477421d62,prod_0189531a36c049171820,var_7c8a95c30a2e093e0468,cust_2b8c8982e212731bc533,5,"Lightweight feel, but I would size up next time.",positive,true_to_size,2026-02-28T16:30:25.000Z
rev_f138f055ba5e34f7e7a1,prod_ebe756215bbfcde882c1,var_0c2a56074856654cc09c,cust_d42bee5275c5e39ccde3,5,Loved the fabric and bought a second color.,positive,true_to_size,2026-02-16T13:26:26.000Z
rev_5ec8e5ae83d6ce101c3d,prod_0189531a36c049171820,var_b328308955a099219aba,cust_73a2dde28c118f306703,3,"Lightweight feel, but I would size up next time.",neutral,runs_large,2026-02-28T18:37:29.000Z
rev_000842118cb913fe0757,prod_1aac77da65d619e6240f,var_fada642b3d793e48890b,cust_cdc2ca99ddaf6c5f9e8d,5,"Good quality, but delivery took longer than expected.",positive,true_to_size,2026-02-18T12:31:10.000Z
rev_839da52bf2d07de63345,prod_438a44848bc196e6d975,var_a7daae96f9b2f50dfdef,cust_2cfffb018b6da486c1a0,5,"Good quality, but delivery took longer than expected.",positive,runs_small,2026-02-25T14:58:39.000Z
rev_a07f1cf39466a14892ea,prod_d43b2cf8fa29d7ae9b37,var_03696f04943b92dadb38,cust_fad144248cd02ec15ecb,4,Great race day option and the color looks sharp.,negative,runs_small,2026-02-22T10:45:44.000Z
rev_8637495bfbb79e04e60d,prod_1aac77da65d619e6240f,var_30a71ca69a0597e20603,cust_a3015f1f870b5fca5351,3,Loved the fabric and bought a second color.,positive,runs_small,2026-03-01T19:25:55.000Z
rev_0b9403cf8b1d2dc2b5dc,prod_ee93d55d30addeff6954,var_70fe6fd57228fdd24400,cust_3c63706c154e87820548,4,Comfortable on long runs and held up well after washing.,negative,runs_small,2026-03-01T20:30:55.000Z
rev_d6eb0b953ae57e26670e,prod_0189531a36c049171820,var_1bc3cc6be2d148f68d07,cust_848ebf52158799e13ecc,4,Loved the fabric and bought a second color.,positive,runs_small,2026-02-14T08:20:21.000Z
rev_d0ffefa75de4d2f38946,prod_ea26883fb1deabd15141,var_be2b12a3e53e8671f3d6,cust_10851c153ac0ce09be54,2,"Lightweight feel, but I would size up next time.",positive,true_to_size,2026-02-22T12:54:31.000Z
rev_5fbb230b4ee2dee142d5,prod_4fb11ac857411bda88a4,var_b9b996a2b08ed40ea006,cust_511abf75823afc04e5e6,4,"Good quality, but delivery took longer than expected.",positive,true_to_size,2026-02-16T14:37:12.000Z
rev_9ec935b18eaccd18fe21,prod_d43b2cf8fa29d7ae9b37,var_e458e9983f2d79d6ed15,cust_000bf4686aa35097e80f,4,"Lightweight feel, but I would size up next time.",positive,true_to_size,2026-02-15T17:40:58.000Z
rev_a0a0106d747070598f65,prod_4fb11ac857411bda88a4,var_b9b996a2b08ed40ea006,cust_000bf4686aa35097e80f,4,Loved the fabric and bought a second color.,positive,true_to_size,2026-02-18T19:30:10.000Z
rev_9a46f75c1f5971dcd48c,prod_72dfeba4701d415d317a,var_8a23a15f6866bdee9409,cust_cce75e8b4a0e1584bf8d,1,"Lightweight feel, but I would size up next time.",positive,true_to_size,2026-02-23T07:46:05.000Z
rev_0556fed023ffca08e68f,prod_438a44848bc196e6d975,var_a7daae96f9b2f50dfdef,cust_1333e0bee295f984813d,3,Loved the fabric and bought a second color.,positive,runs_small,2026-02-15T20:06:42.000Z
rev_303b2162068d9a87fb87,prod_ee93d55d30addeff6954,var_c9ae287d0fd94aec879d,cust_b12eb8145810f86ffbf0,4,"Lightweight feel, but I would size up next time.",positive,true_to_size,2026-02-16T11:30:05.000Z
rev_2ccebde55f78220802f2,prod_72dfeba4701d415d317a,var_cf614c1f8ce5ad152f86,cust_538e92c2a1475c05775b,5,Solid daily gear. Fit was true to size for me.,positive,true_to_size,2026-02-23T10:49:47.000Z
rev_6e6ec1a09a66ac6a29a3,prod_ee93d55d30addeff6954,var_8d654d633876e75e4317,cust_96abe667a8296531b8f6,5,"Lightweight feel, but I would size up next time.",positive,true_to_size,2026-02-25T23:27:32.000Z
rev_2854984091405462bed9,prod_0189531a36c049171820,var_ab88c6de58ee2fcdf9e4,cust_96abe667a8296531b8f6,5,Great race day option and the color looks sharp.,neutral,runs_large,2026-03-02T21:37:07.000Z
rev_d9ac07d2887fb803c3b5,prod_ee93d55d30addeff6954,var_075418ff0be5cdb7558e,cust_6bfad8f52539c61744e5,4,Solid daily gear. Fit was true to size for me.,positive,true_to_size,2026-03-02T15:53:25.000Z
rev_b46395662b29e6b32151,prod_1aac77da65d619e6240f,var_827c52ca8f98abbcdae2,cust_6b27d2ac0e52d35bbab1,5,Great race day option and the color looks sharp.,positive,runs_large,2026-02-22T06:35:47.000Z
rev_618c071491ad5d192b33,prod_72dfeba4701d415d317a,var_a4481e5f98f473cda093,cust_e6a5771d24ba675dcf96,4,Loved the fabric and bought a second color.,positive,true_to_size,2026-03-03T09:32:01.000Z
rev_b2316ed20293edf6ea67,prod_ea26883fb1deabd15141,var_8fe117c6a6c73be68252,cust_b092439e3482162bb1f0,5,"Lightweight feel, but I would size up next time.",negative,runs_large,2026-02-25T14:17:12.000Z
rev_c24bf3b583919c8a0bf3,prod_d43b2cf8fa29d7ae9b37,var_5db963bcd8fbf81b2e05,cust_b092439e3482162bb1f0,4,Loved the fabric and bought a second color.,negative,true_to_size,2026-02-26T15:03:35.000Z
rev_ebc18426fcc8d8b83ad4,prod_30d7a0ddc2ef16ba66b9,var_5ad21b0b072b59385182,cust_d035c9e34cd3c3bf0acf,5,Great race day option and the color looks sharp.,neutral,true_to_size,2026-02-25T14:05:09.000Z
rev_6a2cf0a0754951778bf2,prod_4fb11ac857411bda88a4,var_71823e970238e186821c,cust_d035c9e34cd3c3bf0acf,5,Comfortable on long runs and held up well after washing.,positive,true_to_size,2026-02-23T22:20:51.000Z
rev_a611ef300152a4b20501,prod_ebe756215bbfcde882c1,var_1712a2d5f6a5d208055e,cust_16dc6b21cf8de25a266c,5,"Good quality, but delivery took longer than expected.",neutral,true_to_size,2026-02-24T19:09:45.000Z
rev_a4c8389e4b7dd49006fa,prod_438a44848bc196e6d975,var_b205c40ad363b680ec58,cust_412fba66cbdf241c4cf3,5,"Lightweight feel, but I would size up next time.",positive,true_to_size,2026-02-16T19:31:49.000Z
rev_44f9de4dd92a84456a9a,prod_ee93d55d30addeff6954,var_269576cae5504f7beee6,cust_7cb6891c74a5e76c5c9e,4,Solid daily gear. Fit was true to size for me.,positive,true_to_size,2026-02-23T08:36:08.000Z
rev_88e0e315d586f0f79f8e,prod_4fb11ac857411bda88a4,var_85a21cc286764b196eba,cust_f336ad54cc31feee26ca,4,"Good quality, but delivery took longer than expected.",neutral,true_to_size,2026-02-27T08:27:52.000Z
rev_0c3cc649d99d4cd93e0a,prod_1aac77da65d619e6240f,var_11a4e26a7ab75dc78c86,cust_66865f0e803c6eb9c856,5,Loved the fabric and bought a second color.,positive,runs_small,2026-02-26T20:09:04.000Z
rev_7489e3a06eee361970dc,prod_0189531a36c049171820,var_e7d27b69dfb62d802fec,cust_d907782f7f4bd245d722,4,Comfortable on long runs and held up well after washing.,neutral,runs_large,2026-02-19T16:52:34.000Z
rev_bde680282c8d5e004aa8,prod_2efa0aed0d6e67ecae58,var_32173c8dbdf8eac79214,cust_d907782f7f4bd245d722,4,Great race day option and the color looks sharp.,positive,runs_large,2026-02-20T16:10:19.000Z
rev_762592ddecc114d564db,prod_438a44848bc196e6d975,var_0b5c0ad0f1e4e8da6ed8,cust_e47ff41e49cf3cfdce92,3,Loved the fabric and bought a second color.,positive,true_to_size,2026-03-03T06:02:03.000Z
rev_c46aaae1d70efb24a7fd,prod_ebe756215bbfcde882c1,var_84ff60b1ac8610102053,cust_412fba66cbdf241c4cf3,5,Solid daily gear. Fit was true to size for me.,positive,runs_small,2026-03-04T23:57:22.000Z
rev_25a1c20d1253f5fe6266,prod_1aac77da65d619e6240f,var_3a2e554b388bcfe86ab3,cust_d907782f7f4bd245d722,4,"Good quality, but delivery took longer than expected.",neutral,true_to_size,2026-03-04T09:09:36.000Z
rev_8774086b12659857517f,prod_d43b2cf8fa29d7ae9b37,var_d3aca37c9bca975444e2,cust_e91d3272d04798f95e90,5,Loved the fabric and bought a second color.,positive,true_to_size,2026-02-22T11:45:15.000Z
rev_db68c62b994ab6629e8c,prod_438a44848bc196e6d975,var_2ea4bbd80d521a5e2104,cust_e86f24a668d1f41b8ec6,4,Comfortable on long runs and held up well after washing.,negative,runs_small,2026-02-20T18:58:23.000Z
rev_9f80eaeeadd67d213d04,prod_438a44848bc196e6d975,var_f6a18c0e86b9ac9532f4,cust_91785414ac14ff0da4cb,3,"Lightweight feel, but I would size up next time.",neutral,true_to_size,2026-02-22T06:27:20.000Z
rev_8077af9f9ce598f2faf2,prod_4fb11ac857411bda88a4,var_2683dc797f5a0706de2c,cust_bdabe3cad86f50f47fbc,3,"Good quality, but delivery took longer than expected.",positive,true_to_size,2026-02-19T18:38:00.000Z
rev_228ff205da1b3c68e649,prod_ee93d55d30addeff6954,var_ed3640d449d418509f57,cust_ca261b0c38612a979bbf,1,Comfortable on long runs and held up well after washing.,neutral,runs_large,2026-02-17T08:52:12.000Z
rev_2559eb64178c5fe11d86,prod_0189531a36c049171820,var_0f3bd97c57258221527f,cust_6eab7611d16fd88eac5e,3,Loved the fabric and bought a second color.,neutral,true_to_size,2026-02-17T06:07:40.000Z
rev_03c5a60f678cbec20f6e,prod_4fb11ac857411bda88a4,var_fc65fa629ab0cfab4741,cust_cff72b082ba654543c6b,5,Comfortable on long runs and held up well after washing.,positive,runs_large,2026-02-26T09:53:55.000Z
rev_f55b623149b5d333378b,prod_d43b2cf8fa29d7ae9b37,var_89efa340b18949bb9c2f,cust_432ec66e6e818d95ccf6,3,Comfortable on long runs and held up well after washing.,negative,true_to_size,2026-02-22T08:30:49.000Z
rev_90b6cc1bfb1f75a358e9,prod_2efa0aed0d6e67ecae58,var_3faf67b40721672e3de6,cust_7d6e3ddb19b67fb167c8,4,Great race day option and the color looks sharp.,positive,true_to_size,2026-03-03T09:42:37.000Z
rev_b13625678e5bea1eb578,prod_ee93d55d30addeff6954,var_43a5f128559af0f8f854,cust_a66e9b7eaafe9b358254,4,Loved the fabric and bought a second color.,negative,runs_large,2026-03-01T06:41:38.000Z
rev_d3877e74aeb9e0fcb8ad,prod_0189531a36c049171820,var_3827fef61cdfb42fbde9,cust_a66e9b7eaafe9b358254,3,Great race day option and the color looks sharp.,positive,true_to_size,2026-03-03T10:46:16.000Z
rev_fa5aca1e66770cdc5e9d,prod_72dfeba4701d415d317a,var_e55f60ce5370c732b493,cust_fc9c75285535b4b79fcb,5,"Good quality, but delivery took longer than expected.",positive,true_to_size,2026-02-21T10:57:58.000Z
rev_1abe45b415ffbbac782c,prod_4fb11ac857411bda88a4,var_69ad1a308528a65fbf7f,cust_1cf9944894d03e06c25f,5,Loved the fabric and bought a second color.,positive,true_to_size,2026-03-01T19:08:16.000Z
rev_7f9e92be4ef719e21c75,prod_d43b2cf8fa29d7ae9b37,var_320e93b779cc3f59b69d,cust_1ad7998afff84345bca8,3,Loved the fabric and bought a second color.,positive,runs_small,2026-02-27T13:07:36.000Z
rev_bf5aa8b252adbf83781a,prod_0189531a36c049171820,var_3827fef61cdfb42fbde9,cust_fa51023e36fdb9166344,4,Comfortable on long runs and held up well after washing.,positive,runs_small,2026-02-22T22:30:56.000Z
rev_b58a489e82ce93973e56,prod_0189531a36c049171820,var_51f120a7b2c0d86f9a2b,cust_56974b85b37b93375239,5,Comfortable on long runs and held up well after washing.,positive,true_to_size,2026-03-03T15:30:36.000Z
rev_9c20af34132ff854dae6,prod_438a44848bc196e6d975,var_f6a18c0e86b9ac9532f4,cust_56974b85b37b93375239,3,Great race day option and the color looks sharp.,neutral,true_to_size,2026-03-04T20:52:30.000Z
rev_f95b91a9f358828f2f15,prod_ee93d55d30addeff6954,var_7929a442006436a2f4b9,cust_7e9ea4d64b88b21cef31,4,"Lightweight feel, but I would size up next time.",positive,true_to_size,2026-02-21T14:03:28.000Z
rev_875e2b31887ddcfb9cc8,prod_d43b2cf8fa29d7ae9b37,var_a63023dcf36046e5dc4e,cust_4895dbddd79903ccf492,2,Great race day option and the color looks sharp.,negative,true_to_size,2026-02-20T22:23:27.000Z
rev_8d9acba73a25051d54ed,prod_ee93d55d30addeff6954,var_0f755faccbe419124cf5,cust_661321ee31a6a91c244d,5,Solid daily gear. Fit was true to size for me.,positive,true_to_size,2026-03-01T12:42:19.000Z
rev_b9febd927a8c53c70b6d,prod_438a44848bc196e6d975,var_b45c40adf3eb6d63798c,cust_fa51023e36fdb9166344,5,"Lightweight feel, but I would size up next time.",neutral,true_to_size,2026-03-01T16:29:13.000Z
rev_61d23e29b92f457322e0,prod_4fb11ac857411bda88a4,var_6b4cde94e24613aa178d,cust_1f1c412c9122bcb921b8,2,Loved the fabric and bought a second color.,positive,true_to_size,2026-03-04T07:05:32.000Z
rev_80e03e717581d56314f1,prod_4fb11ac857411bda88a4,var_85a21cc286764b196eba,cust_8296979f53294e132149,4,"Lightweight feel, but I would size up next time.",positive,true_to_size,2026-02-21T22:12:52.000Z
rev_be526d708bca643d536a,prod_1aac77da65d619e6240f,var_5229b1982481efd531f3,cust_0e0ecc1fbbcb18096d03,3,"Lightweight feel, but I would size up next time.",positive,true_to_size,2026-02-27T11:01:21.000Z
rev_9805270e5c5c07dbac9f,prod_ea26883fb1deabd15141,var_bc45956a6234980b8431,cust_4b374231b25bece7e418,4,Solid daily gear. Fit was true to size for me.,positive,true_to_size,2026-03-03T09:57:41.000Z
rev_6689a344ce3db69582cd,prod_72dfeba4701d415d317a,var_0088bda42ae04ba0e6f0,cust_54acbb5eb83e11d3781e,3,Solid daily gear. Fit was true to size for me.,positive,true_to_size,2026-02-20T19:17:35.000Z
rev_14434383039a9293d5e6,prod_1aac77da65d619e6240f,var_5229b1982481efd531f3,cust_91785414ac14ff0da4cb,4,Loved the fabric and bought a second color.,positive,true_to_size,2026-02-27T20:57:16.000Z
rev_ba20db084ff740ef1ffb,prod_d43b2cf8fa29d7ae9b37,var_db3c0fa83abed429ed33,cust_67eebda896395a8819e2,5,Solid daily gear. Fit was true to size for me.,positive,runs_small,2026-02-28T17:09:56.000Z
rev_e7391aa4b23ab93b5b18,prod_d43b2cf8fa29d7ae9b37,var_03696f04943b92dadb38,cust_5f4e42e80a7a38703708,5,Loved the fabric and bought a second color.,positive,true_to_size,2026-03-04T08:43:47.000Z
rev_74b07d02891cb8a7153a,prod_2efa0aed0d6e67ecae58,var_d206780fbe564728bf65,cust_614b3290fb15d191aa72,3,"Good quality, but delivery took longer than expected.",positive,runs_large,2026-03-01T16:13:26.000Z
rev_64665b25bc90a4da1742,prod_d43b2cf8fa29d7ae9b37,var_320e93b779cc3f59b69d,cust_7b79498fd91d0e656b43,5,Solid daily gear. Fit was true to size for me.,positive,true_to_size,2026-02-21T17:08:35.000Z
rev_f7ccf00a3e65e54d6547,prod_2efa0aed0d6e67ecae58,var_fe046aec4c2aa733984d,cust_df37d1e9d455e7444df9,4,Loved the fabric and bought a second color.,neutral,true_to_size,2026-03-07T07:18:57.000Z
rev_c47fecc2bb1228cbbdd4,prod_ee93d55d30addeff6954,var_6fbe552270a22d50cfd4,cust_ecd2ea37dc9ba4b26584,2,Loved the fabric and bought a second color.,positive,true_to_size,2026-02-28T18:39:11.000Z
rev_3e90a3bacba9b7b706ad,prod_0189531a36c049171820,var_e1d35731895df46c299d,cust_e9cf057121b9d83b352b,4,Solid daily gear. Fit was true to size for me.,positive,true_to_size,2026-02-25T06:14:32.000Z
rev_258006770f23f897be4d,prod_72dfeba4701d415d317a,var_261e93378c2ea03cf536,cust_7cb6891c74a5e76c5c9e,3,Comfortable on long runs and held up well after washing.,positive,true_to_size,2026-02-23T15:26:54.000Z
rev_d33611a2182d611bc326,prod_0189531a36c049171820,var_6b0100cdc1ef1031469b,cust_8fb1d19dd4464026d68d,4,Loved the fabric and bought a second color.,positive,true_to_size,2026-02-21T16:38:02.000Z
rev_a5b2dc8285f328a8c8ea,prod_438a44848bc196e6d975,var_d50ecabaab63713dbe3c,cust_848ebf52158799e13ecc,4,Comfortable on long runs and held up well after washing.,positive,true_to_size,2026-02-21T17:04:57.000Z
rev_7bb0c4963c40ef563cc5,prod_2efa0aed0d6e67ecae58,var_8031b1936b5e05c16a08,cust_d907782f7f4bd245d722,4,"Lightweight feel, but I would size up next time.",positive,true_to_size,2026-02-22T12:25:32.000Z
rev_4d51cd7122101d31945b,prod_d87cfc68d1aef053d198,var_7867058976a19bca1d0d,cust_21959317a9e84530421a,5,"Lightweight feel, but I would size up next time.",neutral,true_to_size,2026-03-03T08:47:47.000Z
rev_cde5eb542961daeb2883,prod_d43b2cf8fa29d7ae9b37,var_aa050b328bd26312a85e,cust_1ca679561fc759324523,2,Comfortable on long runs and held up well after washing.,neutral,true_to_size,2026-02-25T21:42:18.000Z
rev_317d620c5fc57e847d9f,prod_438a44848bc196e6d975,var_c87f257a229ce7eafa08,cust_abc53a8a715b6a1e1f69,4,Loved the fabric and bought a second color.,positive,true_to_size,2026-03-08T09:08:27.000Z
rev_e680c955df415633b4e6,prod_438a44848bc196e6d975,var_17ee5bcff06d14279787,cust_7ad3753e599d655e7e0a,2,"Lightweight feel, but I would size up next time.",positive,true_to_size,2026-02-28T17:54:30.000Z
rev_e575c313f9dca4cf2425,prod_ea26883fb1deabd15141,var_a18ec8356e2d553dbf65,cust_7ad3753e599d655e7e0a,2,"Good quality, but delivery took longer than expected.",positive,true_to_size,2026-03-06T08:44:40.000Z
rev_d25ebfca43e207ce4749,prod_72dfeba4701d415d317a,var_1a7a54f91d9a9784b173,cust_432ec66e6e818d95ccf6,3,Comfortable on long runs and held up well after washing.,neutral,true_to_size,2026-02-25T17:24:33.000Z
rev_22c60c42b45851a3ce66,prod_438a44848bc196e6d975,var_b205c40ad363b680ec58,cust_31b8ebfb1e307d66a731,2,Comfortable on long runs and held up well after washing.,positive,runs_small,2026-03-05T15:38:45.000Z
rev_78ba21a7a4e4d305a933,prod_72dfeba4701d415d317a,var_abf4b066285529554ec5,cust_f9eadae9668808f62fee,2,Great race day option and the color looks sharp.,positive,runs_large,2026-03-04T22:49:14.000Z
rev_594efc6cc804eaebb1fb,prod_0189531a36c049171820,var_e1d35731895df46c299d,cust_1aae00d28d3a00bcea0a,4,Loved the fabric and bought a second color.,positive,true_to_size,2026-03-01T09:54:52.000Z
rev_81d6925876503da2f9be,prod_2efa0aed0d6e67ecae58,var_0cf84000f5859801c60f,cust_821bda0bd0aa72b0d0eb,5,Solid daily gear. Fit was true to size for me.,positive,true_to_size,2026-03-05T10:49:00.000Z
rev_5aee16b49139acbaf7a2,prod_0189531a36c049171820,var_ec38e216853971e3ca9c,cust_821bda0bd0aa72b0d0eb,3,Great race day option and the color looks sharp.,neutral,true_to_size,2026-03-08T06:58:49.000Z
rev_c6a956cd8e72f151e547,prod_d43b2cf8fa29d7ae9b37,var_87e530ced3270be98f36,cust_2f4de23108b6aeb22333,5,Solid daily gear. Fit was true to size for me.,positive,true_to_size,2026-03-03T13:46:06.000Z
rev_c8d36706138866059f91,prod_72dfeba4701d415d317a,var_cf614c1f8ce5ad152f86,cust_ac438756e3abf72024b7,4,Loved the fabric and bought a second color.,positive,true_to_size,2026-03-08T14:19:48.000Z
rev_0b214b406a76a1d41d25,prod_438a44848bc196e6d975,var_0b5c0ad0f1e4e8da6ed8,cust_4848a15725d897620437,4,"Lightweight feel, but I would size up next time.",positive,runs_large,2026-03-04T18:00:14.000Z
rev_2cda4142044ba66f70d0,prod_2efa0aed0d6e67ecae58,var_2a91c104878870f34df4,cust_2ccaccf37ec1b8ab0d8e,5,Great race day option and the color looks sharp.,negative,true_to_size,2026-03-08T22:27:37.000Z
rev_ee54d11b1c61b054eff6,prod_d43b2cf8fa29d7ae9b37,var_5db963bcd8fbf81b2e05,cust_1ebe1e9252b56f9112f9,5,Comfortable on long runs and held up well after washing.,positive,runs_large,2026-03-05T20:19:54.000Z
rev_4a6104d1885391ff2445,prod_72dfeba4701d415d317a,var_b93ffcc4df25b6049fd7,cust_cff72b082ba654543c6b,2,Loved the fabric and bought a second color.,neutral,true_to_size,2026-03-07T08:22:29.000Z
rev_8f90acab851a019d88ed,prod_ee93d55d30addeff6954,var_9d18dbed26f272d168b2,cust_3086392983eb9effb4e4,4,"Good quality, but delivery took longer than expected.",neutral,true_to_size,2026-03-06T13:45:38.000Z
rev_ef3fbf26a6847ac67f8b,prod_72dfeba4701d415d317a,var_a8e55173ba8ba00fbb58,cust_e6a5771d24ba675dcf96,5,Comfortable on long runs and held up well after washing.,positive,true_to_size,2026-03-04T21:16:11.000Z
rev_36b7984dca8e9b215594,prod_2efa0aed0d6e67ecae58,var_1e08d41c5ab96cce1ce2,cust_316cbcfd24f4f0e79d84,5,"Good quality, but delivery took longer than expected.",positive,true_to_size,2026-03-06T12:38:33.000Z
rev_941072dd27b36ac0f9e8,prod_2efa0aed0d6e67ecae58,var_32173c8dbdf8eac79214,cust_52f2840b20ba042a6964,4,Great race day option and the color looks sharp.,positive,true_to_size,2026-02-23T21:45:24.000Z
rev_aacaad6dc319a6019bdd,prod_438a44848bc196e6d975,var_410af979ba0b61e8b1fa,cust_8a1354d33d0acff52b54,5,Great race day option and the color looks sharp.,negative,true_to_size,2026-03-06T13:08:37.000Z
rev_a1855c76c1227bb72fb9,prod_ee93d55d30addeff6954,var_c9ae287d0fd94aec879d,cust_1333e0bee295f984813d,5,Great race day option and the color looks sharp.,neutral,true_to_size,2026-03-02T13:41:02.000Z
rev_f9a7c801d4f10d4fd9fb,prod_1aac77da65d619e6240f,var_f4e84136e702c56fc319,cust_3f8529347d90a51ab98b,3,Solid daily gear. Fit was true to size for me.,positive,true_to_size,2026-02-25T09:24:21.000Z
rev_9b562b29164154037171,prod_0189531a36c049171820,var_b9ed5b404fd99996ec9f,cust_4e9ae64800f86f0c0b4a,1,"Lightweight feel, but I would size up next time.",positive,runs_small,2026-03-01T17:07:10.000Z
rev_a583a1225720487cc54b,prod_30d7a0ddc2ef16ba66b9,var_cb896475831a28934bfe,cust_b57181827b8c8d613a68,5,Comfortable on long runs and held up well after washing.,positive,true_to_size,2026-03-05T08:32:28.000Z
rev_5f81b1069178fa661109,prod_1aac77da65d619e6240f,var_b0665991d9649a256643,cust_148ca07f01ffc8e32a81,5,Loved the fabric and bought a second color.,positive,runs_large,2026-02-24T14:40:51.000Z
rev_2209f7071274a27aabf1,prod_30d7a0ddc2ef16ba66b9,var_5ad21b0b072b59385182,cust_7e9ea4d64b88b21cef31,5,Comfortable on long runs and held up well after washing.,positive,true_to_size,2026-03-06T12:56:03.000Z
rev_cdcb64411f177a0c6ed3,prod_d43b2cf8fa29d7ae9b37,var_a02a8c90a7e79350209b,cust_7cb6891c74a5e76c5c9e,5,"Good quality, but delivery took longer than expected.",neutral,true_to_size,2026-03-10T23:50:33.000Z
rev_80c7aa30f737e040bbb5,prod_4fb11ac857411bda88a4,var_2f00cf3713efd884f325,cust_730e9a06b9dc61524e23,5,Loved the fabric and bought a second color.,neutral,runs_large,2026-03-01T23:48:07.000Z
rev_41a5cd1cf63c2f9a180a,prod_d43b2cf8fa29d7ae9b37,var_f3e3682f5daf474543ab,cust_67dfa234a5499925ce5f,5,"Lightweight feel, but I would size up next time.",positive,true_to_size,2026-02-24T17:43:49.000Z
rev_79f1b79beb4199c4c14b,prod_ee93d55d30addeff6954,var_0b6ca25661b3bea06ed9,cust_a296bfa72622312112b8,4,"Good quality, but delivery took longer than expected.",positive,runs_small,2026-03-10T15:05:38.000Z
rev_6b5edb8bf5473b03c9eb,prod_438a44848bc196e6d975,var_eaa58626775f5e10787c,cust_a296bfa72622312112b8,3,"Good quality, but delivery took longer than expected.",positive,true_to_size,2026-03-01T12:17:01.000Z
rev_82b1b24fb0c47958812c,prod_ee93d55d30addeff6954,var_b319dcd8931c568f8dde,cust_7fae067d271e7695bece,3,Great race day option and the color looks sharp.,positive,runs_small,2026-03-10T15:36:12.000Z
rev_b653fc7a3fc4efb4fef1,prod_1aac77da65d619e6240f,var_582d11378691a5a6e4e9,cust_8603c25c7f8e2cc54116,5,Solid daily gear. Fit was true to size for me.,positive,true_to_size,2026-02-27T09:22:42.000Z
rev_7996c6dece36d7a57966,prod_4fb11ac857411bda88a4,var_03e26300920b777b60ce,cust_be4bb82483fff1091a8b,5,Solid daily gear. Fit was true to size for me.,positive,true_to_size,2026-03-01T11:39:52.000Z
rev_bd667b2c3d0c09f74baf,prod_1aac77da65d619e6240f,var_30c9251395a079628b82,cust_be4bb82483fff1091a8b,4,Comfortable on long runs and held up well after washing.,negative,true_to_size,2026-03-06T19:37:13.000Z
rev_db99c919961eff8a63e3,prod_ee93d55d30addeff6954,var_0b6ca25661b3bea06ed9,cust_b43613ccdbe9fff23e62,4,Comfortable on long runs and held up well after washing.,neutral,true_to_size,2026-03-01T13:24:34.000Z
rev_358f27694a4eae0ab522,prod_ee93d55d30addeff6954,var_9d18dbed26f272d168b2,cust_0b2f061d54f8e79dfcee,4,"Good quality, but delivery took longer than expected.",positive,true_to_size,2026-02-26T21:27:38.000Z
rev_ce5d6863be7ba33429cf,prod_0189531a36c049171820,var_617730612696e695ed41,cust_54acbb5eb83e11d3781e,5,Comfortable on long runs and held up well after washing.,neutral,true_to_size,2026-03-13T12:20:13.000Z
rev_943add0ae48100814e01,prod_ee93d55d30addeff6954,var_9d18dbed26f272d168b2,cust_b8c721c42efe65d80de1,5,Loved the fabric and bought a second color.,positive,true_to_size,2026-02-27T12:17:06.000Z
rev_8efff5f1bf58c9793e13,prod_0189531a36c049171820,var_93c4efb5105239106e76,cust_73a2dde28c118f306703,3,"Lightweight feel, but I would size up next time.",positive,true_to_size,2026-03-11T21:24:53.000Z
rev_3aa8275b672cf1357524,prod_d43b2cf8fa29d7ae9b37,var_a02a8c90a7e79350209b,cust_538e92c2a1475c05775b,4,Loved the fabric and bought a second color.,neutral,true_to_size,2026-03-10T21:01:00.000Z
rev_d874c95a48d897cb0520,prod_0189531a36c049171820,var_65cde14be098ea1a671d,cust_592786370de3d1e561a6,3,Solid daily gear. Fit was true to size for me.,positive,runs_small,2026-02-26T22:47:10.000Z
rev_83515db65f7ec175b830,prod_438a44848bc196e6d975,var_9714066032b1c68057b8,cust_e86f24a668d1f41b8ec6,5,"Good quality, but delivery took longer than expected.",neutral,true_to_size,2026-03-13T19:29:11.000Z
rev_61a56e19272bff7c0ea7,prod_438a44848bc196e6d975,var_84b95c9fb4b7809f8a34,cust_3fe202bb5392f3e22d63,4,Loved the fabric and bought a second color.,neutral,true_to_size,2026-02-28T23:11:25.000Z
rev_f9afac5595f0a4f3bb05,prod_2efa0aed0d6e67ecae58,var_93a3c087875d45eb3101,cust_6888ebb2907d75b334eb,5,Loved the fabric and bought a second color.,positive,true_to_size,2026-03-05T13:38:58.000Z
rev_0767bd0cac4abf8b5f74,prod_0189531a36c049171820,var_ec38e216853971e3ca9c,cust_b5157f2c9ef87de9c645,4,Comfortable on long runs and held up well after washing.,positive,runs_small,2026-03-09T10:27:40.000Z
rev_8ea487550566c84131f2,prod_ebe756215bbfcde882c1,var_63071a389c1b1f57160c,cust_abc53a8a715b6a1e1f69,4,Solid daily gear. Fit was true to size for me.,negative,true_to_size,2026-03-04T21:25:55.000Z
rev_11b1fdc3ca6501d8587e,prod_ebe756215bbfcde882c1,var_477f71369f8ec76bae72,cust_361a7ed1c05fa17350fe,5,Loved the fabric and bought a second color.,positive,runs_large,2026-03-10T14:01:36.000Z
rev_f6cd4db77c669c8eb4bd,prod_438a44848bc196e6d975,var_d7120c7c2177c417b214,cust_821bda0bd0aa72b0d0eb,5,"Lightweight feel, but I would size up next time.",positive,runs_small,2026-03-10T13:30:27.000Z
rev_d594543c7254023f7c77,prod_d43b2cf8fa29d7ae9b37,var_5db963bcd8fbf81b2e05,cust_34f52791295e2b1f1bc9,2,Comfortable on long runs and held up well after washing.,positive,true_to_size,2026-03-02T16:23:07.000Z
rev_733e4c9dd22606f59df0,prod_ee93d55d30addeff6954,var_efeb55e5136f27ed409c,cust_a296bfa72622312112b8,2,Great race day option and the color looks sharp.,positive,true_to_size,2026-03-01T19:15:24.000Z
rev_62db19f9107e9bcbcf32,prod_438a44848bc196e6d975,var_64d39327630553f2e1b9,cust_16dc6b21cf8de25a266c,4,Comfortable on long runs and held up well after washing.,positive,true_to_size,2026-03-08T10:04:56.000Z
rev_3ea8b0acc6b12e67ccdc,prod_2efa0aed0d6e67ecae58,var_6dfdc29a2a61c6f5087f,cust_88349cb3d9457e7a1750,5,"Good quality, but delivery took longer than expected.",neutral,true_to_size,2026-03-13T22:36:55.000Z
rev_9eae640db9e8903a3c57,prod_2efa0aed0d6e67ecae58,var_0cf84000f5859801c60f,cust_412fba66cbdf241c4cf3,5,Comfortable on long runs and held up well after washing.,positive,runs_large,2026-03-01T12:06:48.000Z
rev_516fa2cfb0eb29e178c9,prod_d43b2cf8fa29d7ae9b37,var_1281ece6b89ebbdd0340,cust_10851c153ac0ce09be54,4,"Lightweight feel, but I would size up next time.",positive,true_to_size,2026-03-07T22:07:15.000Z
rev_d9337027213d56353958,prod_4fb11ac857411bda88a4,var_85a21cc286764b196eba,cust_6e5d120680b7655542c0,4,Loved the fabric and bought a second color.,neutral,true_to_size,2026-03-15T07:41:12.000Z
rev_fdc13ed94c466d5e7b00,prod_2efa0aed0d6e67ecae58,var_32173c8dbdf8eac79214,cust_068f81659d66eb52759d,5,Great race day option and the color looks sharp.,positive,true_to_size,2026-03-13T19:17:07.000Z
rev_868ccaae2c8a91555282,prod_438a44848bc196e6d975,var_5579d3dcd9580bd272b2,cust_4848a15725d897620437,5,Loved the fabric and bought a second color.,negative,true_to_size,2026-03-13T11:50:22.000Z
rev_7a7583a9223b015646ca,prod_1aac77da65d619e6240f,var_30c9251395a079628b82,cust_c3278c96923e0f593b7a,4,Comfortable on long runs and held up well after washing.,neutral,true_to_size,2026-03-15T16:23:05.000Z
rev_b6bcfed742fb2b99476f,prod_2efa0aed0d6e67ecae58,var_53840b82f1f41986b97b,cust_8fb1d19dd4464026d68d,4,Great race day option and the color looks sharp.,positive,true_to_size,2026-03-15T08:22:10.000Z
rev_06f96c4a1df69d6af838,prod_2efa0aed0d6e67ecae58,var_32173c8dbdf8eac79214,cust_8486933decab12928d69,4,Great race day option and the color looks sharp.,positive,true_to_size,2026-03-13T13:03:24.000Z
rev_aa4bd3d3e7f38cf5a1bd,prod_4fb11ac857411bda88a4,var_94b54f7c484f05634866,cust_2b54470ace49b877ede2,4,Solid daily gear. Fit was true to size for me.,positive,true_to_size,2026-03-09T18:16:33.000Z
rev_c07efed564e0ac800c46,prod_4fb11ac857411bda88a4,var_94b54f7c484f05634866,cust_7cb6891c74a5e76c5c9e,4,Comfortable on long runs and held up well after washing.,negative,runs_small,2026-03-02T20:01:10.000Z
rev_d4459f869f695cca0916,prod_ea26883fb1deabd15141,var_c95ef6026df6ba67eec8,cust_7fae067d271e7695bece,3,Loved the fabric and bought a second color.,positive,true_to_size,2026-03-05T09:45:09.000Z
rev_5308636eafb6e5b65fd5,prod_ee93d55d30addeff6954,var_43a5f128559af0f8f854,cust_d035c9e34cd3c3bf0acf,1,Loved the fabric and bought a second color.,positive,true_to_size,2026-03-16T06:47:09.000Z
rev_c063338cb133d32298e6,prod_438a44848bc196e6d975,var_14bd7ed084b7132e19a3,cust_eed7aba40dca597e216e,5,"Good quality, but delivery took longer than expected.",positive,true_to_size,2026-03-05T17:58:12.000Z
rev_df2bbcb2f615788d6657,prod_0189531a36c049171820,var_b328308955a099219aba,cust_fd1289f43a768f6a571b,5,"Good quality, but delivery took longer than expected.",negative,true_to_size,2026-03-15T11:16:19.000Z
rev_5df6459b828e2de4f761,prod_1aac77da65d619e6240f,var_f4e84136e702c56fc319,cust_fd1289f43a768f6a571b,4,Comfortable on long runs and held up well after washing.,positive,runs_large,2026-03-02T06:58:43.000Z
rev_a25a8205fc8537b124a8,prod_d43b2cf8fa29d7ae9b37,var_a63023dcf36046e5dc4e,cust_f8894fc47c0e75da82a4,1,Loved the fabric and bought a second color.,neutral,true_to_size,2026-03-07T09:41:01.000Z
rev_940c34c79f6a0a0d2522,prod_438a44848bc196e6d975,var_823a189d514c6e10865d,cust_c15c61df386722731135,5,Comfortable on long runs and held up well after washing.,positive,true_to_size,2026-03-12T12:21:45.000Z
rev_cdc1ebdce6e0f0ed0081,prod_d43b2cf8fa29d7ae9b37,var_2abdb293ed839904df8a,cust_0ed64bee6dcaf435a450,3,Loved the fabric and bought a second color.,neutral,true_to_size,2026-03-06T11:09:16.000Z
rev_45b74c76465eb1d25566,prod_2efa0aed0d6e67ecae58,var_0cf84000f5859801c60f,cust_fa51023e36fdb9166344,3,Solid daily gear. Fit was true to size for me.,positive,true_to_size,2026-03-12T17:22:33.000Z
rev_188dc320cc339e1cd66a,prod_d43b2cf8fa29d7ae9b37,var_89efa340b18949bb9c2f,cust_3cb2859167127d1ecf17,4,Loved the fabric and bought a second color.,neutral,true_to_size,2026-03-07T22:28:51.000Z
rev_f0068d4106d398bac162,prod_ea26883fb1deabd15141,var_a18ec8356e2d553dbf65,cust_cb1fc1a5e988c9828c23,1,"Lightweight feel, but I would size up next time.",positive,true_to_size,2026-03-11T10:42:46.000Z
rev_b4e37d21faf9ab642ad7,prod_2efa0aed0d6e67ecae58,var_32173c8dbdf8eac79214,cust_df55be82648aa36f9a5f,5,Loved the fabric and bought a second color.,positive,runs_small,2026-03-03T20:34:04.000Z
rev_3182e44fb3bcc6a1a8ef,prod_d43b2cf8fa29d7ae9b37,var_87e530ced3270be98f36,cust_b8c721c42efe65d80de1,5,Comfortable on long runs and held up well after washing.,positive,true_to_size,2026-03-17T14:12:34.000Z
rev_f2c8b662956845de0bf3,prod_ee93d55d30addeff6954,var_9cd2bb280dce3fa2e76b,cust_c09335b491037a6b0c16,5,Great race day option and the color looks sharp.,positive,true_to_size,2026-03-14T19:10:55.000Z
rev_3812c239a048aa93d8ca,prod_2efa0aed0d6e67ecae58,var_64183720fcbbbd913ed0,cust_fad144248cd02ec15ecb,3,"Good quality, but delivery took longer than expected.",positive,runs_small,2026-03-12T22:54:10.000Z
rev_516c4d997d3c7db4be4f,prod_d43b2cf8fa29d7ae9b37,var_89efa340b18949bb9c2f,cust_068f81659d66eb52759d,5,"Good quality, but delivery took longer than expected.",positive,true_to_size,2026-03-07T19:17:28.000Z
rev_fa5b43a4f886d6f357c1,prod_4fb11ac857411bda88a4,var_0298ed73b20b2a58ddc3,cust_b4d77dca6cf8d726b445,4,Loved the fabric and bought a second color.,positive,true_to_size,2026-03-09T17:33:27.000Z
rev_7775cf8cabe0d09234cf,prod_2efa0aed0d6e67ecae58,var_93a3c087875d45eb3101,cust_62fe3d65dd6c3ff984ad,5,Solid daily gear. Fit was true to size for me.,neutral,true_to_size,2026-03-18T22:27:39.000Z
rev_7cf9f94836e14cc21f55,prod_d43b2cf8fa29d7ae9b37,var_26e0822c757ab04bd6c8,cust_92576f9393c26897a22e,3,Loved the fabric and bought a second color.,positive,true_to_size,2026-03-16T19:04:08.000Z
rev_0991741316a75bdb8d58,prod_2efa0aed0d6e67ecae58,var_7696cc7d0631b8c9ee6f,cust_6128d38cd56e86719f23,3,Great race day option and the color looks sharp.,positive,true_to_size,2026-03-12T22:42:18.000Z
rev_dcdda3be97ce620194b3,prod_d43b2cf8fa29d7ae9b37,var_1281ece6b89ebbdd0340,cust_5cd00214a3d7776aa2ed,5,Comfortable on long runs and held up well after washing.,negative,true_to_size,2026-03-17T10:36:19.000Z
rev_e4a7e56a7c28258246e4,prod_1aac77da65d619e6240f,var_e91175ca45ab8fc349dc,cust_b8c721c42efe65d80de1,4,"Good quality, but delivery took longer than expected.",positive,true_to_size,2026-03-13T23:15:23.000Z
rev_708cca31381564c84d14,prod_4fb11ac857411bda88a4,var_63784919911926a972c2,cust_95777750976fa9c4ce7e,4,Solid daily gear. Fit was true to size for me.,positive,runs_small,2026-03-19T18:51:22.000Z
rev_2189ffcde3ab5b14b629,prod_ea26883fb1deabd15141,var_def87b80ab2972f8be9d,cust_ee2b3fccc582d96ad0f8,5,Loved the fabric and bought a second color.,positive,true_to_size,2026-03-15T19:47:24.000Z
rev_eaf03bd16b6ecac641e8,prod_d43b2cf8fa29d7ae9b37,var_1fbd683f0c26c28d4200,cust_e9274eaa5939bea43db7,4,"Lightweight feel, but I would size up next time.",positive,runs_small,2026-03-14T21:26:23.000Z
rev_bfcffc6bc0bd4f2635bc,prod_0189531a36c049171820,var_6590129bf85a309d3f8f,cust_97f12f77fd6d57066f85,4,Solid daily gear. Fit was true to size for me.,neutral,runs_small,2026-03-17T10:11:53.000Z
rev_36d32292906807c374c4,prod_72dfeba4701d415d317a,var_7a9bd3c5007019c19bfe,cust_b53babc7d1a2435f5c82,4,Comfortable on long runs and held up well after washing.,positive,runs_small,2026-03-08T22:46:46.000Z
rev_ee52ab55ad5b4be0ee4c,prod_2efa0aed0d6e67ecae58,var_c1d92c21012faefae3f8,cust_146342b7daf282ee6c93,4,Great race day option and the color looks sharp.,positive,true_to_size,2026-03-08T10:03:32.000Z
rev_a8f2877c53d3335ea05a,prod_2efa0aed0d6e67ecae58,var_8031b1936b5e05c16a08,cust_a3015f1f870b5fca5351,4,"Good quality, but delivery took longer than expected.",positive,true_to_size,2026-03-11T14:52:17.000Z
rev_d3f6449b6719f7543b7f,prod_0189531a36c049171820,var_b5d905be4efb894192b7,cust_88349cb3d9457e7a1750,3,Solid daily gear. Fit was true to size for me.,neutral,true_to_size,2026-03-09T12:44:28.000Z
rev_7f2e6f99a3730e0e7e97,prod_4fb11ac857411bda88a4,var_6b4cde94e24613aa178d,cust_bdabe3cad86f50f47fbc,1,Solid daily gear. Fit was true to size for me.,positive,runs_large,2026-03-19T18:57:57.000Z
rev_36ff9bb21dfd320e4995,prod_438a44848bc196e6d975,var_0b2b595a7dc5b15f1c86,cust_f62ea95a6d2d90d94e03,4,Solid daily gear. Fit was true to size for me.,positive,true_to_size,2026-03-10T07:42:15.000Z
rev_ad63d8c34869c0029549,prod_4fb11ac857411bda88a4,var_48589628c217474fe88e,cust_f06b73d5152ab97af1a0,4,Great race day option and the color looks sharp.,neutral,runs_small,2026-03-15T17:21:55.000Z
rev_aeb1f1b05ba2cb66eb06,prod_ea26883fb1deabd15141,var_be2b12a3e53e8671f3d6,cust_2cfe6c4e051db29b6272,2,"Good quality, but delivery took longer than expected.",positive,true_to_size,2026-03-11T07:01:39.000Z
rev_b545467ee5d6c6b7d102,prod_ee93d55d30addeff6954,var_23eb40a02aea71235f7f,cust_117699c1a979051ea994,4,Comfortable on long runs and held up well after washing.,negative,true_to_size,2026-03-12T19:00:00.000Z
rev_7da3391457b009d81343,prod_4fb11ac857411bda88a4,var_0c8dbcf461e87274cd44,cust_91785414ac14ff0da4cb,5,Comfortable on long runs and held up well after washing.,neutral,true_to_size,2026-03-13T16:19:22.000Z
rev_f9e7a11e4ab33db320a7,prod_72dfeba4701d415d317a,var_15a5da1605c0b6e7842d,cust_f17954ea528cd575965e,2,"Good quality, but delivery took longer than expected.",positive,true_to_size,2026-03-08T06:45:15.000Z
rev_c10f4d753da2f23a4c5d,prod_72dfeba4701d415d317a,var_a8e55173ba8ba00fbb58,cust_000bf4686aa35097e80f,4,Great race day option and the color looks sharp.,positive,true_to_size,2026-03-06T18:20:38.000Z
rev_c7e8a4f056c3adfe8108,prod_2efa0aed0d6e67ecae58,var_c5d4b04e619e436daff8,cust_e1f5b0abb2f3caac9ec9,4,"Good quality, but delivery took longer than expected.",positive,true_to_size,2026-03-06T09:56:07.000Z
rev_601ce4d917446feee13e,prod_0189531a36c049171820,var_b9ed5b404fd99996ec9f,cust_e1f5b0abb2f3caac9ec9,4,Solid daily gear. Fit was true to size for me.,positive,runs_large,2026-03-10T15:29:08.000Z
rev_07ade3e0a30829d01265,prod_ee93d55d30addeff6954,var_269576cae5504f7beee6,cust_7fae067d271e7695bece,4,Loved the fabric and bought a second color.,neutral,true_to_size,2026-03-20T12:03:31.000Z
rev_1871b5e1d377945d69a6,prod_438a44848bc196e6d975,var_76cac52bed832c30a5b3,cust_eed7aba40dca597e216e,5,Solid daily gear. Fit was true to size for me.,positive,true_to_size,2026-03-08T21:50:13.000Z
rev_6adfd6686f7899d1fb90,prod_2efa0aed0d6e67ecae58,var_f6d3f9a9c8e4616f6c5c,cust_eed7aba40dca597e216e,5,Loved the fabric and bought a second color.,neutral,true_to_size,2026-03-08T12:52:56.000Z
rev_53460bf785633bca8a3f,prod_ee93d55d30addeff6954,var_1c227362843cad63ec2d,cust_1f0f8e583f1bbde338c6,3,"Lightweight feel, but I would size up next time.",positive,true_to_size,2026-03-21T20:30:48.000Z
rev_430fe107095f4a7f1286,prod_4fb11ac857411bda88a4,var_2683dc797f5a0706de2c,cust_5abcd80406ecd75d9c7d,5,Solid daily gear. Fit was true to size for me.,positive,true_to_size,2026-03-07T20:00:56.000Z
rev_0c490219b769571273c9,prod_0189531a36c049171820,var_e1d35731895df46c299d,cust_60f71094920124ee674d,3,"Good quality, but delivery took longer than expected.",positive,true_to_size,2026-03-16T16:27:06.000Z
rev_d03d9b3c6c7b42bd8f39,prod_438a44848bc196e6d975,var_84b95c9fb4b7809f8a34,cust_60f71094920124ee674d,5,Great race day option and the color looks sharp.,positive,runs_small,2026-03-11T11:25:50.000Z
rev_85f196a63d5addf60606,prod_0189531a36c049171820,var_ec38e216853971e3ca9c,cust_e91d3272d04798f95e90,4,Great race day option and the color looks sharp.,positive,true_to_size,2026-03-13T12:05:25.000Z
rev_d842c148a738a30e192f,prod_438a44848bc196e6d975,var_f6a18c0e86b9ac9532f4,cust_e91d3272d04798f95e90,4,"Good quality, but delivery took longer than expected.",positive,true_to_size,2026-03-15T22:12:52.000Z
rev_20266e3ceac9eebb99ac,prod_d43b2cf8fa29d7ae9b37,var_320e93b779cc3f59b69d,cust_b092439e3482162bb1f0,5,"Good quality, but delivery took longer than expected.",positive,runs_large,2026-03-12T14:11:04.000Z
rev_408e6eca950c8e2d1e71,prod_2efa0aed0d6e67ecae58,var_7696cc7d0631b8c9ee6f,cust_2da9b8131ca14e91df21,4,Solid daily gear. Fit was true to size for me.,positive,true_to_size,2026-03-11T09:33:31.000Z
rev_31bf9c34a6c64eb4ff11,prod_1aac77da65d619e6240f,var_f4e84136e702c56fc319,cust_8b03c6791d398681ccfd,2,"Lightweight feel, but I would size up next time.",positive,runs_small,2026-03-19T18:04:16.000Z
rev_c29f387ef76247a9b991,prod_2efa0aed0d6e67ecae58,var_53840b82f1f41986b97b,cust_c7387dea0c59338a0035,4,Great race day option and the color looks sharp.,neutral,true_to_size,2026-03-07T14:21:33.000Z
rev_b10f4897fdbffbd63c93,prod_4fb11ac857411bda88a4,var_70e1c4a0d7096208c340,cust_1aae00d28d3a00bcea0a,4,Loved the fabric and bought a second color.,positive,true_to_size,2026-03-22T08:01:24.000Z
rev_f0c700b1094919935209,prod_438a44848bc196e6d975,var_b5006b5f302fb3c0822b,cust_df55be82648aa36f9a5f,4,Great race day option and the color looks sharp.,positive,true_to_size,2026-03-22T08:30:55.000Z
rev_4bb61bf4f4ec11b82b9e,prod_72dfeba4701d415d317a,var_15a5da1605c0b6e7842d,cust_e6eab57226dd0905819b,5,Loved the fabric and bought a second color.,neutral,true_to_size,2026-03-17T14:01:36.000Z
rev_57ca712189f64d24ed90,prod_4fb11ac857411bda88a4,var_85a21cc286764b196eba,cust_e715db4878b0d61d549c,5,Great race day option and the color looks sharp.,neutral,runs_small,2026-03-19T07:10:51.000Z
rev_0139d9562f4684308a4c,prod_72dfeba4701d415d317a,var_a4481e5f98f473cda093,cust_60d60d9117cc179601c2,5,Comfortable on long runs and held up well after washing.,negative,runs_small,2026-03-11T07:15:35.000Z
rev_a02b0e1c1d49fa9db626,prod_72dfeba4701d415d317a,var_11b9ced246c49a2a69c6,cust_af5b95d0af14748eb535,5,Solid daily gear. Fit was true to size for me.,neutral,true_to_size,2026-03-20T11:02:24.000Z
rev_7cd991aa3cbc01210081,prod_d43b2cf8fa29d7ae9b37,var_01a56d62607b13a33c4e,cust_e10ba7a9ca0b753eb189,5,"Good quality, but delivery took longer than expected.",neutral,true_to_size,2026-03-11T14:45:58.000Z
rev_5b7c376ca9c0687591e3,prod_438a44848bc196e6d975,var_d1592d795041e81f6c4e,cust_a94655c92fcbb4d5c0e6,4,Loved the fabric and bought a second color.,positive,true_to_size,2026-03-08T07:19:19.000Z
rev_f07159c2a9622f690029,prod_2efa0aed0d6e67ecae58,var_c1d92c21012faefae3f8,cust_1ebe1e9252b56f9112f9,4,Solid daily gear. Fit was true to size for me.,neutral,true_to_size,2026-03-13T22:07:56.000Z
rev_0dfa6181e81e98d3ce10,prod_72dfeba4701d415d317a,var_082ccc283fa2bea80c16,cust_14fe2d4cf21dbaaf9160,3,Great race day option and the color looks sharp.,positive,true_to_size,2026-03-11T13:50:28.000Z
rev_924a49c50e32b9c20381,prod_0189531a36c049171820,var_324e13c984d9aaab9604,cust_14fe2d4cf21dbaaf9160,5,Comfortable on long runs and held up well after washing.,positive,runs_large,2026-03-15T20:09:31.000Z
rev_308c57b533c4296a4e94,prod_1aac77da65d619e6240f,var_8ec37fcdee5f1140ec55,cust_c000315730f827c1278d,5,"Lightweight feel, but I would size up next time.",positive,true_to_size,2026-03-12T22:57:58.000Z
rev_87fd12d36ea3f3d2e550,prod_438a44848bc196e6d975,var_6255fbba1fc1f01b7ee9,cust_361a7ed1c05fa17350fe,2,Solid daily gear. Fit was true to size for me.,negative,true_to_size,2026-03-13T19:54:35.000Z
rev_72fdfe064357ce1faadc,prod_ea26883fb1deabd15141,var_def87b80ab2972f8be9d,cust_6b335b50b620a04750fa,5,Great race day option and the color looks sharp.,negative,true_to_size,2026-03-10T14:07:00.000Z
rev_58c1b624847a6fd6e026,prod_1aac77da65d619e6240f,var_30a71ca69a0597e20603,cust_6b335b50b620a04750fa,4,Solid daily gear. Fit was true to size for me.,neutral,true_to_size,2026-03-17T16:45:40.000Z
rev_529bdb6fc362c034b40b,prod_72dfeba4701d415d317a,var_8856a9a1708ad62e3b1d,cust_66188d7ebd50d228c645,5,Great race day option and the color looks sharp.,positive,true_to_size,2026-03-22T12:34:39.000Z
rev_0dc80c2298a5a0ad5aab,prod_ee93d55d30addeff6954,var_23eb40a02aea71235f7f,cust_b4d77dca6cf8d726b445,4,Great race day option and the color looks sharp.,positive,true_to_size,2026-03-14T09:25:53.000Z
rev_37e1ec3fa2873be1c186,prod_ee93d55d30addeff6954,var_1c227362843cad63ec2d,cust_cce75e8b4a0e1584bf8d,5,"Good quality, but delivery took longer than expected.",negative,runs_small,2026-03-22T20:59:22.000Z
rev_88e4c8c4658f443a9a2f,prod_438a44848bc196e6d975,var_05e312d19f2d967b02ae,cust_cb1fc1a5e988c9828c23,4,"Lightweight feel, but I would size up next time.",positive,runs_large,2026-03-20T16:15:51.000Z
rev_90d7bdf63aa991ae3b72,prod_0189531a36c049171820,var_617730612696e695ed41,cust_146342b7daf282ee6c93,4,Loved the fabric and bought a second color.,positive,true_to_size,2026-03-16T13:12:14.000Z
rev_6051bc6cd01796f74d44,prod_2efa0aed0d6e67ecae58,var_7696cc7d0631b8c9ee6f,cust_fbe646c5e0481154026d,4,Comfortable on long runs and held up well after washing.,positive,true_to_size,2026-03-23T06:52:07.000Z
rev_09b255e8e10d8050e86b,prod_2efa0aed0d6e67ecae58,var_d206780fbe564728bf65,cust_d898fb13ddb9f1e24f02,1,"Good quality, but delivery took longer than expected.",positive,true_to_size,2026-03-13T23:28:11.000Z
rev_36f0a4d373d40b8f13ef,prod_1aac77da65d619e6240f,var_b0665991d9649a256643,cust_f8699acf22e8e7b69243,3,Great race day option and the color looks sharp.,positive,runs_small,2026-03-18T21:06:20.000Z
rev_4ad69f89a7eb3214375c,prod_d43b2cf8fa29d7ae9b37,var_1fbd683f0c26c28d4200,cust_b83641ce1b8975c5df7d,4,"Lightweight feel, but I would size up next time.",positive,true_to_size,2026-03-21T23:36:05.000Z
rev_42c64c08a8af2402cf73,prod_438a44848bc196e6d975,var_17ee5bcff06d14279787,cust_966873c2b5c00cd69ee3,4,Solid daily gear. Fit was true to size for me.,neutral,runs_small,2026-03-15T22:32:09.000Z
rev_21690ce37213ca184f57,prod_438a44848bc196e6d975,var_6255fbba1fc1f01b7ee9,cust_340bda3e2ec09dbabb68,4,"Lightweight feel, but I would size up next time.",positive,true_to_size,2026-03-21T06:58:45.000Z
rev_e07f0d3e8ba841027537,prod_ee93d55d30addeff6954,var_269576cae5504f7beee6,cust_0da588e7b597018aa8c3,4,"Lightweight feel, but I would size up next time.",negative,true_to_size,2026-03-22T14:49:33.000Z
rev_71b0448258ff08ed3bcc,prod_0189531a36c049171820,var_7c8a95c30a2e093e0468,cust_fc71eba4ce9e9d096321,4,Comfortable on long runs and held up well after washing.,neutral,true_to_size,2026-03-22T21:52:50.000Z
rev_dc7b88f7ac7cdc192ee4,prod_4fb11ac857411bda88a4,var_70e1c4a0d7096208c340,cust_6128d38cd56e86719f23,3,"Good quality, but delivery took longer than expected.",positive,true_to_size,2026-03-21T19:33:51.000Z
rev_89e785cc83ef5773909d,prod_ebe756215bbfcde882c1,var_54a48c4e9f5a97d29dac,cust_ac7d7508254e90679874,5,"Lightweight feel, but I would size up next time.",neutral,true_to_size,2026-03-15T07:36:24.000Z
rev_ef377bd945519faf7078,prod_438a44848bc196e6d975,var_0b2b595a7dc5b15f1c86,cust_6e5d120680b7655542c0,5,Solid daily gear. Fit was true to size for me.,negative,true_to_size,2026-03-23T10:06:51.000Z
rev_3989af5017056e47c829,prod_ee93d55d30addeff6954,var_ed3640d449d418509f57,cust_dd4a1010131cd53a9a6d,4,Loved the fabric and bought a second color.,neutral,true_to_size,2026-03-21T08:00:43.000Z
rev_17f1efebab292ca0515c,prod_438a44848bc196e6d975,var_b72377f8338f3eabe496,cust_88349cb3d9457e7a1750,4,Great race day option and the color looks sharp.,positive,runs_small,2026-03-15T06:51:54.000Z
rev_41c3f29164171b75bc62,prod_30d7a0ddc2ef16ba66b9,var_5ad21b0b072b59385182,cust_e94912248fd38e1e5847,5,Great race day option and the color looks sharp.,neutral,runs_small,2026-03-17T11:44:04.000Z
rev_2a4194e34503e99f49df,prod_1aac77da65d619e6240f,var_30a71ca69a0597e20603,cust_966873c2b5c00cd69ee3,3,"Lightweight feel, but I would size up next time.",positive,true_to_size,2026-03-20T20:35:47.000Z
rev_8c12c38a030e90371549,prod_1aac77da65d619e6240f,var_8ec37fcdee5f1140ec55,cust_966873c2b5c00cd69ee3,3,Solid daily gear. Fit was true to size for me.,negative,true_to_size,2026-03-11T17:23:01.000Z
rev_e9daa224d3e1b2a4e95c,prod_d43b2cf8fa29d7ae9b37,var_e8598f4784994d3f8438,cust_b144448284e3d7a7813a,4,"Good quality, but delivery took longer than expected.",positive,runs_large,2026-03-19T22:44:03.000Z
rev_3138e5f48c2e92d22f1f,prod_2efa0aed0d6e67ecae58,var_0cf84000f5859801c60f,cust_7cb6891c74a5e76c5c9e,4,Loved the fabric and bought a second color.,positive,runs_small,2026-03-11T17:00:38.000Z
rev_203ef3ff7661a1ab822f,prod_1aac77da65d619e6240f,var_a6767a237b512235506f,cust_df8b17a066e66de22bd1,5,"Lightweight feel, but I would size up next time.",positive,true_to_size,2026-03-23T09:13:54.000Z
rev_3bc2b929048a8d1cd123,prod_438a44848bc196e6d975,var_76cac52bed832c30a5b3,cust_1163a09a5d8d71331cb2,5,Loved the fabric and bought a second color.,positive,true_to_size,2026-03-17T11:54:31.000Z
rev_2c0b6296444ac26040c7,prod_438a44848bc196e6d975,var_b45c40adf3eb6d63798c,cust_5a98548beb3f17d9a300,4,"Lightweight feel, but I would size up next time.",positive,true_to_size,2026-03-14T21:57:50.000Z
rev_d1a58627a5bc79081f9e,prod_438a44848bc196e6d975,var_9714066032b1c68057b8,cust_28170c441b3bd119f788,3,"Lightweight feel, but I would size up next time.",positive,runs_large,2026-03-10T06:20:20.000Z
rev_8f2d720c7123640ab2b3,prod_2efa0aed0d6e67ecae58,var_ef0af573f8034823d555,cust_1975994da3f25777d5ca,5,Solid daily gear. Fit was true to size for me.,positive,true_to_size,2026-03-18T16:43:15.000Z
rev_22e1cdb29c7a3d7d6b26,prod_2efa0aed0d6e67ecae58,var_3faf67b40721672e3de6,cust_55995df146cd8331551b,4,Solid daily gear. Fit was true to size for me.,positive,true_to_size,2026-03-16T12:41:55.000Z
rev_9b9f61fbd75f63630dff,prod_d43b2cf8fa29d7ae9b37,var_89efa340b18949bb9c2f,cust_d162b656ab43795dab0a,4,Comfortable on long runs and held up well after washing.,negative,true_to_size,2026-03-22T14:06:23.000Z
rev_9fea5b81fca9d5f2fce3,prod_2efa0aed0d6e67ecae58,var_32173c8dbdf8eac79214,cust_67eebda896395a8819e2,5,Loved the fabric and bought a second color.,positive,runs_large,2026-03-25T16:45:39.000Z
rev_f996d2fbe68e5f339d3f,prod_438a44848bc196e6d975,var_cca84c818b8d1dc7a408,cust_e68cf0d28ceb7a04ca06,3,Great race day option and the color looks sharp.,negative,runs_small,2026-03-14T07:29:13.000Z
rev_cb96233b787561950f21,prod_0189531a36c049171820,var_360731b0a803c24bfd69,cust_e4f2e707a55c4878f253,4,Solid daily gear. Fit was true to size for me.,neutral,true_to_size,2026-03-13T19:07:25.000Z
rev_6b4dea85546b5d6b470c,prod_438a44848bc196e6d975,var_68f5766a025554c3eaa9,cust_e76d765eb6f0857f9307,4,Solid daily gear. Fit was true to size for me.,negative,true_to_size,2026-03-25T11:58:13.000Z
rev_9f7f85f8721e405274ae,prod_ea26883fb1deabd15141,var_8fe117c6a6c73be68252,cust_95777750976fa9c4ce7e,5,Comfortable on long runs and held up well after washing.,positive,runs_small,2026-03-22T11:07:50.000Z
rev_59fc6a4b0d102346941b,prod_438a44848bc196e6d975,var_b45c40adf3eb6d63798c,cust_ea591095ccacc8625c33,4,"Lightweight feel, but I would size up next time.",positive,true_to_size,2026-03-20T09:51:29.000Z
rev_c28be5a528c6415d5b45,prod_72dfeba4701d415d317a,var_e55f60ce5370c732b493,cust_cce75e8b4a0e1584bf8d,3,"Good quality, but delivery took longer than expected.",positive,true_to_size,2026-03-22T20:56:13.000Z
rev_d6d740d36f2599dc9ca3,prod_d43b2cf8fa29d7ae9b37,var_02fb794660a1ff5b5481,cust_c6d7f3bf5521bfa7156a,4,Great race day option and the color looks sharp.,neutral,true_to_size,2026-03-18T17:53:08.000Z
rev_646f913ff25fe89e2ec0,prod_ee93d55d30addeff6954,var_70fe6fd57228fdd24400,cust_7f893780af2223137b79,4,Great race day option and the color looks sharp.,positive,runs_large,2026-03-12T22:35:12.000Z
rev_a1cab18deda6b9e2c54f,prod_438a44848bc196e6d975,var_b11b6b090279cfa04155,cust_7f893780af2223137b79,3,Loved the fabric and bought a second color.,positive,true_to_size,2026-03-19T16:55:54.000Z
rev_43e3f04a630d7dee02ef,prod_ee93d55d30addeff6954,var_c9ae287d0fd94aec879d,cust_67eebda896395a8819e2,4,Loved the fabric and bought a second color.,positive,runs_large,2026-03-16T23:14:50.000Z
rev_598315db3f7c0b09cc20,prod_ee93d55d30addeff6954,var_4859439609400df4e33c,cust_ea591095ccacc8625c33,5,Solid daily gear. Fit was true to size for me.,positive,true_to_size,2026-03-17T23:14:26.000Z
rev_d30e86bd6736be66028d,prod_1aac77da65d619e6240f,var_30a71ca69a0597e20603,cust_bb09396f094fc84678a2,4,Great race day option and the color looks sharp.,positive,runs_small,2026-03-25T18:58:15.000Z
rev_f2c4c5b11f96833c772a,prod_438a44848bc196e6d975,var_164a5b158bfc49dcbc82,cust_ceea63936b766282dbd4,4,"Good quality, but delivery took longer than expected.",positive,runs_small,2026-03-22T23:05:51.000Z
rev_0d629b3608aeac22e035,prod_4fb11ac857411bda88a4,var_0298ed73b20b2a58ddc3,cust_7cb6891c74a5e76c5c9e,5,"Good quality, but delivery took longer than expected.",positive,true_to_size,2026-03-16T23:26:27.000Z
rev_e6c7fdc84c4011b3e26d,prod_0189531a36c049171820,var_6b0100cdc1ef1031469b,cust_4a484f501d56bc9fd2f3,3,Comfortable on long runs and held up well after washing.,neutral,runs_small,2026-03-11T12:21:17.000Z
rev_1c2f77ec6d34c68be7b4,prod_d43b2cf8fa29d7ae9b37,var_a02a8c90a7e79350209b,cust_88349cb3d9457e7a1750,4,Great race day option and the color looks sharp.,negative,runs_small,2026-03-12T11:50:07.000Z
rev_64b88e5c37abea4ad1a8,prod_0189531a36c049171820,var_7657acb4edd171a3e158,cust_88349cb3d9457e7a1750,4,Comfortable on long runs and held up well after washing.,positive,runs_small,2026-03-23T10:20:02.000Z
rev_8eda40db7d3027e76255,prod_1aac77da65d619e6240f,var_fe1215c4f405465a502b,cust_ecd2ea37dc9ba4b26584,4,"Lightweight feel, but I would size up next time.",positive,true_to_size,2026-03-18T20:56:33.000Z
rev_d163d96a0bcd544d3fb4,prod_4fb11ac857411bda88a4,var_0c8dbcf461e87274cd44,cust_c8df633746c4cb41a62d,5,Great race day option and the color looks sharp.,positive,runs_large,2026-03-27T16:01:53.000Z
rev_dd1abbdace2d038ae663,prod_2efa0aed0d6e67ecae58,var_8ab4fd713004558e9200,cust_95777750976fa9c4ce7e,5,"Lightweight feel, but I would size up next time.",negative,true_to_size,2026-03-25T07:45:46.000Z
rev_1a0348f820a18b070a7d,prod_d43b2cf8fa29d7ae9b37,var_02fb794660a1ff5b5481,cust_068f81659d66eb52759d,5,Solid daily gear. Fit was true to size for me.,positive,runs_small,2026-03-24T08:27:11.000Z
rev_b1add7cdbacd7082b232,prod_4fb11ac857411bda88a4,var_70e1c4a0d7096208c340,cust_60d60d9117cc179601c2,3,Great race day option and the color looks sharp.,neutral,true_to_size,2026-03-19T08:25:56.000Z
rev_50b1077452c2bcaa0b92,prod_438a44848bc196e6d975,var_8768929dc580179c1fad,cust_3f89cef5b94c84943304,5,"Good quality, but delivery took longer than expected.",positive,runs_small,2026-03-13T14:57:59.000Z
rev_635339df9c39036c5afb,prod_d43b2cf8fa29d7ae9b37,var_41628dba54c9c6861c9d,cust_b8c721c42efe65d80de1,2,Loved the fabric and bought a second color.,positive,runs_small,2026-03-26T17:13:18.000Z
rev_31abe217f9624b87afc8,prod_0189531a36c049171820,var_ab88c6de58ee2fcdf9e4,cust_05fc163276ec90282617,2,"Good quality, but delivery took longer than expected.",positive,runs_small,2026-03-24T07:34:33.000Z
rev_7a171c99e2ff2ac09b3f,prod_0189531a36c049171820,var_93c4efb5105239106e76,cust_e9d3394d91f9b01e95fc,5,Great race day option and the color looks sharp.,positive,runs_large,2026-03-13T12:43:24.000Z
rev_5dc485b98d813624adf3,prod_1aac77da65d619e6240f,var_fada642b3d793e48890b,cust_99222b35d84683af3500,5,Comfortable on long runs and held up well after washing.,positive,true_to_size,2026-03-17T06:38:18.000Z
rev_86a148861680ec2198a4,prod_438a44848bc196e6d975,var_b45c40adf3eb6d63798c,cust_316cbcfd24f4f0e79d84,5,Great race day option and the color looks sharp.,positive,runs_small,2026-03-27T13:47:36.000Z
rev_37d4c50f0ca206b7fbe9,prod_72dfeba4701d415d317a,var_8a23a15f6866bdee9409,cust_51ec42e93fba841c96cd,4,"Lightweight feel, but I would size up next time.",neutral,true_to_size,2026-03-17T10:06:13.000Z
rev_4ce336c31c1035e759c4,prod_d43b2cf8fa29d7ae9b37,var_db3c0fa83abed429ed33,cust_da7bb30d3f1df4b4456f,1,Comfortable on long runs and held up well after washing.,positive,true_to_size,2026-03-16T15:18:38.000Z
rev_dbd7332dcd79560194ac,prod_4fb11ac857411bda88a4,var_fad911836ba0bc2d17e3,cust_da7bb30d3f1df4b4456f,5,"Lightweight feel, but I would size up next time.",positive,true_to_size,2026-03-25T07:37:33.000Z
rev_05e096a0b9c6ba1ecd0d,prod_d43b2cf8fa29d7ae9b37,var_4bc34e01cda1012288f6,cust_fa11ba9d1174115c007d,5,Loved the fabric and bought a second color.,neutral,true_to_size,2026-03-15T19:38:28.000Z
rev_021242cac0f472d7e711,prod_4fb11ac857411bda88a4,var_63784919911926a972c2,cust_f852f11543c8549fd0b2,3,Solid daily gear. Fit was true to size for me.,positive,true_to_size,2026-03-19T08:33:58.000Z
rev_fbc471e51bccdd00b003,prod_72dfeba4701d415d317a,var_3095fdb99afdb37f42a9,cust_4def9957d9c3a3e8eca4,1,Solid daily gear. Fit was true to size for me.,positive,runs_small,2026-03-26T14:52:22.000Z
rev_3a1a1e0fff63fa4f07cc,prod_ee93d55d30addeff6954,var_eb2f38cea72d24acd1c4,cust_1e77ca5512954599d49f,4,Comfortable on long runs and held up well after washing.,positive,true_to_size,2026-03-21T12:58:18.000Z
rev_cf54030e893c94122aff,prod_1aac77da65d619e6240f,var_582d11378691a5a6e4e9,cust_1e77ca5512954599d49f,4,Great race day option and the color looks sharp.,positive,true_to_size,2026-03-23T12:06:24.000Z
rev_7ac0651b7dca2455e67e,prod_d43b2cf8fa29d7ae9b37,var_03696f04943b92dadb38,cust_8603c25c7f8e2cc54116,2,Loved the fabric and bought a second color.,positive,true_to_size,2026-03-26T18:54:01.000Z
rev_8407bef4d5c017111dc6,prod_ebe756215bbfcde882c1,var_84ff60b1ac8610102053,cust_8603c25c7f8e2cc54116,5,"Lightweight feel, but I would size up next time.",neutral,true_to_size,2026-03-24T17:29:59.000Z
rev_2c3fc5731c5f2637a2cc,prod_72dfeba4701d415d317a,var_7a9bd3c5007019c19bfe,cust_4259c249b7707860177c,3,Comfortable on long runs and held up well after washing.,negative,true_to_size,2026-03-19T16:32:20.000Z
rev_5fb352b5751d134e8f59,prod_d43b2cf8fa29d7ae9b37,var_2cc49091108ce06c317f,cust_eda15b6d5e77326acba6,4,Great race day option and the color looks sharp.,neutral,true_to_size,2026-03-15T07:56:46.000Z
rev_8f59418504862931b2c2,prod_d43b2cf8fa29d7ae9b37,var_13c3ed1f6d0b19413901,cust_5735926917056f3130d7,5,"Lightweight feel, but I would size up next time.",positive,true_to_size,2026-03-26T21:21:57.000Z
rev_b4952eff6eb7d1369fbc,prod_d87cfc68d1aef053d198,var_199bb1069f0216fdcbf6,cust_607f9c04db09c5216823,4,Loved the fabric and bought a second color.,positive,true_to_size,2026-03-17T13:09:40.000Z
rev_bc3a0c6e31d0cc592999,prod_ebe756215bbfcde882c1,var_477f71369f8ec76bae72,cust_d898fb13ddb9f1e24f02,3,Loved the fabric and bought a second color.,positive,runs_large,2026-03-27T12:11:14.000Z
rev_c7366c8783c98054477a,prod_d43b2cf8fa29d7ae9b37,var_1281ece6b89ebbdd0340,cust_9b0c7598f1c91b2c5c57,4,Comfortable on long runs and held up well after washing.,neutral,true_to_size,2026-03-15T15:07:19.000Z
rev_789f285dc56cb138d546,prod_438a44848bc196e6d975,var_2ea4bbd80d521a5e2104,cust_fa30208c1dc8796692bd,5,Solid daily gear. Fit was true to size for me.,positive,true_to_size,2026-03-22T11:56:37.000Z
rev_d0a8c2be9fcbf46f5b3e,prod_4fb11ac857411bda88a4,var_71823e970238e186821c,cust_10851c153ac0ce09be54,2,Solid daily gear. Fit was true to size for me.,positive,true_to_size,2026-03-14T22:16:15.000Z
rev_d9d6e10ae4b00ecc1a87,prod_ee93d55d30addeff6954,var_c491091d5ab7ff33db46,cust_9d14631dafd11f8433ba,5,"Lightweight feel, but I would size up next time.",positive,true_to_size,2026-03-16T15:24:47.000Z
rev_893e5a58b7e320eb3318,prod_4fb11ac857411bda88a4,var_48589628c217474fe88e,cust_3f89cef5b94c84943304,1,Great race day option and the color looks sharp.,positive,true_to_size,2026-03-14T07:20:28.000Z
rev_25f3ade7b51017f92ebc,prod_d43b2cf8fa29d7ae9b37,var_320e93b779cc3f59b69d,cust_abc53a8a715b6a1e1f69,5,"Good quality, but delivery took longer than expected.",neutral,runs_small,2026-03-16T06:07:45.000Z
rev_64185bcf64bb5de732ce,prod_d43b2cf8fa29d7ae9b37,var_2abdb293ed839904df8a,cust_2ccaccf37ec1b8ab0d8e,5,Great race day option and the color looks sharp.,neutral,true_to_size,2026-03-20T22:20:57.000Z
rev_cd3482d03e13e7813ba9,prod_ebe756215bbfcde882c1,var_84ff60b1ac8610102053,cust_361a7ed1c05fa17350fe,5,Loved the fabric and bought a second color.,positive,true_to_size,2026-03-22T20:09:49.000Z
rev_1f7535dcd32885058ff1,prod_4fb11ac857411bda88a4,var_2683dc797f5a0706de2c,cust_2da9b8131ca14e91df21,4,Comfortable on long runs and held up well after washing.,positive,true_to_size,2026-03-20T22:04:43.000Z
rev_382259f58a71b090e4b8,prod_ee93d55d30addeff6954,var_8d654d633876e75e4317,cust_f7b686f3a79fd4a4ce79,5,Solid daily gear. Fit was true to size for me.,positive,true_to_size,2026-03-14T21:03:57.000Z
rev_342756f19b726832c079,prod_1aac77da65d619e6240f,var_e865328517c3330f1431,cust_7e527b76c1cf1c2c4080,4,"Lightweight feel, but I would size up next time.",neutral,true_to_size,2026-03-25T19:14:22.000Z
rev_1c91d4e9707814db64aa,prod_0189531a36c049171820,var_ec38e216853971e3ca9c,cust_ac438756e3abf72024b7,5,Great race day option and the color looks sharp.,positive,runs_small,2026-03-15T17:00:39.000Z
rev_85530d6006d74f10eac0,prod_438a44848bc196e6d975,var_164a5b158bfc49dcbc82,cust_4895dbddd79903ccf492,5,"Good quality, but delivery took longer than expected.",neutral,runs_large,2026-03-25T13:31:46.000Z
rev_54e6cb288cacb5eadce8,prod_ebe756215bbfcde882c1,var_5d625c4bbaa3b689d1db,cust_e1f5b0abb2f3caac9ec9,5,"Lightweight feel, but I would size up next time.",neutral,runs_small,2026-03-26T10:10:53.000Z
rev_6d82538d7b41b3e0c550,prod_d43b2cf8fa29d7ae9b37,var_87e530ced3270be98f36,cust_f336ad54cc31feee26ca,5,Loved the fabric and bought a second color.,neutral,true_to_size,2026-03-20T13:52:47.000Z
rev_31e95708667394f49347,prod_0189531a36c049171820,var_6b0100cdc1ef1031469b,cust_e10ba7a9ca0b753eb189,5,"Good quality, but delivery took longer than expected.",positive,runs_large,2026-03-14T21:24:07.000Z
rev_e705c701bda1a6a50d7a,prod_30d7a0ddc2ef16ba66b9,var_5ad21b0b072b59385182,cust_3a2bb7af97d0f2bef5b5,4,Great race day option and the color looks sharp.,negative,runs_small,2026-03-16T17:25:36.000Z
rev_9e1b2c9180983c35d741,prod_4fb11ac857411bda88a4,var_63784919911926a972c2,cust_945431441ebea38cd24e,2,"Lightweight feel, but I would size up next time.",neutral,true_to_size,2026-03-24T16:20:32.000Z
rev_ac2c643c9f797cc46fbf,prod_2efa0aed0d6e67ecae58,var_fe046aec4c2aa733984d,cust_1333e0bee295f984813d,5,"Good quality, but delivery took longer than expected.",neutral,true_to_size,2026-03-14T22:38:04.000Z
rev_5d2810631af8519bd17b,prod_d43b2cf8fa29d7ae9b37,var_a02a8c90a7e79350209b,cust_48a40568101c2ce3777d,4,Solid daily gear. Fit was true to size for me.,positive,runs_large,2026-03-24T09:07:53.000Z
rev_42da9d0425dedd1fca4e,prod_d43b2cf8fa29d7ae9b37,var_6f0cce9478da3e151612,cust_48a40568101c2ce3777d,5,Comfortable on long runs and held up well after washing.,neutral,true_to_size,2026-03-29T14:27:12.000Z
rev_9b590dab800081474889,prod_2efa0aed0d6e67ecae58,var_c1d92c21012faefae3f8,cust_2bf7aaf3a103bb0ab66c,3,"Lightweight feel, but I would size up next time.",positive,true_to_size,2026-03-18T08:57:50.000Z
rev_bee0c0e755ee92945cab,prod_0189531a36c049171820,var_360731b0a803c24bfd69,cust_501a9ce8fd448c673fba,5,Great race day option and the color looks sharp.,positive,true_to_size,2026-03-20T21:24:30.000Z
rev_6e468e5f9feb8951de26,prod_72dfeba4701d415d317a,var_c1969c0733b4dc908af7,cust_8fc5b70337426947f216,2,Loved the fabric and bought a second color.,negative,true_to_size,2026-03-29T12:55:37.000Z
rev_46edac2cbc0dbb2ef4d1,prod_d43b2cf8fa29d7ae9b37,var_e8598f4784994d3f8438,cust_5f4e42e80a7a38703708,2,Great race day option and the color looks sharp.,positive,true_to_size,2026-03-19T16:38:46.000Z
rev_186ea0dff69f98020335,prod_72dfeba4701d415d317a,var_261e93378c2ea03cf536,cust_51d5b47ba242225627a3,5,Loved the fabric and bought a second color.,positive,true_to_size,2026-03-23T20:24:37.000Z
rev_5fc37cd860e018bc6e2a,prod_0189531a36c049171820,var_3827fef61cdfb42fbde9,cust_503862a228d535500165,4,Solid daily gear. Fit was true to size for me.,positive,true_to_size,2026-03-18T22:20:00.000Z
rev_90b81c77dcf23a67b65b,prod_1aac77da65d619e6240f,var_30a71ca69a0597e20603,cust_1975994da3f25777d5ca,4,Comfortable on long runs and held up well after washing.,neutral,true_to_size,2026-03-22T07:13:31.000Z
rev_84d215f153e71c25280a,prod_d43b2cf8fa29d7ae9b37,var_c313512d9379d00efca9,cust_e6eab57226dd0905819b,5,Comfortable on long runs and held up well after washing.,positive,true_to_size,2026-03-28T16:16:37.000Z
rev_314358ffc91827f4a9d2,prod_ee93d55d30addeff6954,var_0f755faccbe419124cf5,cust_f336ad54cc31feee26ca,3,Loved the fabric and bought a second color.,neutral,true_to_size,2026-03-24T12:14:08.000Z
rev_1ff48539a2077cc3ae67,prod_72dfeba4701d415d317a,var_1a7a54f91d9a9784b173,cust_464f83cf9cfbef8ca3e9,4,Loved the fabric and bought a second color.,negative,true_to_size,2026-03-24T10:41:48.000Z
rev_c3881890f58c87f73c09,prod_d43b2cf8fa29d7ae9b37,var_e8598f4784994d3f8438,cust_643ff017ec396cf15336,5,Loved the fabric and bought a second color.,positive,true_to_size,2026-03-22T17:04:29.000Z
rev_43bbbf6f60e49af5619c,prod_d43b2cf8fa29d7ae9b37,var_6f0cce9478da3e151612,cust_2cfe6c4e051db29b6272,5,Loved the fabric and bought a second color.,neutral,true_to_size,2026-03-31T20:55:31.000Z
rev_1e545a559f011b9e77fc,prod_438a44848bc196e6d975,var_410af979ba0b61e8b1fa,cust_8dbbb261caa27bee69f5,4,Great race day option and the color looks sharp.,positive,true_to_size,2026-03-16T17:18:38.000Z
rev_709ce4c2f064a629efc8,prod_4fb11ac857411bda88a4,var_dc811c3db2dffa2b4d77,cust_b5157f2c9ef87de9c645,5,"Good quality, but delivery took longer than expected.",negative,true_to_size,2026-03-29T16:58:18.000Z
rev_a530f250d11efd8c12bc,prod_1aac77da65d619e6240f,var_30a71ca69a0597e20603,cust_8fd774e7907d2c847f4f,5,Comfortable on long runs and held up well after washing.,positive,true_to_size,2026-03-24T12:14:18.000Z
rev_56ddc2bfc26923949933,prod_4fb11ac857411bda88a4,var_77f9b98f706e27f8d8f9,cust_d20d4bd12278e7e90393,3,Solid daily gear. Fit was true to size for me.,positive,true_to_size,2026-03-31T19:12:18.000Z
rev_af0b6487702ed1368ada,prod_1aac77da65d619e6240f,var_19fa5bf87e2a73901ef4,cust_6888ebb2907d75b334eb,5,"Good quality, but delivery took longer than expected.",negative,true_to_size,2026-03-17T14:49:57.000Z
rev_70ce0e825683dfb623ed,prod_ee93d55d30addeff6954,var_61a3d99f3dd57555f061,cust_efbbc1d5552bef54395f,5,Comfortable on long runs and held up well after washing.,negative,true_to_size,2026-03-29T16:14:44.000Z
rev_cf036f6660513fcc5702,prod_2efa0aed0d6e67ecae58,var_53840b82f1f41986b97b,cust_df8b17a066e66de22bd1,5,Comfortable on long runs and held up well after washing.,negative,runs_small,2026-03-28T21:35:18.000Z
rev_e447914e2b74d4794b57,prod_2efa0aed0d6e67ecae58,var_6dfdc29a2a61c6f5087f,cust_096db5862a733f30b5e3,5,Great race day option and the color looks sharp.,positive,true_to_size,2026-03-21T07:44:35.000Z
rev_b7e4fc249174c42d854e,prod_ee93d55d30addeff6954,var_43a5f128559af0f8f854,cust_2a2fa013190442b92e19,5,Solid daily gear. Fit was true to size for me.,positive,runs_small,2026-03-17T06:48:26.000Z
rev_d3308fd9b5dfdb80ea0e,prod_72dfeba4701d415d317a,var_abf4b066285529554ec5,cust_fad144248cd02ec15ecb,3,Loved the fabric and bought a second color.,negative,runs_small,2026-04-01T06:32:42.000Z
rev_fc052dcdbe0a053bd9e1,prod_438a44848bc196e6d975,var_b5006b5f302fb3c0822b,cust_b7841da1a3d2662a5ee8,4,Comfortable on long runs and held up well after washing.,positive,true_to_size,2026-03-30T13:14:46.000Z
rev_7ef15cb69bf5a815f6a2,prod_72dfeba4701d415d317a,var_a4481e5f98f473cda093,cust_e9274eaa5939bea43db7,5,Great race day option and the color looks sharp.,neutral,runs_small,2026-03-18T19:40:02.000Z
rev_9b895f29d68e39e22d86,prod_0189531a36c049171820,var_fa3dbd5a2054f66ebda8,cust_7e9ea4d64b88b21cef31,4,Great race day option and the color looks sharp.,positive,true_to_size,2026-03-21T09:54:16.000Z
rev_9cefaeadfa0191deb02e,prod_4fb11ac857411bda88a4,var_b1841532494f148dfc95,cust_4b374231b25bece7e418,3,Great race day option and the color looks sharp.,positive,true_to_size,2026-03-29T07:39:48.000Z
rev_33e2846783a15d1686e5,prod_ea26883fb1deabd15141,var_c95ef6026df6ba67eec8,cust_cb5fca02f0f201d026d1,4,Great race day option and the color looks sharp.,positive,true_to_size,2026-03-26T22:06:54.000Z
rev_39c9f45500ad7dda9c5e,prod_ee93d55d30addeff6954,var_2d63af5c80cedd103436,cust_7ff2aa33c3e41140643c,5,Solid daily gear. Fit was true to size for me.,neutral,true_to_size,2026-04-01T14:56:10.000Z
rev_9afb8a5d5700d7e035a8,prod_ee93d55d30addeff6954,var_8d654d633876e75e4317,cust_7ff2aa33c3e41140643c,1,"Good quality, but delivery took longer than expected.",positive,runs_large,2026-03-24T15:40:05.000Z
rev_fb5afa83ffc947d02467,prod_4fb11ac857411bda88a4,var_69ad1a308528a65fbf7f,cust_c6d7f3bf5521bfa7156a,4,"Lightweight feel, but I would size up next time.",neutral,runs_small,2026-03-28T12:46:00.000Z
rev_2981f4c6ee60d592d8fe,prod_1aac77da65d619e6240f,var_f5ccef0575523ac6faa5,cust_b5202424026e54c0e36e,5,"Good quality, but delivery took longer than expected.",positive,true_to_size,2026-03-31T16:19:45.000Z
rev_6d1e2c858006bb0ea560,prod_4fb11ac857411bda88a4,var_78ce2ee3c901aabec73e,cust_34f52791295e2b1f1bc9,4,Great race day option and the color looks sharp.,negative,true_to_size,2026-03-18T08:21:49.000Z
rev_f90a6777751dea081215,prod_438a44848bc196e6d975,var_6820abf40d03602f4536,cust_cb9e937a3f563a2a4707,4,Comfortable on long runs and held up well after washing.,positive,runs_small,2026-03-18T11:39:26.000Z
rev_76bc6485283a2ecc3cf5,prod_2efa0aed0d6e67ecae58,var_f6d3f9a9c8e4616f6c5c,cust_aa979732cc8efaf3918d,4,"Lightweight feel, but I would size up next time.",positive,runs_small,2026-03-28T13:07:56.000Z
rev_843b2935649a0f02178d,prod_72dfeba4701d415d317a,var_be4c5e4aeb2733383b86,cust_467ab0d539e4f8df5b38,4,"Lightweight feel, but I would size up next time.",positive,true_to_size,2026-04-01T08:09:16.000Z
rev_f1ae098053c675da7b24,prod_d43b2cf8fa29d7ae9b37,var_7d1ebbe12c99beb1f424,cust_02131b8162e1f638e2ac,4,"Lightweight feel, but I would size up next time.",positive,true_to_size,2026-03-30T17:48:42.000Z
rev_2e9f3e1a51d19fe639e8,prod_1aac77da65d619e6240f,var_3971b7f2774b1e5a316d,cust_caf5cf1a671f26e918fd,4,Loved the fabric and bought a second color.,neutral,true_to_size,2026-03-29T12:28:43.000Z
rev_fdf5e37b04681eb85d91,prod_438a44848bc196e6d975,var_d1592d795041e81f6c4e,cust_f06b73d5152ab97af1a0,5,Comfortable on long runs and held up well after washing.,positive,true_to_size,2026-04-01T07:39:04.000Z
rev_0a8309ad83b731f38d7e,prod_1aac77da65d619e6240f,var_19fa5bf87e2a73901ef4,cust_843bbb30d0868c6934d5,3,"Lightweight feel, but I would size up next time.",positive,true_to_size,2026-03-18T22:45:51.000Z
rev_bc6a105184927086f3b0,prod_ebe756215bbfcde882c1,var_54a48c4e9f5a97d29dac,cust_df37d1e9d455e7444df9,4,Comfortable on long runs and held up well after washing.,positive,runs_large,2026-03-31T13:40:42.000Z
rev_cad48c2ce5e271ec6f04,prod_438a44848bc196e6d975,var_aeba55eb9e30673a577a,cust_edde5d2a731c52e35c5f,3,"Lightweight feel, but I would size up next time.",positive,true_to_size,2026-03-25T13:28:56.000Z
rev_2f93aea3e391bcb0779e,prod_2efa0aed0d6e67ecae58,var_64183720fcbbbd913ed0,cust_edde5d2a731c52e35c5f,2,"Lightweight feel, but I would size up next time.",positive,true_to_size,2026-03-29T13:20:16.000Z
rev_5c580af2fa454c4fc61e,prod_2efa0aed0d6e67ecae58,var_f6d3f9a9c8e4616f6c5c,cust_28170c441b3bd119f788,5,"Good quality, but delivery took longer than expected.",positive,true_to_size,2026-03-23T16:09:35.000Z
rev_039e497232466e8cddc2,prod_ee93d55d30addeff6954,var_eb2f38cea72d24acd1c4,cust_361a7ed1c05fa17350fe,5,Loved the fabric and bought a second color.,positive,true_to_size,2026-03-23T15:16:24.000Z
rev_86ad3fcb57864e087843,prod_438a44848bc196e6d975,var_a7daae96f9b2f50dfdef,cust_3179b670eb643cb42f3b,5,"Good quality, but delivery took longer than expected.",positive,runs_large,2026-03-20T17:28:43.000Z
rev_0984d8a0e159cded2d78,prod_4fb11ac857411bda88a4,var_fad911836ba0bc2d17e3,cust_3179b670eb643cb42f3b,3,Solid daily gear. Fit was true to size for me.,positive,true_to_size,2026-03-24T22:05:34.000Z
rev_c199c447c1185032918f,prod_0189531a36c049171820,var_00df6f028ceddde26b68,cust_068f81659d66eb52759d,4,Solid daily gear. Fit was true to size for me.,positive,runs_small,2026-03-20T15:48:49.000Z
rev_c43b1d081478ae3ec050,prod_ee93d55d30addeff6954,var_76a3d7146b323dd2a889,cust_5f4e42e80a7a38703708,5,Great race day option and the color looks sharp.,positive,true_to_size,2026-03-23T17:00:29.000Z
rev_d8b09cc6c7a3a838fa03,prod_438a44848bc196e6d975,var_9714066032b1c68057b8,cust_21b0ef04d046a7962e38,4,Comfortable on long runs and held up well after washing.,positive,true_to_size,2026-03-26T09:10:33.000Z
rev_005960fb00c85912e634,prod_0189531a36c049171820,var_439c19cbc3abe2d73929,cust_0b2f061d54f8e79dfcee,5,Loved the fabric and bought a second color.,positive,runs_small,2026-03-22T12:59:08.000Z
rev_086ba65ad74dfcb076dc,prod_438a44848bc196e6d975,var_68f5766a025554c3eaa9,cust_bfabff23c4a557e56b05,4,Comfortable on long runs and held up well after washing.,positive,true_to_size,2026-03-19T08:04:18.000Z
rev_e430b57cc77149c3948d,prod_438a44848bc196e6d975,var_823a189d514c6e10865d,cust_5abcd80406ecd75d9c7d,5,"Good quality, but delivery took longer than expected.",neutral,runs_large,2026-03-26T10:14:42.000Z
rev_3c1527e22b7dfa0740c7,prod_ee93d55d30addeff6954,var_8d654d633876e75e4317,cust_0da588e7b597018aa8c3,5,Solid daily gear. Fit was true to size for me.,neutral,true_to_size,2026-03-19T06:21:46.000Z
rev_abbceacd925dd49ce45c,prod_1aac77da65d619e6240f,var_11a4e26a7ab75dc78c86,cust_459bed70c7a56fffea43,2,"Good quality, but delivery took longer than expected.",positive,runs_large,2026-03-23T13:05:49.000Z
rev_8b8195e3fe77d405440f,prod_2efa0aed0d6e67ecae58,var_ef0af573f8034823d555,cust_e68cf0d28ceb7a04ca06,4,Great race day option and the color looks sharp.,positive,runs_large,2026-03-29T12:53:33.000Z
rev_af76e681d77ac7058bd8,prod_4fb11ac857411bda88a4,var_63784919911926a972c2,cust_30fed5e1ab477d9d67d4,5,Solid daily gear. Fit was true to size for me.,positive,true_to_size,2026-04-03T06:24:35.000Z
rev_949e9ceaf6ba5710e37f,prod_0189531a36c049171820,var_439c19cbc3abe2d73929,cust_62fe3d65dd6c3ff984ad,4,Loved the fabric and bought a second color.,neutral,true_to_size,2026-03-27T07:13:09.000Z
rev_1290f9fe404683ae9ea3,prod_438a44848bc196e6d975,var_410af979ba0b61e8b1fa,cust_2c8df8e325d3bbb8977b,4,"Lightweight feel, but I would size up next time.",negative,runs_small,2026-03-22T13:11:28.000Z
rev_bb5d69406e8bdc146316,prod_ea26883fb1deabd15141,var_a56e028f2685d369a8a2,cust_2c8df8e325d3bbb8977b,5,Great race day option and the color looks sharp.,positive,true_to_size,2026-03-21T08:10:51.000Z
rev_ccae1f34a3ea103e6abf,prod_72dfeba4701d415d317a,var_082ccc283fa2bea80c16,cust_b57181827b8c8d613a68,4,Loved the fabric and bought a second color.,positive,true_to_size,2026-04-01T22:58:41.000Z
rev_20064f180eb5edde2e63,prod_1aac77da65d619e6240f,var_9818589b07d9187961de,cust_b57181827b8c8d613a68,4,Loved the fabric and bought a second color.,neutral,true_to_size,2026-03-29T07:33:31.000Z
rev_f81d499b333f62c6962b,prod_d43b2cf8fa29d7ae9b37,var_3cc406399bed25270f9e,cust_7fae067d271e7695bece,2,"Good quality, but delivery took longer than expected.",positive,true_to_size,2026-03-23T20:14:05.000Z
rev_f7d12cd1f128b9c9c825,prod_4fb11ac857411bda88a4,var_acbadd53c4704809d846,cust_af5b95d0af14748eb535,4,"Lightweight feel, but I would size up next time.",neutral,runs_small,2026-03-29T21:24:06.000Z
rev_a0dda55b998a68215eae,prod_ee93d55d30addeff6954,var_269576cae5504f7beee6,cust_e9274eaa5939bea43db7,5,"Lightweight feel, but I would size up next time.",positive,true_to_size,2026-03-24T23:36:22.000Z
rev_af40625800254d731d11,prod_4fb11ac857411bda88a4,var_acbadd53c4704809d846,cust_f22dd7b4e03a1904a4e3,4,Solid daily gear. Fit was true to size for me.,positive,true_to_size,2026-03-21T09:16:14.000Z
rev_573faf62d39b9bfaf687,prod_0189531a36c049171820,var_e7d27b69dfb62d802fec,cust_f22dd7b4e03a1904a4e3,1,"Good quality, but delivery took longer than expected.",positive,true_to_size,2026-03-28T18:44:41.000Z
rev_846b82ce39ee690a2642,prod_d43b2cf8fa29d7ae9b37,var_320e93b779cc3f59b69d,cust_2b54470ace49b877ede2,1,Solid daily gear. Fit was true to size for me.,positive,true_to_size,2026-03-30T20:40:42.000Z
rev_804fb4b6c9036285d63f,prod_ee93d55d30addeff6954,var_c491091d5ab7ff33db46,cust_eb63894240166165d8fa,5,"Good quality, but delivery took longer than expected.",positive,true_to_size,2026-04-03T08:33:04.000Z
rev_76836d66006dc7c1bb45,prod_1aac77da65d619e6240f,var_9818589b07d9187961de,cust_eb63894240166165d8fa,5,Loved the fabric and bought a second color.,positive,true_to_size,2026-03-31T06:46:27.000Z
rev_0147e0d6983e4df51555,prod_0189531a36c049171820,var_439c19cbc3abe2d73929,cust_eda15b6d5e77326acba6,5,Loved the fabric and bought a second color.,positive,runs_small,2026-03-28T22:43:36.000Z
rev_07a3d5124c72b05ea3d7,prod_72dfeba4701d415d317a,var_c81a94d9a15b6b760523,cust_848ebf52158799e13ecc,5,"Good quality, but delivery took longer than expected.",negative,true_to_size,2026-03-20T23:13:25.000Z
rev_bdf8129a407da7bd05a6,prod_438a44848bc196e6d975,var_84b95c9fb4b7809f8a34,cust_3ec77dd6f2c678f825db,4,Great race day option and the color looks sharp.,positive,true_to_size,2026-04-03T23:26:59.000Z
rev_2127809a64064119cfde,prod_0189531a36c049171820,var_7c8a95c30a2e093e0468,cust_bc6c1c22e634feab6593,2,Solid daily gear. Fit was true to size for me.,neutral,true_to_size,2026-03-23T13:13:40.000Z
rev_1b7a7206e579d1f277d6,prod_1aac77da65d619e6240f,var_fe1215c4f405465a502b,cust_4ca05d5d9aed821890a6,5,"Good quality, but delivery took longer than expected.",neutral,runs_large,2026-04-04T12:54:35.000Z
rev_0b4af621b74cebeba301,prod_0189531a36c049171820,var_617730612696e695ed41,cust_54acbb5eb83e11d3781e,5,Great race day option and the color looks sharp.,positive,true_to_size,2026-03-24T21:05:01.000Z
rev_a65f8b7989e4af55db2a,prod_1aac77da65d619e6240f,var_4ec6f48b0a97467baa73,cust_821bda0bd0aa72b0d0eb,4,Loved the fabric and bought a second color.,positive,true_to_size,2026-04-04T08:41:21.000Z
rev_b95974c7d03776f0eb8c,prod_72dfeba4701d415d317a,var_c1969c0733b4dc908af7,cust_88349cb3d9457e7a1750,5,Loved the fabric and bought a second color.,neutral,runs_large,2026-03-31T13:07:59.000Z
rev_4a33268a7ce891f420a8,prod_ee93d55d30addeff6954,var_0b6ca25661b3bea06ed9,cust_a169c4adfcb98c75eb75,5,Comfortable on long runs and held up well after washing.,positive,runs_small,2026-04-04T14:20:07.000Z
rev_46b5074dddc5d4b0ec92,prod_0189531a36c049171820,var_3827fef61cdfb42fbde9,cust_40c0e309f58168c9ab45,4,Comfortable on long runs and held up well after washing.,positive,true_to_size,2026-03-31T11:56:42.000Z
rev_89bcc67eae483352bacc,prod_0189531a36c049171820,var_b30af374f3e8523449d6,cust_eb1d6b950b6a4f305bc4,5,Great race day option and the color looks sharp.,neutral,true_to_size,2026-03-27T10:28:14.000Z
rev_41b0f3108db217fffab2,prod_d43b2cf8fa29d7ae9b37,var_7d1ebbe12c99beb1f424,cust_328212cdaf4efe2fe873,4,Loved the fabric and bought a second color.,positive,true_to_size,2026-04-04T13:10:02.000Z
rev_abc04da64e9261110049,prod_ebe756215bbfcde882c1,var_5d625c4bbaa3b689d1db,cust_2a4efe6820e4d0c25362,5,Great race day option and the color looks sharp.,positive,runs_large,2026-04-03T10:33:13.000Z
rev_71a00e83fcaeaf74ea73,prod_2efa0aed0d6e67ecae58,var_5414ce2508350e24da4d,cust_21b0ef04d046a7962e38,4,Great race day option and the color looks sharp.,positive,true_to_size,2026-04-03T14:40:56.000Z
rev_817cf958f69b09c1ef40,prod_d87cfc68d1aef053d198,var_199bb1069f0216fdcbf6,cust_1975994da3f25777d5ca,4,Comfortable on long runs and held up well after washing.,neutral,true_to_size,2026-03-31T18:23:43.000Z
rev_f0758f141e3c7bf4ded1,prod_d43b2cf8fa29d7ae9b37,var_87fdb4d38460cd899505,cust_b53babc7d1a2435f5c82,5,"Good quality, but delivery took longer than expected.",positive,true_to_size,2026-04-04T07:15:36.000Z
rev_41b55ea776e22cefa198,prod_438a44848bc196e6d975,var_d50ecabaab63713dbe3c,cust_99222b35d84683af3500,4,Solid daily gear. Fit was true to size for me.,positive,true_to_size,2026-03-27T10:50:50.000Z
rev_a55a99bbf1b473a2edae,prod_1aac77da65d619e6240f,var_3971b7f2774b1e5a316d,cust_a57a7eb1a76150d008ef,3,Great race day option and the color looks sharp.,positive,true_to_size,2026-04-03T08:39:54.000Z
rev_32dd4538b9ddc9b44b49,prod_2efa0aed0d6e67ecae58,var_d206780fbe564728bf65,cust_c3278c96923e0f593b7a,5,"Lightweight feel, but I would size up next time.",positive,runs_small,2026-03-25T09:42:40.000Z
rev_f31c1494ccc72ed74bbd,prod_4fb11ac857411bda88a4,var_6b4cde94e24613aa178d,cust_ada607b5f9303abc5aa7,3,Loved the fabric and bought a second color.,positive,true_to_size,2026-03-27T12:27:31.000Z
rev_6526e7f1d2ef25dddcc1,prod_0189531a36c049171820,var_51f120a7b2c0d86f9a2b,cust_da7bb30d3f1df4b4456f,4,Great race day option and the color looks sharp.,neutral,true_to_size,2026-03-23T16:50:47.000Z
rev_2cbf0ecc53d88cc305de,prod_438a44848bc196e6d975,var_05e312d19f2d967b02ae,cust_6fd8d282edb96ab401bc,5,Great race day option and the color looks sharp.,positive,true_to_size,2026-04-03T09:14:43.000Z
rev_8534ef1de89296fcf681,prod_72dfeba4701d415d317a,var_e55f60ce5370c732b493,cust_3d2ec425a05273e8aed4,5,Comfortable on long runs and held up well after washing.,neutral,runs_small,2026-03-30T12:58:50.000Z
rev_ad33961c620af3a557a7,prod_72dfeba4701d415d317a,var_b93ffcc4df25b6049fd7,cust_a94655c92fcbb4d5c0e6,4,"Lightweight feel, but I would size up next time.",neutral,true_to_size,2026-03-24T07:06:26.000Z
rev_e10ccfb773f78b0ae4f9,prod_d43b2cf8fa29d7ae9b37,var_a2c2c81c60e69fda9995,cust_76a55613f59923e6d612,3,Loved the fabric and bought a second color.,positive,runs_small,2026-04-03T10:42:46.000Z
rev_27c2e3c94ccf452a7a04,prod_4fb11ac857411bda88a4,var_acbadd53c4704809d846,cust_1498cb75bea18562fa92,5,"Good quality, but delivery took longer than expected.",positive,true_to_size,2026-04-03T16:20:09.000Z
rev_9da06e34e4edb0c81a84,prod_d43b2cf8fa29d7ae9b37,var_13c3ed1f6d0b19413901,cust_ee549158dbb56a8bbe68,3,"Good quality, but delivery took longer than expected.",positive,true_to_size,2026-04-02T06:43:09.000Z
rev_8d342514fd4d93eba789,prod_0189531a36c049171820,var_b9ed5b404fd99996ec9f,cust_6d9e61db03ab21d625f8,5,"Lightweight feel, but I would size up next time.",positive,runs_small,2026-03-23T12:00:49.000Z
rev_d09a3a065974e57f8df4,prod_ee93d55d30addeff6954,var_8d654d633876e75e4317,cust_34f52791295e2b1f1bc9,5,Great race day option and the color looks sharp.,positive,runs_small,2026-03-26T13:47:52.000Z
rev_99b362eb0a1cad2411c4,prod_4fb11ac857411bda88a4,var_fc65fa629ab0cfab4741,cust_97f12f77fd6d57066f85,5,Loved the fabric and bought a second color.,neutral,true_to_size,2026-03-24T14:48:23.000Z
rev_11974a52b05794aeceb1,prod_d43b2cf8fa29d7ae9b37,var_a63023dcf36046e5dc4e,cust_ce1ee86b9497d2904a3b,5,"Good quality, but delivery took longer than expected.",positive,true_to_size,2026-03-22T10:43:56.000Z
rev_493ae58c1479916df2a3,prod_ee93d55d30addeff6954,var_c9ae287d0fd94aec879d,cust_447ef7cc78511b6012dd,5,"Good quality, but delivery took longer than expected.",positive,runs_large,2026-04-06T15:58:09.000Z
rev_7eaa902329662c75c535,prod_1aac77da65d619e6240f,var_b0665991d9649a256643,cust_b83641ce1b8975c5df7d,5,Loved the fabric and bought a second color.,positive,runs_small,2026-03-31T18:59:48.000Z
rev_e3bf6fb950e355d01d66,prod_4fb11ac857411bda88a4,var_48589628c217474fe88e,cust_acb2c391c659ab81e586,5,Loved the fabric and bought a second color.,positive,runs_small,2026-03-23T19:37:58.000Z
rev_2dc8845c6a2d96a8fa4f,prod_ee93d55d30addeff6954,var_0f755faccbe419124cf5,cust_d38d523a306fe485d7f4,5,"Good quality, but delivery took longer than expected.",positive,true_to_size,2026-03-28T06:25:39.000Z
rev_a52497d644085487c1bf,prod_2efa0aed0d6e67ecae58,var_7f3a3296ffbd820f7f55,cust_ad354e967cd48965cb87,3,Comfortable on long runs and held up well after washing.,positive,true_to_size,2026-03-24T16:41:20.000Z
rev_7303053a375f0b01495b,prod_2efa0aed0d6e67ecae58,var_ef0af573f8034823d555,cust_83e0df584902aa9cd2e9,4,"Good quality, but delivery took longer than expected.",positive,true_to_size,2026-03-30T10:25:16.000Z
rev_8b48a4887b3f0d5a9e70,prod_1aac77da65d619e6240f,var_5229b1982481efd531f3,cust_c2ab09602bbb83db18a1,5,"Lightweight feel, but I would size up next time.",positive,true_to_size,2026-03-28T13:48:49.000Z
rev_5978c18502478980af3e,prod_1aac77da65d619e6240f,var_e865328517c3330f1431,cust_54acbb5eb83e11d3781e,4,Great race day option and the color looks sharp.,positive,true_to_size,2026-03-30T19:56:08.000Z
rev_8694aaedeef82959e539,prod_ee93d55d30addeff6954,var_ed3640d449d418509f57,cust_4259c249b7707860177c,4,Loved the fabric and bought a second color.,positive,true_to_size,2026-04-02T14:09:05.000Z
rev_5c0dfe150de874e88caa,prod_4fb11ac857411bda88a4,var_0298ed73b20b2a58ddc3,cust_abc53a8a715b6a1e1f69,4,"Good quality, but delivery took longer than expected.",positive,true_to_size,2026-03-25T17:58:21.000Z
rev_5de21db43341b6cde878,prod_ea26883fb1deabd15141,var_8fe117c6a6c73be68252,cust_3179b670eb643cb42f3b,3,Comfortable on long runs and held up well after washing.,positive,true_to_size,2026-03-26T18:01:06.000Z
rev_f0dcd176c5ed7d0020b7,prod_ee93d55d30addeff6954,var_c9ae287d0fd94aec879d,cust_6888ebb2907d75b334eb,2,"Good quality, but delivery took longer than expected.",positive,runs_large,2026-04-05T17:45:13.000Z
rev_ef4673d7fe11c2151234,prod_0189531a36c049171820,var_ec38e216853971e3ca9c,cust_4bb29cd92ec0655449ec,4,Comfortable on long runs and held up well after washing.,positive,runs_large,2026-04-08T15:18:11.000Z
rev_e1f236d2fc7a6d2144a5,prod_d43b2cf8fa29d7ae9b37,var_2cc49091108ce06c317f,cust_3f89cef5b94c84943304,5,Loved the fabric and bought a second color.,positive,runs_small,2026-04-07T13:35:05.000Z
rev_9fbc1f1efbb9b8aad032,prod_4fb11ac857411bda88a4,var_70e1c4a0d7096208c340,cust_d20d4bd12278e7e90393,5,Great race day option and the color looks sharp.,positive,true_to_size,2026-03-28T07:44:26.000Z
rev_b654b09a5ce75c5c2c8e,prod_438a44848bc196e6d975,var_05e312d19f2d967b02ae,cust_16bd36d1c06a7039c1a9,3,Solid daily gear. Fit was true to size for me.,positive,true_to_size,2026-03-29T14:49:10.000Z
rev_cd734516653da7294721,prod_d43b2cf8fa29d7ae9b37,var_87fdb4d38460cd899505,cust_edde5d2a731c52e35c5f,3,"Good quality, but delivery took longer than expected.",positive,true_to_size,2026-04-05T12:05:55.000Z
rev_83f43194b9ea58456380,prod_d43b2cf8fa29d7ae9b37,var_320e93b779cc3f59b69d,cust_1aae00d28d3a00bcea0a,4,Loved the fabric and bought a second color.,positive,true_to_size,2026-04-03T17:46:50.000Z
rev_3c2093bd3c3e5586c0f1,prod_2efa0aed0d6e67ecae58,var_e03ac89cc365fa42f93c,cust_592786370de3d1e561a6,4,"Good quality, but delivery took longer than expected.",positive,true_to_size,2026-03-27T13:31:22.000Z
rev_92c9cdcc8845a8893de4,prod_4fb11ac857411bda88a4,var_71823e970238e186821c,cust_decf533ee960b29ed93a,3,Solid daily gear. Fit was true to size for me.,negative,runs_small,2026-04-05T23:33:20.000Z
rev_93319b50454a9a34a1c8,prod_d43b2cf8fa29d7ae9b37,var_320e93b779cc3f59b69d,cust_1233358750fed70e7015,5,Great race day option and the color looks sharp.,positive,true_to_size,2026-04-01T10:20:18.000Z
rev_832373c9760a43328c0e,prod_d43b2cf8fa29d7ae9b37,var_5267390ff261d8c9917a,cust_5203abeac28b063f81bc,5,Loved the fabric and bought a second color.,positive,true_to_size,2026-03-28T13:37:41.000Z
rev_9dc6262f1ac8219c3c92,prod_ea26883fb1deabd15141,var_a18ec8356e2d553dbf65,cust_e68cf0d28ceb7a04ca06,5,Solid daily gear. Fit was true to size for me.,positive,runs_large,2026-04-02T08:18:04.000Z
rev_14bd7f7c3fc7a6da2705,prod_72dfeba4701d415d317a,var_a8e55173ba8ba00fbb58,cust_467ab0d539e4f8df5b38,5,Great race day option and the color looks sharp.,positive,true_to_size,2026-03-31T21:15:17.000Z
rev_578e8b6e17468a1cd234,prod_0189531a36c049171820,var_ec38e216853971e3ca9c,cust_decf533ee960b29ed93a,5,Great race day option and the color looks sharp.,neutral,runs_large,2026-03-25T14:50:11.000Z
rev_38e871d0783d23220a0d,prod_2efa0aed0d6e67ecae58,var_7696cc7d0631b8c9ee6f,cust_996f2e72993b1a9fa80a,4,"Lightweight feel, but I would size up next time.",positive,true_to_size,2026-03-28T17:57:57.000Z
rev_d2adca8db30d837fd19e,prod_4fb11ac857411bda88a4,var_69ad1a308528a65fbf7f,cust_d3a9a431196292acc69a,4,Comfortable on long runs and held up well after washing.,positive,true_to_size,2026-04-02T16:28:59.000Z
rev_ed939c72e89aea214a52,prod_ee93d55d30addeff6954,var_075418ff0be5cdb7558e,cust_d907782f7f4bd245d722,3,"Good quality, but delivery took longer than expected.",positive,true_to_size,2026-04-05T23:55:55.000Z
rev_a69112fffc55301cd002,prod_2efa0aed0d6e67ecae58,var_53840b82f1f41986b97b,cust_81798031a02ac16815e9,4,Comfortable on long runs and held up well after washing.,positive,true_to_size,2026-04-02T08:52:39.000Z
rev_9ff98c50dd69fb508cc6,prod_2efa0aed0d6e67ecae58,var_64183720fcbbbd913ed0,cust_97610aadea7136204d4d,5,"Lightweight feel, but I would size up next time.",positive,true_to_size,2026-04-07T18:00:21.000Z
rev_eb447978cdee994aa316,prod_2efa0aed0d6e67ecae58,var_1a3c43e3bd57b167f4c1,cust_dc6d8a4e77e09da3340d,5,Solid daily gear. Fit was true to size for me.,positive,true_to_size,2026-03-28T23:12:26.000Z
rev_c72cd51de9972312f5ec,prod_2efa0aed0d6e67ecae58,var_5414ce2508350e24da4d,cust_efbbc1d5552bef54395f,1,"Lightweight feel, but I would size up next time.",positive,runs_small,2026-04-07T08:28:29.000Z
rev_f2683439f96eaadeaa79,prod_0189531a36c049171820,var_fa3dbd5a2054f66ebda8,cust_1975994da3f25777d5ca,4,Great race day option and the color looks sharp.,positive,true_to_size,2026-04-03T19:21:55.000Z
rev_67b20ddd0a32a2b6bd06,prod_1aac77da65d619e6240f,var_4ec6f48b0a97467baa73,cust_c2ab09602bbb83db18a1,5,Solid daily gear. Fit was true to size for me.,positive,runs_small,2026-04-06T14:31:15.000Z
rev_3cbf408c84212c1056b2,prod_2efa0aed0d6e67ecae58,var_32173c8dbdf8eac79214,cust_c2ab09602bbb83db18a1,5,Great race day option and the color looks sharp.,positive,runs_large,2026-03-28T16:43:25.000Z
rev_9713d9b44df3dfd7bbd1,prod_4fb11ac857411bda88a4,var_fc65fa629ab0cfab4741,cust_a234edeba1dcacf2c51a,5,"Lightweight feel, but I would size up next time.",positive,runs_small,2026-03-28T17:40:38.000Z
rev_d4baea9a317c002910a7,prod_d43b2cf8fa29d7ae9b37,var_f3e3682f5daf474543ab,cust_acb2c391c659ab81e586,3,Great race day option and the color looks sharp.,positive,true_to_size,2026-03-26T11:35:01.000Z
rev_4df0a55b43ec78c9731c,prod_0189531a36c049171820,var_e7d27b69dfb62d802fec,cust_da0c7d87cb59be41e7b6,4,Great race day option and the color looks sharp.,positive,true_to_size,2026-03-27T16:37:34.000Z
rev_747d0c19a94de810c570,prod_ea26883fb1deabd15141,var_def87b80ab2972f8be9d,cust_589f8fec2ed470e6aa9b,2,Loved the fabric and bought a second color.,negative,true_to_size,2026-04-06T21:33:24.000Z
rev_8da6a97bc821156bdae3,prod_0189531a36c049171820,var_65cde14be098ea1a671d,cust_589f8fec2ed470e6aa9b,2,"Lightweight feel, but I would size up next time.",positive,runs_small,2026-04-09T07:26:46.000Z
rev_8273152352c7443e95ef,prod_4fb11ac857411bda88a4,var_fad911836ba0bc2d17e3,cust_2a56707186dc0641de2d,4,"Good quality, but delivery took longer than expected.",negative,true_to_size,2026-04-08T20:58:50.000Z
rev_53bf94651b791fe7c66b,prod_438a44848bc196e6d975,var_8768929dc580179c1fad,cust_7636416ca066d8dbda5b,3,Solid daily gear. Fit was true to size for me.,positive,true_to_size,2026-04-01T09:49:57.000Z
rev_8558379a3d2c4505ba84,prod_72dfeba4701d415d317a,var_439e4a3b1ded76626bcc,cust_4895dbddd79903ccf492,4,"Lightweight feel, but I would size up next time.",positive,true_to_size,2026-03-29T08:17:42.000Z
rev_1709ed83833781d0e43f,prod_2efa0aed0d6e67ecae58,var_93a3c087875d45eb3101,cust_2f4de23108b6aeb22333,4,Comfortable on long runs and held up well after washing.,positive,true_to_size,2026-04-04T21:55:40.000Z
rev_d97be3800c69618f0521,prod_2efa0aed0d6e67ecae58,var_3faf67b40721672e3de6,cust_ad354e967cd48965cb87,5,Loved the fabric and bought a second color.,negative,true_to_size,2026-04-09T14:44:07.000Z
rev_b30e00ae228b15d88109,prod_2efa0aed0d6e67ecae58,var_53840b82f1f41986b97b,cust_9c30ae9f794591018215,5,Comfortable on long runs and held up well after washing.,positive,runs_large,2026-04-10T17:18:29.000Z
rev_6c99d7bc0580ce2051fd,prod_ee93d55d30addeff6954,var_2d63af5c80cedd103436,cust_f82cef94082cec944669,4,Comfortable on long runs and held up well after washing.,positive,true_to_size,2026-03-30T07:40:00.000Z
rev_cce9de29d6e5baa13d81,prod_72dfeba4701d415d317a,var_15a5da1605c0b6e7842d,cust_945431441ebea38cd24e,5,Solid daily gear. Fit was true to size for me.,neutral,true_to_size,2026-03-27T12:32:31.000Z
rev_6212b9cb7c314f2ec1bf,prod_ee93d55d30addeff6954,var_76a3d7146b323dd2a889,cust_b12eb8145810f86ffbf0,4,"Lightweight feel, but I would size up next time.",neutral,true_to_size,2026-03-30T09:31:33.000Z
rev_5ff53ff74c7813231715,prod_ee93d55d30addeff6954,var_70fe6fd57228fdd24400,cust_cb1fc1a5e988c9828c23,3,Great race day option and the color looks sharp.,positive,true_to_size,2026-04-03T19:31:08.000Z
rev_33a5fb7e830277fc97cd,prod_72dfeba4701d415d317a,var_11b9ced246c49a2a69c6,cust_c69a802280738bcd9b6b,5,"Lightweight feel, but I would size up next time.",positive,true_to_size,2026-04-05T13:13:55.000Z
rev_e5a43cabc11845577ccf,prod_4fb11ac857411bda88a4,var_77f9b98f706e27f8d8f9,cust_c69a802280738bcd9b6b,4,Comfortable on long runs and held up well after washing.,positive,true_to_size,2026-04-01T09:23:24.000Z
rev_0aabbbfb69c2805dfa28,prod_ee93d55d30addeff6954,var_422a1ef6d8410f6c318d,cust_76094e47ac27198d2ccd,5,Solid daily gear. Fit was true to size for me.,neutral,runs_large,2026-04-07T23:18:33.000Z
rev_720e8e4d6160a1642911,prod_30d7a0ddc2ef16ba66b9,var_5ad21b0b072b59385182,cust_2bf7aaf3a103bb0ab66c,4,"Good quality, but delivery took longer than expected.",positive,true_to_size,2026-03-31T07:27:07.000Z
rev_e894a95cc7a22ee24e77,prod_d43b2cf8fa29d7ae9b37,var_2abdb293ed839904df8a,cust_7636416ca066d8dbda5b,4,Solid daily gear. Fit was true to size for me.,positive,runs_large,2026-04-05T19:03:18.000Z
rev_fe61909164477a7c8578,prod_ee93d55d30addeff6954,var_c491091d5ab7ff33db46,cust_148ca07f01ffc8e32a81,4,"Lightweight feel, but I would size up next time.",positive,true_to_size,2026-04-05T10:09:39.000Z
rev_8b537519ae19ba0c67fa,prod_ee93d55d30addeff6954,var_7929a442006436a2f4b9,cust_1233358750fed70e7015,5,"Lightweight feel, but I would size up next time.",positive,true_to_size,2026-04-11T06:11:36.000Z
rev_56f990082000a5ccacae,prod_72dfeba4701d415d317a,var_7a9bd3c5007019c19bfe,cust_f8cdc7d9ce71d7feefee,4,Comfortable on long runs and held up well after washing.,positive,true_to_size,2026-04-07T14:29:13.000Z
rev_222d37779c97cc3cf804,prod_ee93d55d30addeff6954,var_c491091d5ab7ff33db46,cust_e9274eaa5939bea43db7,5,Comfortable on long runs and held up well after washing.,neutral,true_to_size,2026-04-07T17:41:49.000Z
rev_11cfbd8701126ea04027,prod_4fb11ac857411bda88a4,var_70e1c4a0d7096208c340,cust_05f3790785af63cfdd45,4,"Good quality, but delivery took longer than expected.",positive,true_to_size,2026-03-28T20:50:06.000Z
rev_04b7e2c3be32cae325c0,prod_72dfeba4701d415d317a,var_e55f60ce5370c732b493,cust_5203abeac28b063f81bc,5,Loved the fabric and bought a second color.,negative,true_to_size,2026-03-29T23:19:04.000Z
rev_494b2511f9dda101a57d,prod_0189531a36c049171820,var_ec38e216853971e3ca9c,cust_1163a09a5d8d71331cb2,5,"Good quality, but delivery took longer than expected.",negative,true_to_size,2026-04-01T07:10:05.000Z
rev_cf5c5e21808330b2cd04,prod_4fb11ac857411bda88a4,var_8c55152214d872854644,cust_1163a09a5d8d71331cb2,4,Comfortable on long runs and held up well after washing.,negative,runs_small,2026-04-07T07:11:09.000Z
rev_02c89f51a9209393f6fa,prod_d43b2cf8fa29d7ae9b37,var_03696f04943b92dadb38,cust_64c77d317585ebcf086b,3,Loved the fabric and bought a second color.,positive,runs_large,2026-04-11T09:41:03.000Z
rev_1629ff3ffd30002d587e,prod_4fb11ac857411bda88a4,var_0298ed73b20b2a58ddc3,cust_fad144248cd02ec15ecb,5,Solid daily gear. Fit was true to size for me.,positive,true_to_size,2026-03-31T06:54:53.000Z
rev_dca14e5e2972c67aa3e3,prod_0189531a36c049171820,var_6b0100cdc1ef1031469b,cust_acb2c391c659ab81e586,5,Comfortable on long runs and held up well after washing.,positive,runs_small,2026-04-04T10:19:49.000Z
rev_c6fadf8d8160b2dd0b44,prod_0189531a36c049171820,var_617730612696e695ed41,cust_7ad3753e599d655e7e0a,4,Great race day option and the color looks sharp.,neutral,true_to_size,2026-04-05T11:52:45.000Z
rev_09f793309bc6ac36f93e,prod_ee93d55d30addeff6954,var_30fe308642c7372a4c55,cust_73a2dde28c118f306703,5,"Good quality, but delivery took longer than expected.",negative,true_to_size,2026-04-13T17:17:42.000Z
rev_9fd0d0e0da16965b1a33,prod_438a44848bc196e6d975,var_e117db91e6327b985328,cust_096db5862a733f30b5e3,5,Comfortable on long runs and held up well after washing.,positive,true_to_size,2026-04-05T14:16:54.000Z
rev_50732759cf068331784f,prod_ee93d55d30addeff6954,var_a0efe0997b6073b5e9d5,cust_eb63894240166165d8fa,5,"Lightweight feel, but I would size up next time.",positive,true_to_size,2026-04-13T21:40:39.000Z
rev_68c18d138605b71e8baf,prod_438a44848bc196e6d975,var_64d39327630553f2e1b9,cust_5203abeac28b063f81bc,5,Comfortable on long runs and held up well after washing.,negative,true_to_size,2026-04-11T16:25:33.000Z
rev_a5551d4e5416cd6ed9e0,prod_ee93d55d30addeff6954,var_b3220a2f29d9e3096a2f,cust_40a6c43c9f8406795d9a,5,Solid daily gear. Fit was true to size for me.,positive,true_to_size,2026-04-02T10:49:13.000Z
rev_ec7f64814e5998e29751,prod_4fb11ac857411bda88a4,var_48589628c217474fe88e,cust_40c0e309f58168c9ab45,5,Comfortable on long runs and held up well after washing.,positive,runs_large,2026-04-04T13:29:21.000Z
rev_a221cf575ea10d1cef44,prod_2efa0aed0d6e67ecae58,var_ef0af573f8034823d555,cust_76094e47ac27198d2ccd,5,"Lightweight feel, but I would size up next time.",positive,true_to_size,2026-04-05T21:32:29.000Z
rev_933722eb15cd6c93e67b,prod_d43b2cf8fa29d7ae9b37,var_1281ece6b89ebbdd0340,cust_df55be82648aa36f9a5f,5,Solid daily gear. Fit was true to size for me.,positive,true_to_size,2026-04-08T21:03:21.000Z
rev_3013c5f02ae302bd8b74,prod_72dfeba4701d415d317a,var_11b9ced246c49a2a69c6,cust_44dbb037937b86200334,5,"Good quality, but delivery took longer than expected.",neutral,true_to_size,2026-03-29T10:01:17.000Z
rev_0c110bac000e53573f0c,prod_ee93d55d30addeff6954,var_efeb55e5136f27ed409c,cust_e28d262b6c41006b34a2,2,"Lightweight feel, but I would size up next time.",positive,runs_small,2026-04-10T06:09:35.000Z
rev_48dc819bca2e3f4515b5,prod_438a44848bc196e6d975,var_17ee5bcff06d14279787,cust_217070f56f4c8746d273,5,"Lightweight feel, but I would size up next time.",neutral,true_to_size,2026-04-09T17:06:07.000Z
rev_170d6da515218468f9d1,prod_2efa0aed0d6e67ecae58,var_b54607373ac7bafb02f6,cust_da0b9520135f451f92ff,4,Great race day option and the color looks sharp.,positive,true_to_size,2026-04-11T23:39:57.000Z
rev_6c810db9ee7ca87a5262,prod_2efa0aed0d6e67ecae58,var_3faf67b40721672e3de6,cust_228cc5fa8ecf2470be45,4,"Lightweight feel, but I would size up next time.",positive,true_to_size,2026-03-30T11:52:03.000Z
rev_3f2d170e240f81d254a7,prod_438a44848bc196e6d975,var_823a189d514c6e10865d,cust_88403ae10bbad038d232,2,Solid daily gear. Fit was true to size for me.,positive,true_to_size,2026-04-02T06:43:32.000Z
rev_80471aa615baa8e56ce3,prod_72dfeba4701d415d317a,var_9ae1b9494d9b24b6814d,cust_b19d0b34e94f9318acbe,4,Comfortable on long runs and held up well after washing.,positive,true_to_size,2026-04-05T22:08:04.000Z
rev_cf3feda49fa57d66dd16,prod_438a44848bc196e6d975,var_cca84c818b8d1dc7a408,cust_43217afa457ce5ec8912,4,Great race day option and the color looks sharp.,positive,true_to_size,2026-04-05T15:06:59.000Z
rev_7b84f5d5adb9fed77458,prod_0189531a36c049171820,var_00c1c82f6d8a8b24ddf5,cust_3ff6c4bbf63c79ca19f6,1,Loved the fabric and bought a second color.,positive,true_to_size,2026-04-02T07:14:23.000Z
rev_8a5351183f7a474fe459,prod_ee93d55d30addeff6954,var_76a3d7146b323dd2a889,cust_3ff6c4bbf63c79ca19f6,5,"Lightweight feel, but I would size up next time.",positive,true_to_size,2026-03-30T14:04:14.000Z
rev_206331049c907fbff5a3,prod_ee93d55d30addeff6954,var_0f755faccbe419124cf5,cust_cdc2ca99ddaf6c5f9e8d,4,Solid daily gear. Fit was true to size for me.,negative,true_to_size,2026-04-02T08:55:40.000Z
rev_a1906000a2a3bcf7510e,prod_d43b2cf8fa29d7ae9b37,var_aa050b328bd26312a85e,cust_aa979732cc8efaf3918d,4,Comfortable on long runs and held up well after washing.,positive,true_to_size,2026-04-07T15:33:10.000Z
rev_9f5d633cb66c6f63489d,prod_ea26883fb1deabd15141,var_ad88e442b4ec9a747624,cust_7c9fd1a9289807b7febd,5,Comfortable on long runs and held up well after washing.,neutral,true_to_size,2026-04-04T22:09:27.000Z
rev_b06f23980e3aa5a1facc,prod_ebe756215bbfcde882c1,var_0c2a56074856654cc09c,cust_30fed5e1ab477d9d67d4,5,Solid daily gear. Fit was true to size for me.,positive,true_to_size,2026-04-14T21:45:33.000Z
rev_947939026ae845e4b904,prod_2efa0aed0d6e67ecae58,var_8031b1936b5e05c16a08,cust_984e77cc1dc2bfd87a27,5,Great race day option and the color looks sharp.,positive,true_to_size,2026-04-09T21:44:42.000Z
rev_ddf43f940b3110517330,prod_72dfeba4701d415d317a,var_15a5da1605c0b6e7842d,cust_3f89cef5b94c84943304,5,"Good quality, but delivery took longer than expected.",positive,true_to_size,2026-04-03T06:29:21.000Z
rev_478c8492ad4417122dcf,prod_438a44848bc196e6d975,var_2ea4bbd80d521a5e2104,cust_53fda01c314ffa88800e,2,"Lightweight feel, but I would size up next time.",positive,runs_large,2026-04-08T18:30:05.000Z
rev_f966ee761c6218a1a984,prod_2efa0aed0d6e67ecae58,var_8031b1936b5e05c16a08,cust_53fda01c314ffa88800e,3,Loved the fabric and bought a second color.,positive,true_to_size,2026-04-11T21:05:22.000Z
rev_8b154e9e55ae9ca01abd,prod_1aac77da65d619e6240f,var_e865328517c3330f1431,cust_76094e47ac27198d2ccd,5,Great race day option and the color looks sharp.,positive,true_to_size,2026-04-10T14:00:40.000Z
rev_fed8343897d3c285df9e,prod_2efa0aed0d6e67ecae58,var_7696cc7d0631b8c9ee6f,cust_d957779c3214f6de95ed,5,"Good quality, but delivery took longer than expected.",positive,true_to_size,2026-04-15T11:24:19.000Z
rev_9cb93d50db0e54eea891,prod_0189531a36c049171820,var_cad1bc675f38c394a994,cust_806fb93bdbc0a26050bd,4,"Good quality, but delivery took longer than expected.",positive,true_to_size,2026-04-14T09:09:24.000Z
rev_1f730c2fbb1275878368,prod_d43b2cf8fa29d7ae9b37,var_caae1453b01f7b10b548,cust_212982d000d922fbe698,4,Great race day option and the color looks sharp.,positive,true_to_size,2026-04-03T10:01:25.000Z
rev_eca122715fbeb01c8f7d,prod_4fb11ac857411bda88a4,var_e49c1d617edcf65ee83c,cust_bfabff23c4a557e56b05,5,Great race day option and the color looks sharp.,negative,true_to_size,2026-04-14T07:18:21.000Z
rev_282ba6fada4b308d30ad,prod_72dfeba4701d415d317a,var_e55f60ce5370c732b493,cust_bfabff23c4a557e56b05,2,Comfortable on long runs and held up well after washing.,positive,runs_small,2026-04-11T10:03:37.000Z
rev_b08e3d57697da513a30c,prod_4fb11ac857411bda88a4,var_70e1c4a0d7096208c340,cust_7f893780af2223137b79,4,Loved the fabric and bought a second color.,positive,true_to_size,2026-04-04T19:32:36.000Z
rev_0d1b4820142433a61d2a,prod_d87cfc68d1aef053d198,var_7867058976a19bca1d0d,cust_2caf006c88258b4e6871,4,Loved the fabric and bought a second color.,positive,true_to_size,2026-04-13T15:48:48.000Z
rev_a5813348dd0f7edd4aeb,prod_72dfeba4701d415d317a,var_3095fdb99afdb37f42a9,cust_3f89cef5b94c84943304,5,"Lightweight feel, but I would size up next time.",positive,true_to_size,2026-04-01T17:48:57.000Z
rev_58fe8907edecab95ae3f,prod_2efa0aed0d6e67ecae58,var_c1d92c21012faefae3f8,cust_8fb219722e2d58fe8892,5,Loved the fabric and bought a second color.,positive,true_to_size,2026-04-06T19:59:44.000Z
rev_08db198351f94c50a43e,prod_d43b2cf8fa29d7ae9b37,var_caae1453b01f7b10b548,cust_f799e012b63138f36124,5,Solid daily gear. Fit was true to size for me.,positive,true_to_size,2026-04-07T09:25:53.000Z
rev_6ba9b64332305cfd81e2,prod_2efa0aed0d6e67ecae58,var_e03ac89cc365fa42f93c,cust_e0c126a222bd2979267f,2,Comfortable on long runs and held up well after washing.,positive,runs_small,2026-04-01T08:51:47.000Z
rev_504d7cfaa77db4ef2c10,prod_ea26883fb1deabd15141,var_be2b12a3e53e8671f3d6,cust_f86bcd473c74a71ea282,5,Loved the fabric and bought a second color.,positive,true_to_size,2026-04-09T17:28:29.000Z
rev_b40cca28adb46e990671,prod_2efa0aed0d6e67ecae58,var_b54607373ac7bafb02f6,cust_7ff2aa33c3e41140643c,5,"Good quality, but delivery took longer than expected.",neutral,true_to_size,2026-04-05T09:31:03.000Z
rev_f92d8714a233d12c576c,prod_2efa0aed0d6e67ecae58,var_d206780fbe564728bf65,cust_95b5965b52d7e1105aaa,5,Comfortable on long runs and held up well after washing.,positive,true_to_size,2026-04-11T15:25:07.000Z
rev_3257d8ffa46b45be6684,prod_2efa0aed0d6e67ecae58,var_0072c3c72ae42a25b5f3,cust_7636416ca066d8dbda5b,5,"Good quality, but delivery took longer than expected.",positive,true_to_size,2026-04-05T23:06:18.000Z
rev_cf7a0cd3b6ec88cbfe79,prod_ebe756215bbfcde882c1,var_54a48c4e9f5a97d29dac,cust_5d49a660298982395dd6,4,Comfortable on long runs and held up well after washing.,positive,runs_small,2026-04-06T12:09:57.000Z
rev_3934cadec07806286e72,prod_72dfeba4701d415d317a,var_07a3825bb8e2e492b76b,cust_432ec66e6e818d95ccf6,3,"Lightweight feel, but I would size up next time.",positive,true_to_size,2026-04-01T08:34:16.000Z
rev_5cdf2437da0bb348e361,prod_1aac77da65d619e6240f,var_9818589b07d9187961de,cust_432ec66e6e818d95ccf6,2,Comfortable on long runs and held up well after washing.,positive,runs_small,2026-04-13T20:08:17.000Z
rev_05fb06d0b8d89d8e5929,prod_1aac77da65d619e6240f,var_aa467d7577abf3fbc60e,cust_fa11ba9d1174115c007d,5,"Lightweight feel, but I would size up next time.",positive,true_to_size,2026-04-12T15:01:39.000Z
rev_e94dcb778284ecd5a4ae,prod_ee93d55d30addeff6954,var_c491091d5ab7ff33db46,cust_8fc9f50c4e56b3c9fd37,5,"Lightweight feel, but I would size up next time.",positive,true_to_size,2026-04-02T16:53:51.000Z
rev_6d072018650bff9e0a96,prod_72dfeba4701d415d317a,var_8856a9a1708ad62e3b1d,cust_da0c7d87cb59be41e7b6,4,Solid daily gear. Fit was true to size for me.,positive,true_to_size,2026-04-03T06:25:17.000Z
rev_3d1aa9777c699a088ae7,prod_4fb11ac857411bda88a4,var_dc811c3db2dffa2b4d77,cust_72d6d205274768a89159,4,Great race day option and the color looks sharp.,neutral,true_to_size,2026-04-05T17:00:17.000Z
rev_63ecd324eb6f25d0229f,prod_438a44848bc196e6d975,var_a7daae96f9b2f50dfdef,cust_04be9003980243189e66,5,Comfortable on long runs and held up well after washing.,positive,true_to_size,2026-04-10T16:04:59.000Z
rev_8e2ff41d2375473ecae3,prod_ee93d55d30addeff6954,var_075418ff0be5cdb7558e,cust_81d2f17c16c4fbcce255,4,Solid daily gear. Fit was true to size for me.,negative,true_to_size,2026-04-17T07:39:52.000Z
rev_0e6d2176ab8aa589e7c5,prod_d43b2cf8fa29d7ae9b37,var_01a56d62607b13a33c4e,cust_5abcd80406ecd75d9c7d,5,Loved the fabric and bought a second color.,neutral,runs_large,2026-04-12T13:00:43.000Z
rev_f97394c35c516bc15c6f,prod_2efa0aed0d6e67ecae58,var_b54607373ac7bafb02f6,cust_cb9e937a3f563a2a4707,4,Comfortable on long runs and held up well after washing.,negative,true_to_size,2026-04-03T11:26:37.000Z
rev_f599b90c1b6aad35c870,prod_438a44848bc196e6d975,var_b72377f8338f3eabe496,cust_7cb6891c74a5e76c5c9e,4,Solid daily gear. Fit was true to size for me.,positive,true_to_size,2026-04-13T06:01:26.000Z
rev_e55301ac912f6f248472,prod_4fb11ac857411bda88a4,var_94b54f7c484f05634866,cust_fa61386d485276a0a280,4,Comfortable on long runs and held up well after washing.,negative,true_to_size,2026-04-16T19:49:58.000Z
rev_d7bf7f7461c8fc7a2932,prod_438a44848bc196e6d975,var_164a5b158bfc49dcbc82,cust_02a3421794224a3ecc5a,5,"Good quality, but delivery took longer than expected.",positive,true_to_size,2026-04-14T22:32:48.000Z
rev_4d917e35f9bd291e8a35,prod_30d7a0ddc2ef16ba66b9,var_cb896475831a28934bfe,cust_9b28ab6acc6d0429690f,5,Comfortable on long runs and held up well after washing.,positive,true_to_size,2026-04-03T11:00:21.000Z
rev_950867d1e4f9bef7393d,prod_72dfeba4701d415d317a,var_e55f60ce5370c732b493,cust_3d6bbefeaffadde991e4,4,"Good quality, but delivery took longer than expected.",positive,true_to_size,2026-04-06T08:03:12.000Z
rev_aa38d945432a1a3b9c32,prod_2efa0aed0d6e67ecae58,var_499d2419d323a686d2c6,cust_464f83cf9cfbef8ca3e9,5,Comfortable on long runs and held up well after washing.,negative,true_to_size,2026-04-11T18:47:08.000Z
rev_d93503ff6317a4112d58,prod_0189531a36c049171820,var_6b0100cdc1ef1031469b,cust_3608f838be53549f2358,3,"Good quality, but delivery took longer than expected.",positive,runs_small,2026-04-11T17:39:55.000Z
rev_73bda522bb4c9b19fa71,prod_d43b2cf8fa29d7ae9b37,var_e8598f4784994d3f8438,cust_7dfa6d2d42eeeabe5b58,1,Solid daily gear. Fit was true to size for me.,neutral,runs_small,2026-04-11T12:14:02.000Z
rev_612d6800d87f06dca5b2,prod_ee93d55d30addeff6954,var_eb2f38cea72d24acd1c4,cust_7dfa6d2d42eeeabe5b58,2,"Lightweight feel, but I would size up next time.",positive,true_to_size,2026-04-16T06:55:08.000Z
rev_786278beadd4d68a18bf,prod_2efa0aed0d6e67ecae58,var_d045b09c714a135c2f0a,cust_ee549158dbb56a8bbe68,4,Comfortable on long runs and held up well after washing.,neutral,true_to_size,2026-04-03T12:18:54.000Z
rev_aa305a621b5d3d931a71,prod_4fb11ac857411bda88a4,var_e49c1d617edcf65ee83c,cust_614b3290fb15d191aa72,4,Great race day option and the color looks sharp.,positive,true_to_size,2026-04-08T18:57:19.000Z
rev_d0e5238ecc203f01c83a,prod_4fb11ac857411bda88a4,var_2683dc797f5a0706de2c,cust_503862a228d535500165,5,Solid daily gear. Fit was true to size for me.,positive,true_to_size,2026-04-11T16:25:39.000Z
rev_6a015807881fe70b81ea,prod_72dfeba4701d415d317a,var_a4481e5f98f473cda093,cust_f9eadae9668808f62fee,5,"Lightweight feel, but I would size up next time.",positive,true_to_size,2026-04-14T13:57:30.000Z
rev_58c5409c3385f309d696,prod_d43b2cf8fa29d7ae9b37,var_c313512d9379d00efca9,cust_c1988e8f1cd8c73b3e22,1,"Lightweight feel, but I would size up next time.",positive,runs_small,2026-04-18T15:08:40.000Z
rev_7c1de89f8eaf33852372,prod_72dfeba4701d415d317a,var_9ae1b9494d9b24b6814d,cust_2c8df8e325d3bbb8977b,5,Loved the fabric and bought a second color.,negative,runs_small,2026-04-19T22:39:07.000Z
rev_d4fb98f41daeb8a0d705,prod_4fb11ac857411bda88a4,var_77f9b98f706e27f8d8f9,cust_a16af41d6774fcfb4a41,4,"Good quality, but delivery took longer than expected.",positive,true_to_size,2026-04-05T10:05:08.000Z
rev_faf209a7e21d42812c5b,prod_ee93d55d30addeff6954,var_9f281e7cd219f0029526,cust_debfee9380f646c4ea97,4,Solid daily gear. Fit was true to size for me.,neutral,true_to_size,2026-04-18T11:02:01.000Z
rev_a04c18f7f1634715e265,prod_ee93d55d30addeff6954,var_1c227362843cad63ec2d,cust_f9eadae9668808f62fee,5,Great race day option and the color looks sharp.,positive,runs_small,2026-04-08T23:16:06.000Z
rev_183f92b091024aeeb8c0,prod_ee93d55d30addeff6954,var_422a1ef6d8410f6c318d,cust_88403ae10bbad038d232,4,"Good quality, but delivery took longer than expected.",positive,true_to_size,2026-04-20T20:26:37.000Z
rev_37b47ad6bc16a437fb7d,prod_4fb11ac857411bda88a4,var_55e00ca073f61b9775de,cust_74263f855f88d4f15a6a,5,Solid daily gear. Fit was true to size for me.,positive,runs_large,2026-04-09T21:10:27.000Z
rev_f1cab777294fa2ec0c94,prod_2efa0aed0d6e67ecae58,var_5e478e2b39c40398fb76,cust_83e5be50608ab4087b21,5,"Lightweight feel, but I would size up next time.",negative,runs_small,2026-04-19T10:20:43.000Z
rev_7b246afd40e281a6e614,prod_438a44848bc196e6d975,var_b72377f8338f3eabe496,cust_eef556b5af487366e593,5,Loved the fabric and bought a second color.,positive,true_to_size,2026-04-17T13:49:07.000Z
rev_96be1f692baa4a2cfb14,prod_72dfeba4701d415d317a,var_3095fdb99afdb37f42a9,cust_5a98548beb3f17d9a300,5,Loved the fabric and bought a second color.,neutral,runs_small,2026-04-20T10:41:08.000Z
rev_29bb2b6f3b7e583ced5f,prod_2efa0aed0d6e67ecae58,var_5414ce2508350e24da4d,cust_5a98548beb3f17d9a300,4,"Good quality, but delivery took longer than expected.",neutral,true_to_size,2026-04-05T15:19:41.000Z
rev_29189b95d060c549c330,prod_ee93d55d30addeff6954,var_85fb0baa8d121f327944,cust_b964a419defd45cd75cb,4,Comfortable on long runs and held up well after washing.,neutral,runs_small,2026-04-13T08:40:38.000Z
rev_4d34faa50f55273050d9,prod_438a44848bc196e6d975,var_c363351edb0ceb1afad6,cust_5d49a660298982395dd6,5,Loved the fabric and bought a second color.,neutral,true_to_size,2026-04-13T12:38:43.000Z
rev_8cc7d5a5e4ef2129bcdb,prod_438a44848bc196e6d975,var_b45c40adf3eb6d63798c,cust_5d49a660298982395dd6,4,Comfortable on long runs and held up well after washing.,neutral,true_to_size,2026-04-18T16:54:17.000Z
rev_0f6eab45aed2bc3a7431,prod_0189531a36c049171820,var_22afdc3bc66d8c370224,cust_7f32bf644f98a025c079,5,"Good quality, but delivery took longer than expected.",positive,true_to_size,2026-04-07T17:51:40.000Z
rev_542de74cb789e0325420,prod_4fb11ac857411bda88a4,var_63784919911926a972c2,cust_503862a228d535500165,4,Solid daily gear. Fit was true to size for me.,positive,true_to_size,2026-04-07T06:26:52.000Z
rev_c5e8f13c0d50ccd870a0,prod_0189531a36c049171820,var_51f120a7b2c0d86f9a2b,cust_b46fe354753ef5fcce43,5,"Lightweight feel, but I would size up next time.",positive,true_to_size,2026-04-18T11:39:16.000Z
rev_ca2a836c159aa0672623,prod_4fb11ac857411bda88a4,var_69ad1a308528a65fbf7f,cust_f94fba5b677019425dd1,5,Comfortable on long runs and held up well after washing.,positive,true_to_size,2026-04-12T14:56:44.000Z
rev_75af26ab12095a571a0f,prod_1aac77da65d619e6240f,var_30a71ca69a0597e20603,cust_47e6ddee7617184d6ab4,4,"Lightweight feel, but I would size up next time.",positive,true_to_size,2026-04-12T17:43:43.000Z
rev_8ba1435831d7279714c2,prod_438a44848bc196e6d975,var_b205c40ad363b680ec58,cust_5a98548beb3f17d9a300,3,Great race day option and the color looks sharp.,neutral,runs_small,2026-04-13T09:41:55.000Z
rev_5bfa447c9e2069ffd964,prod_2efa0aed0d6e67ecae58,var_32173c8dbdf8eac79214,cust_9824afd3066858029c32,1,Great race day option and the color looks sharp.,negative,runs_small,2026-04-16T07:48:50.000Z
rev_267b3c462b6a84485094,prod_ee93d55d30addeff6954,var_70fe6fd57228fdd24400,cust_8c1a01eb4055a985c9bf,5,Great race day option and the color looks sharp.,neutral,true_to_size,2026-04-20T18:53:32.000Z
rev_152b8a0f5ca20ea3dda7,prod_d43b2cf8fa29d7ae9b37,var_b35ae4d77d0efb3389d3,cust_821bda0bd0aa72b0d0eb,5,"Lightweight feel, but I would size up next time.",positive,runs_small,2026-04-10T10:05:19.000Z
rev_ff39c685f84c7534231a,prod_ea26883fb1deabd15141,var_8fe117c6a6c73be68252,cust_e4f2e707a55c4878f253,4,"Good quality, but delivery took longer than expected.",positive,true_to_size,2026-04-21T22:50:32.000Z
rev_a161f97b676e78de9f28,prod_ea26883fb1deabd15141,var_a18ec8356e2d553dbf65,cust_314cd058ebd80d16f1e6,5,Loved the fabric and bought a second color.,positive,true_to_size,2026-04-17T09:13:04.000Z
rev_471894a9f92af2bdc0f6,prod_4fb11ac857411bda88a4,var_94b54f7c484f05634866,cust_be17bb769d443679302d,4,Loved the fabric and bought a second color.,neutral,true_to_size,2026-04-06T19:24:23.000Z
rev_57f216daf7d0d03392cf,prod_0189531a36c049171820,var_65cde14be098ea1a671d,cust_8fb1d19dd4464026d68d,5,"Lightweight feel, but I would size up next time.",positive,runs_small,2026-04-11T19:41:23.000Z
rev_f3c9db66e7f0c5c3223f,prod_4fb11ac857411bda88a4,var_94b54f7c484f05634866,cust_f336ad54cc31feee26ca,4,"Lightweight feel, but I would size up next time.",neutral,true_to_size,2026-04-14T09:59:11.000Z
rev_16cc0d7355306c9ceb80,prod_2efa0aed0d6e67ecae58,var_2a91c104878870f34df4,cust_2f4de23108b6aeb22333,4,Solid daily gear. Fit was true to size for me.,positive,runs_small,2026-04-16T20:54:50.000Z
rev_8e87289ca616163c083c,prod_438a44848bc196e6d975,var_84b95c9fb4b7809f8a34,cust_2b8c8982e212731bc533,5,Loved the fabric and bought a second color.,positive,runs_small,2026-04-12T12:31:05.000Z
rev_f6e5fda10fff3c97b44f,prod_ee93d55d30addeff6954,var_9d18dbed26f272d168b2,cust_47e6ddee7617184d6ab4,2,Loved the fabric and bought a second color.,negative,true_to_size,2026-04-09T08:05:20.000Z
rev_48323dec41927c27def7,prod_1aac77da65d619e6240f,var_582d11378691a5a6e4e9,cust_95ed0dd9139ab9d80b05,4,Solid daily gear. Fit was true to size for me.,positive,true_to_size,2026-04-18T21:18:59.000Z
rev_eac1c0e668737e26dfd7,prod_0189531a36c049171820,var_6590129bf85a309d3f8f,cust_f7b686f3a79fd4a4ce79,4,Great race day option and the color looks sharp.,neutral,true_to_size,2026-04-15T21:00:06.000Z
rev_e4dce209b896a90678b4,prod_4fb11ac857411bda88a4,var_2f00cf3713efd884f325,cust_f58fa9b88f12ca902ce9,5,Great race day option and the color looks sharp.,positive,runs_large,2026-04-10T07:45:35.000Z
rev_68fb7f233b38b6e6487d,prod_ee93d55d30addeff6954,var_43a5f128559af0f8f854,cust_67686f4c89641969ecec,3,Loved the fabric and bought a second color.,neutral,true_to_size,2026-04-09T07:29:00.000Z
rev_990120a90977baddb3fe,prod_72dfeba4701d415d317a,var_8856a9a1708ad62e3b1d,cust_2223a18de2ba6ece6af3,3,"Lightweight feel, but I would size up next time.",positive,true_to_size,2026-04-20T20:12:35.000Z
rev_59a1d4e606dc29d5b86a,prod_4fb11ac857411bda88a4,var_acbadd53c4704809d846,cust_5dd561d5a21192d3896b,4,Loved the fabric and bought a second color.,negative,true_to_size,2026-04-19T06:04:13.000Z
rev_8978cc2ac74ca47dea9a,prod_4fb11ac857411bda88a4,var_0298ed73b20b2a58ddc3,cust_c15c61df386722731135,2,Comfortable on long runs and held up well after washing.,neutral,true_to_size,2026-04-15T23:27:51.000Z
rev_bf691819006dd832f15f,prod_0189531a36c049171820,var_b328308955a099219aba,cust_8fc5b70337426947f216,5,Great race day option and the color looks sharp.,positive,true_to_size,2026-04-07T15:36:19.000Z
rev_9a6fef216c8ca302f6cf,prod_ee93d55d30addeff6954,var_30fe308642c7372a4c55,cust_068f81659d66eb52759d,2,"Good quality, but delivery took longer than expected.",neutral,true_to_size,2026-04-22T07:41:00.000Z
rev_cd11d31803856bb7d633,prod_d43b2cf8fa29d7ae9b37,var_c313512d9379d00efca9,cust_7e527b76c1cf1c2c4080,5,"Lightweight feel, but I would size up next time.",positive,true_to_size,2026-04-20T14:43:05.000Z
rev_00beeaa6778328fb6726,prod_72dfeba4701d415d317a,var_7a9bd3c5007019c19bfe,cust_f0da68eb483b70f7f3b2,5,Loved the fabric and bought a second color.,positive,true_to_size,2026-04-18T13:44:52.000Z
rev_4916c0fd9cc16115be52,prod_4fb11ac857411bda88a4,var_6bfb37f2e216be599dfb,cust_27be33b07486fcd4d44b,3,Loved the fabric and bought a second color.,positive,runs_small,2026-04-07T07:46:00.000Z
rev_944892cb8dff76644c20,prod_4fb11ac857411bda88a4,var_03e26300920b777b60ce,cust_3c63706c154e87820548,3,Comfortable on long runs and held up well after washing.,neutral,true_to_size,2026-04-18T07:09:24.000Z
rev_e8a621aee4f70939b355,prod_ee93d55d30addeff6954,var_2fe8bce190c7eb41dfc8,cust_b092439e3482162bb1f0,5,Solid daily gear. Fit was true to size for me.,positive,true_to_size,2026-04-07T21:18:54.000Z
rev_d720ab55a093a6a44b39,prod_4fb11ac857411bda88a4,var_6b4cde94e24613aa178d,cust_f3757ed3c1ff759c1999,5,"Good quality, but delivery took longer than expected.",neutral,true_to_size,2026-04-22T15:05:51.000Z
rev_4ab546f863e0a4fb6569,prod_438a44848bc196e6d975,var_0b2b595a7dc5b15f1c86,cust_82a904007f0c0ad3659e,5,Great race day option and the color looks sharp.,positive,true_to_size,2026-04-13T20:38:24.000Z
rev_ac1c4d91073c017eaebe,prod_438a44848bc196e6d975,var_c363351edb0ceb1afad6,cust_2a56707186dc0641de2d,3,"Good quality, but delivery took longer than expected.",positive,true_to_size,2026-04-08T21:43:10.000Z
rev_cd2f86e5420192f1825f,prod_4fb11ac857411bda88a4,var_8d03581fc9e13826e5f0,cust_f852f11543c8549fd0b2,3,"Good quality, but delivery took longer than expected.",positive,true_to_size,2026-04-10T18:31:49.000Z
rev_e61cea2b0eba6b6962c1,prod_1aac77da65d619e6240f,var_e865328517c3330f1431,cust_e035c8fdab8585290dc2,3,Loved the fabric and bought a second color.,neutral,true_to_size,2026-04-09T19:44:00.000Z
rev_0286a75f0f17aa49606b,prod_438a44848bc196e6d975,var_b72377f8338f3eabe496,cust_bb09396f094fc84678a2,2,Great race day option and the color looks sharp.,neutral,true_to_size,2026-04-19T08:20:52.000Z
rev_b311b40314107c19f1de,prod_ee93d55d30addeff6954,var_2d63af5c80cedd103436,cust_f799e012b63138f36124,5,Great race day option and the color looks sharp.,positive,true_to_size,2026-04-15T16:27:43.000Z
rev_ef99068861a516081855,prod_4fb11ac857411bda88a4,var_2683dc797f5a0706de2c,cust_909946b5f20105bc3982,5,"Good quality, but delivery took longer than expected.",positive,true_to_size,2026-04-15T11:37:39.000Z
rev_e4a3d57dca1177f61b8a,prod_ee93d55d30addeff6954,var_b3220a2f29d9e3096a2f,cust_be4bb82483fff1091a8b,3,"Good quality, but delivery took longer than expected.",neutral,true_to_size,2026-04-14T15:44:46.000Z
rev_b882694c92ec3a93a681,prod_1aac77da65d619e6240f,var_a6767a237b512235506f,cust_212982d000d922fbe698,4,Loved the fabric and bought a second color.,neutral,true_to_size,2026-04-14T22:18:05.000Z
rev_296d90dee6b3162c93be,prod_438a44848bc196e6d975,var_b5006b5f302fb3c0822b,cust_e9cf057121b9d83b352b,5,"Good quality, but delivery took longer than expected.",positive,runs_large,2026-04-23T22:56:05.000Z
rev_8dee845e691ac8ee67f0,prod_438a44848bc196e6d975,var_b72377f8338f3eabe496,cust_fa51023e36fdb9166344,3,"Lightweight feel, but I would size up next time.",negative,runs_small,2026-04-23T14:17:17.000Z
rev_4c9320b4d6e5fc0c52e5,prod_2efa0aed0d6e67ecae58,var_ef0af573f8034823d555,cust_0d361f99291bdca70b61,1,"Good quality, but delivery took longer than expected.",neutral,true_to_size,2026-04-09T15:28:46.000Z
rev_5125f4635f83d04e5511,prod_d43b2cf8fa29d7ae9b37,var_4bc34e01cda1012288f6,cust_f97a7be9897b9cb55638,4,Great race day option and the color looks sharp.,positive,true_to_size,2026-04-10T07:20:41.000Z
rev_80923438516e9e8981a8,prod_438a44848bc196e6d975,var_d1592d795041e81f6c4e,cust_9c2bb20e5ce2c91502a9,5,Loved the fabric and bought a second color.,positive,true_to_size,2026-04-22T18:38:43.000Z
rev_a1c01d0b6a76724a35fa,prod_d43b2cf8fa29d7ae9b37,var_f3e3682f5daf474543ab,cust_60d60d9117cc179601c2,4,Loved the fabric and bought a second color.,positive,true_to_size,2026-04-17T21:51:30.000Z
rev_db9951cb40bb30da3255,prod_2efa0aed0d6e67ecae58,var_5414ce2508350e24da4d,cust_2cfffb018b6da486c1a0,4,"Lightweight feel, but I would size up next time.",positive,true_to_size,2026-04-15T23:02:38.000Z
rev_9d40f554cacf19db2ee4,prod_ebe756215bbfcde882c1,var_1712a2d5f6a5d208055e,cust_843ffe99961bec6399d9,5,"Lightweight feel, but I would size up next time.",positive,runs_large,2026-04-14T09:22:05.000Z
rev_730dc45cd05a194ff834,prod_ea26883fb1deabd15141,var_a18ec8356e2d553dbf65,cust_843ffe99961bec6399d9,5,Comfortable on long runs and held up well after washing.,positive,true_to_size,2026-04-19T16:30:33.000Z
rev_9a81d53a0be4dc4b5918,prod_72dfeba4701d415d317a,var_8856a9a1708ad62e3b1d,cust_64c77d317585ebcf086b,3,Loved the fabric and bought a second color.,positive,true_to_size,2026-04-10T14:12:54.000Z
rev_7af11c1c4c940e192c18,prod_d87cfc68d1aef053d198,var_199bb1069f0216fdcbf6,cust_72d6d205274768a89159,5,"Lightweight feel, but I would size up next time.",neutral,runs_small,2026-04-22T06:58:32.000Z
rev_7152c636b6b4a42e90d7,prod_2efa0aed0d6e67ecae58,var_e03ac89cc365fa42f93c,cust_65d7ba59c5c7a443140a,3,Comfortable on long runs and held up well after washing.,positive,runs_small,2026-04-10T16:36:50.000Z
rev_2b941ec80a5bf2535912,prod_ee93d55d30addeff6954,var_2d63af5c80cedd103436,cust_6c794cc8f7ea472ddf87,5,Great race day option and the color looks sharp.,positive,true_to_size,2026-04-13T21:57:07.000Z
rev_986308e13ac9e52c15e3,prod_d43b2cf8fa29d7ae9b37,var_02fb794660a1ff5b5481,cust_28170c441b3bd119f788,5,Great race day option and the color looks sharp.,neutral,true_to_size,2026-04-11T20:03:23.000Z
rev_379aeb38625dc9c98e12,prod_438a44848bc196e6d975,var_d1592d795041e81f6c4e,cust_d9915243d727d575caeb,3,"Lightweight feel, but I would size up next time.",neutral,runs_large,2026-04-15T23:56:18.000Z
rev_b8b83022dc5d913ef2fa,prod_72dfeba4701d415d317a,var_1a7a54f91d9a9784b173,cust_806fb93bdbc0a26050bd,4,Great race day option and the color looks sharp.,positive,true_to_size,2026-04-10T07:13:56.000Z
rev_40445e893354a01739bb,prod_ee93d55d30addeff6954,var_ebb8cc29fc6683dff27c,cust_e91a91362fd5a9f80bcb,3,"Lightweight feel, but I would size up next time.",positive,true_to_size,2026-04-24T16:56:43.000Z
rev_c286ef3a416a68a91fae,prod_d43b2cf8fa29d7ae9b37,var_aa050b328bd26312a85e,cust_e6eab57226dd0905819b,5,Loved the fabric and bought a second color.,positive,runs_large,2026-04-11T11:05:28.000Z
rev_e34b27603b18f972dda4,prod_0189531a36c049171820,var_439c19cbc3abe2d73929,cust_6b27d2ac0e52d35bbab1,4,Loved the fabric and bought a second color.,positive,runs_small,2026-04-21T23:01:15.000Z
rev_c3f7d5adfbcb01d05843,prod_ee93d55d30addeff6954,var_9cd2bb280dce3fa2e76b,cust_fe7a06871d2ca88a3446,5,"Good quality, but delivery took longer than expected.",positive,true_to_size,2026-04-20T20:09:41.000Z
rev_a270aeb2e27d9a90c49d,prod_4fb11ac857411bda88a4,var_63784919911926a972c2,cust_50ce895e7b75a0e49402,5,Great race day option and the color looks sharp.,positive,runs_small,2026-04-20T19:37:02.000Z
rev_9177d97304fcf11c332b,prod_0189531a36c049171820,var_b328308955a099219aba,cust_50ce895e7b75a0e49402,2,"Lightweight feel, but I would size up next time.",positive,true_to_size,2026-04-19T22:48:43.000Z
rev_136cfd04c35dc2669612,prod_d43b2cf8fa29d7ae9b37,var_db3c0fa83abed429ed33,cust_96abe667a8296531b8f6,5,Loved the fabric and bought a second color.,neutral,true_to_size,2026-04-17T23:22:50.000Z
rev_b5bd7987a0b0cabeb5f8,prod_d43b2cf8fa29d7ae9b37,var_6f0cce9478da3e151612,cust_df8b17a066e66de22bd1,5,Loved the fabric and bought a second color.,positive,runs_small,2026-04-11T19:15:41.000Z
rev_ae778b0ca72d89c94305,prod_ee93d55d30addeff6954,var_2d63af5c80cedd103436,cust_843ffe99961bec6399d9,4,"Good quality, but delivery took longer than expected.",positive,true_to_size,2026-04-21T13:02:04.000Z
rev_60f870c8dd906a9a5794,prod_4fb11ac857411bda88a4,var_acbadd53c4704809d846,cust_7e527b76c1cf1c2c4080,4,Great race day option and the color looks sharp.,neutral,true_to_size,2026-04-12T19:06:10.000Z
rev_edb3832775680de3fb0f,prod_0189531a36c049171820,var_b9ed5b404fd99996ec9f,cust_af2675cef33c04623c13,4,"Good quality, but delivery took longer than expected.",positive,runs_small,2026-04-16T16:04:14.000Z
rev_525649a23c121c40b825,prod_ee93d55d30addeff6954,var_76a3d7146b323dd2a889,cust_ac134c083581e3cd5179,3,"Good quality, but delivery took longer than expected.",positive,true_to_size,2026-04-23T07:55:48.000Z
rev_f1917b767348f1cf18e0,prod_d43b2cf8fa29d7ae9b37,var_01a56d62607b13a33c4e,cust_8603c25c7f8e2cc54116,4,Loved the fabric and bought a second color.,positive,true_to_size,2026-04-24T11:32:45.000Z
rev_d5f07570433f1a54f7cd,prod_438a44848bc196e6d975,var_6255fbba1fc1f01b7ee9,cust_c3278c96923e0f593b7a,5,"Lightweight feel, but I would size up next time.",positive,true_to_size,2026-04-17T09:30:01.000Z
rev_f26e6740b91f68f06580,prod_ee93d55d30addeff6954,var_2d63af5c80cedd103436,cust_c7387dea0c59338a0035,5,Loved the fabric and bought a second color.,positive,true_to_size,2026-04-15T17:06:57.000Z
rev_386344e5e5c7863ff4d3,prod_ebe756215bbfcde882c1,var_f9b6333510f3a2bddcce,cust_24fbfabb42203eb52212,4,"Lightweight feel, but I would size up next time.",positive,true_to_size,2026-04-18T15:19:26.000Z
rev_1db33d1f4204abdeb3fe,prod_2efa0aed0d6e67ecae58,var_38d5b5f8cb87a53d650b,cust_6fd8d282edb96ab401bc,3,Great race day option and the color looks sharp.,positive,runs_large,2026-04-23T23:28:32.000Z
rev_9e92f645994c50831869,prod_30d7a0ddc2ef16ba66b9,var_5ad21b0b072b59385182,cust_c0ca8425f6e3bdb32794,4,"Lightweight feel, but I would size up next time.",positive,true_to_size,2026-04-20T17:02:25.000Z
rev_81d384bf98598b9bb33a,prod_438a44848bc196e6d975,var_6255fbba1fc1f01b7ee9,cust_95bad2c193ceab454169,4,Great race day option and the color looks sharp.,positive,true_to_size,2026-04-11T13:07:27.000Z
rev_7e384a183a5e9e962b66,prod_0189531a36c049171820,var_fa3dbd5a2054f66ebda8,cust_7e527b76c1cf1c2c4080,5,"Lightweight feel, but I would size up next time.",neutral,true_to_size,2026-04-21T11:28:44.000Z
rev_a295b80f20cb57914c41,prod_4fb11ac857411bda88a4,var_8d03581fc9e13826e5f0,cust_302d1e99cd13756d9ebd,4,Solid daily gear. Fit was true to size for me.,positive,true_to_size,2026-04-11T08:26:27.000Z
rev_ae1992d3332916cb2173,prod_2efa0aed0d6e67ecae58,var_6dfdc29a2a61c6f5087f,cust_f97a7be9897b9cb55638,5,Solid daily gear. Fit was true to size for me.,positive,true_to_size,2026-04-12T07:00:56.000Z
rev_a4847c42e82cd48afa03,prod_ee93d55d30addeff6954,var_b319dcd8931c568f8dde,cust_9944b7a8693b7c822a56,5,"Good quality, but delivery took longer than expected.",positive,runs_small,2026-04-14T11:02:24.000Z
rev_5e8d132c4479846bb9e2,prod_d43b2cf8fa29d7ae9b37,var_a02a8c90a7e79350209b,cust_fbe646c5e0481154026d,2,"Lightweight feel, but I would size up next time.",neutral,true_to_size,2026-04-16T06:55:35.000Z
rev_6586c55206c4bcf63f4a,prod_1aac77da65d619e6240f,var_e68010c463448ce42243,cust_95bad2c193ceab454169,4,"Good quality, but delivery took longer than expected.",positive,runs_small,2026-04-22T16:04:13.000Z
rev_facd62b84cd64332e57e,prod_438a44848bc196e6d975,var_2ea4bbd80d521a5e2104,cust_5e78b22bade130ab9542,4,"Lightweight feel, but I would size up next time.",neutral,runs_small,2026-04-18T10:23:38.000Z
rev_5e7c377615f9594c3c86,prod_d43b2cf8fa29d7ae9b37,var_1281ece6b89ebbdd0340,cust_117699c1a979051ea994,5,Loved the fabric and bought a second color.,negative,runs_small,2026-04-18T09:22:00.000Z
rev_65e0fd0f4978d18b1612,prod_0189531a36c049171820,var_0f3bd97c57258221527f,cust_a1390d6e7e5e5660114c,2,Solid daily gear. Fit was true to size for me.,positive,true_to_size,2026-04-24T21:05:17.000Z
rev_32428e84afe12d0ae2b6,prod_2efa0aed0d6e67ecae58,var_d045b09c714a135c2f0a,cust_0fe07010904a1391e221,5,"Good quality, but delivery took longer than expected.",positive,true_to_size,2026-04-20T08:02:38.000Z
rev_8728f36bdf6aa4febbb7,prod_4fb11ac857411bda88a4,var_fc65fa629ab0cfab4741,cust_0fe07010904a1391e221,4,Comfortable on long runs and held up well after washing.,neutral,runs_large,2026-04-15T18:16:48.000Z
rev_12d58b89069c324f4b1a,prod_438a44848bc196e6d975,var_c363351edb0ceb1afad6,cust_33869f859ce3fb53ee78,3,Great race day option and the color looks sharp.,positive,true_to_size,2026-04-12T14:45:09.000Z
rev_526bf1a75c902a4b3e30,prod_0189531a36c049171820,var_ec38e216853971e3ca9c,cust_8296979f53294e132149,4,Solid daily gear. Fit was true to size for me.,positive,true_to_size,2026-04-21T08:55:35.000Z
rev_a243f229de0e62377568,prod_438a44848bc196e6d975,var_6255fbba1fc1f01b7ee9,cust_3ec77dd6f2c678f825db,3,"Good quality, but delivery took longer than expected.",neutral,true_to_size,2026-04-11T11:12:20.000Z
rev_b7a861f05fa1d3d542fd,prod_72dfeba4701d415d317a,var_e55f60ce5370c732b493,cust_f86bcd473c74a71ea282,4,Great race day option and the color looks sharp.,positive,true_to_size,2026-04-20T20:21:39.000Z
rev_29470bcb5023296c3d72,prod_0189531a36c049171820,var_7657acb4edd171a3e158,cust_e9d3394d91f9b01e95fc,5,"Lightweight feel, but I would size up next time.",positive,runs_large,2026-04-11T07:28:20.000Z
rev_89d92aad9e85d24f2470,prod_ea26883fb1deabd15141,var_bc45956a6234980b8431,cust_886829aca3fe4648bbb1,5,"Lightweight feel, but I would size up next time.",positive,true_to_size,2026-04-24T11:13:07.000Z
rev_a2181a3bf4ed2f13bfed,prod_ee93d55d30addeff6954,var_6fbe552270a22d50cfd4,cust_886829aca3fe4648bbb1,4,Solid daily gear. Fit was true to size for me.,negative,true_to_size,2026-04-21T14:13:46.000Z
rev_b7756c750d6bdce3dbe4,prod_4fb11ac857411bda88a4,var_9ddc10ac2aa76ca09954,cust_9c2bb20e5ce2c91502a9,4,Great race day option and the color looks sharp.,positive,true_to_size,2026-04-17T17:21:43.000Z
rev_075b42af342293d4fd67,prod_d43b2cf8fa29d7ae9b37,var_89efa340b18949bb9c2f,cust_f0009f174ea759e5ee0c,5,"Good quality, but delivery took longer than expected.",positive,true_to_size,2026-04-22T06:32:50.000Z
rev_174d5d5c8b3f526e2840,prod_0189531a36c049171820,var_7c8a95c30a2e093e0468,cust_76befa87c034cfe3205d,4,"Good quality, but delivery took longer than expected.",positive,true_to_size,2026-04-25T09:06:27.000Z
rev_d9fa8edca1d8404da08a,prod_438a44848bc196e6d975,var_a7daae96f9b2f50dfdef,cust_ff2997d504000e052d05,5,"Lightweight feel, but I would size up next time.",positive,runs_small,2026-04-13T10:36:24.000Z
rev_1e63e87864a17ffde1ac,prod_ee93d55d30addeff6954,var_9cd2bb280dce3fa2e76b,cust_9944b7a8693b7c822a56,5,Great race day option and the color looks sharp.,neutral,runs_small,2026-04-21T18:04:28.000Z
rev_4f5dc49a6e6761a0db4e,prod_ebe756215bbfcde882c1,var_5d625c4bbaa3b689d1db,cust_ed09af8b291ba8020fc9,5,Solid daily gear. Fit was true to size for me.,positive,runs_small,2026-04-25T18:01:59.000Z
rev_6c790ec4bb2634165f85,prod_438a44848bc196e6d975,var_b5006b5f302fb3c0822b,cust_4351438d111553e829ac,5,"Good quality, but delivery took longer than expected.",positive,true_to_size,2026-04-16T11:08:08.000Z
rev_65ce1afe8027d2fb0f21,prod_438a44848bc196e6d975,var_b11b6b090279cfa04155,cust_caf5cf1a671f26e918fd,4,Great race day option and the color looks sharp.,positive,runs_large,2026-04-11T16:26:33.000Z
rev_7c719d6391df7f3b52b9,prod_d43b2cf8fa29d7ae9b37,var_320e93b779cc3f59b69d,cust_1ad7998afff84345bca8,4,Great race day option and the color looks sharp.,positive,runs_small,2026-04-15T20:00:02.000Z
rev_0ea1e4bd8b5dd6bdcdc6,prod_4fb11ac857411bda88a4,var_6bfb37f2e216be599dfb,cust_c8df633746c4cb41a62d,5,Great race day option and the color looks sharp.,positive,true_to_size,2026-04-22T19:20:44.000Z
rev_d33e31c425c1dd764cd3,prod_72dfeba4701d415d317a,var_8a23a15f6866bdee9409,cust_8486933decab12928d69,3,"Good quality, but delivery took longer than expected.",neutral,true_to_size,2026-04-15T06:27:32.000Z
rev_be2e8f3de94184123d9e,prod_438a44848bc196e6d975,var_eaa58626775f5e10787c,cust_6e142583300c8d777374,4,Solid daily gear. Fit was true to size for me.,positive,runs_large,2026-04-13T19:03:29.000Z
rev_388a60cf8f8c3370b440,prod_2efa0aed0d6e67ecae58,var_fe046aec4c2aa733984d,cust_6e142583300c8d777374,5,Comfortable on long runs and held up well after washing.,positive,true_to_size,2026-04-18T09:16:39.000Z
rev_6dd589ee2b45141e33f7,prod_ee93d55d30addeff6954,var_b319dcd8931c568f8dde,cust_51d5b47ba242225627a3,3,"Lightweight feel, but I would size up next time.",positive,true_to_size,2026-04-24T20:28:01.000Z
rev_c4ad555e96ff6c46098e,prod_2efa0aed0d6e67ecae58,var_8031b1936b5e05c16a08,cust_5ed5c4f49f653366dbf9,5,Loved the fabric and bought a second color.,neutral,true_to_size,2026-04-23T09:03:06.000Z
rev_92552fdcfbf01aee3176,prod_0189531a36c049171820,var_fa3dbd5a2054f66ebda8,cust_4b374231b25bece7e418,4,Solid daily gear. Fit was true to size for me.,positive,runs_small,2026-04-23T07:23:17.000Z
rev_45b532293a395a28a952,prod_0189531a36c049171820,var_00c1c82f6d8a8b24ddf5,cust_a5c16ac770a0149f321a,4,Comfortable on long runs and held up well after washing.,positive,true_to_size,2026-04-16T08:08:56.000Z
rev_4343f799b73f8b990943,prod_72dfeba4701d415d317a,var_4aeb79589687b461e96f,cust_f9eadae9668808f62fee,5,Comfortable on long runs and held up well after washing.,positive,true_to_size,2026-04-27T08:33:14.000Z
rev_af2c72bb6c2c5a537c73,prod_0189531a36c049171820,var_617730612696e695ed41,cust_2a56707186dc0641de2d,4,"Lightweight feel, but I would size up next time.",positive,true_to_size,2026-04-26T07:27:34.000Z
rev_b8a66319d518d97ed9c8,prod_ee93d55d30addeff6954,var_2fe8bce190c7eb41dfc8,cust_67686f4c89641969ecec,4,"Good quality, but delivery took longer than expected.",positive,true_to_size,2026-04-17T08:50:15.000Z
rev_c1b711ba43caac79bdb5,prod_d43b2cf8fa29d7ae9b37,var_01a56d62607b13a33c4e,cust_dd4a1010131cd53a9a6d,1,"Good quality, but delivery took longer than expected.",positive,true_to_size,2026-04-16T21:18:18.000Z
rev_d6e813df80648297f1b8,prod_ee93d55d30addeff6954,var_2d63af5c80cedd103436,cust_1233358750fed70e7015,5,Comfortable on long runs and held up well after washing.,neutral,true_to_size,2026-04-27T22:25:46.000Z
rev_059fefc638000775da32,prod_2efa0aed0d6e67ecae58,var_3faf67b40721672e3de6,cust_984e77cc1dc2bfd87a27,3,"Lightweight feel, but I would size up next time.",neutral,true_to_size,2026-04-22T07:29:29.000Z
rev_9c758339521017c9e2b0,prod_1aac77da65d619e6240f,var_e68010c463448ce42243,cust_984e77cc1dc2bfd87a27,5,Loved the fabric and bought a second color.,positive,true_to_size,2026-04-26T15:26:49.000Z
rev_6a68373c4e31e5aa6c67,prod_2efa0aed0d6e67ecae58,var_53840b82f1f41986b97b,cust_5d49a660298982395dd6,3,Solid daily gear. Fit was true to size for me.,positive,true_to_size,2026-04-25T12:21:46.000Z
rev_50e45504c8a3d8b869e4,prod_2efa0aed0d6e67ecae58,var_f6d3f9a9c8e4616f6c5c,cust_ee0d4633b3b9c71a2ba3,4,"Good quality, but delivery took longer than expected.",positive,true_to_size,2026-04-19T20:58:49.000Z
rev_e9690ccf3cb464d01235,prod_0189531a36c049171820,var_e1d35731895df46c299d,cust_e1f5b0abb2f3caac9ec9,4,Loved the fabric and bought a second color.,positive,runs_large,2026-04-18T07:23:05.000Z
rev_2c76ff1b61e2fa48e227,prod_d43b2cf8fa29d7ae9b37,var_01a56d62607b13a33c4e,cust_e1f5b0abb2f3caac9ec9,3,Loved the fabric and bought a second color.,positive,true_to_size,2026-04-25T10:09:42.000Z
rev_5aa6756a07207f978f9d,prod_2efa0aed0d6e67ecae58,var_2a91c104878870f34df4,cust_f8cdc7d9ce71d7feefee,5,"Good quality, but delivery took longer than expected.",positive,runs_small,2026-04-27T16:47:07.000Z
rev_7327470eb1a0bb0660d4,prod_0189531a36c049171820,var_00df6f028ceddde26b68,cust_604cb742c2ad4709d416,5,"Good quality, but delivery took longer than expected.",positive,true_to_size,2026-04-27T06:00:44.000Z
rev_634d681230dd1fdc030e,prod_ea26883fb1deabd15141,var_be2b12a3e53e8671f3d6,cust_0fceec50158174b13bc2,4,"Good quality, but delivery took longer than expected.",neutral,true_to_size,2026-04-26T12:53:28.000Z
rev_2013b83e539b30857762,prod_438a44848bc196e6d975,var_14bd7ed084b7132e19a3,cust_532c9248db1677938be9,5,"Lightweight feel, but I would size up next time.",positive,true_to_size,2026-04-25T22:21:18.000Z
rev_e54dbdd9e35d9b1f4369,prod_2efa0aed0d6e67ecae58,var_1a3c43e3bd57b167f4c1,cust_47d70355cc71a40a30d6,3,Loved the fabric and bought a second color.,positive,true_to_size,2026-04-24T15:00:29.000Z
rev_ce9c9e54ff92d1a1689c,prod_72dfeba4701d415d317a,var_c1969c0733b4dc908af7,cust_47d70355cc71a40a30d6,4,"Good quality, but delivery took longer than expected.",positive,runs_large,2026-04-16T08:41:32.000Z
rev_565f44e3879ce69ef88b,prod_2efa0aed0d6e67ecae58,var_ffa3148e0ee7668d8f30,cust_2917b561dab18720c57d,4,Solid daily gear. Fit was true to size for me.,positive,true_to_size,2026-04-16T17:05:15.000Z
rev_0e240c3cfc251a92f577,prod_438a44848bc196e6d975,var_c87f257a229ce7eafa08,cust_b53babc7d1a2435f5c82,5,"Good quality, but delivery took longer than expected.",positive,true_to_size,2026-04-24T18:06:19.000Z
rev_2d28059b2ddbe1fb5532,prod_4fb11ac857411bda88a4,var_0c8dbcf461e87274cd44,cust_c1988e8f1cd8c73b3e22,4,Solid daily gear. Fit was true to size for me.,positive,runs_small,2026-04-24T16:09:50.000Z
rev_0544c416bc4340ab3f99,prod_1aac77da65d619e6240f,var_0249455f35a9dd408d40,cust_7ed3c67f38301e918935,5,Comfortable on long runs and held up well after washing.,positive,true_to_size,2026-04-26T12:29:58.000Z
rev_56423ebcac4ca095e324,prod_ee93d55d30addeff6954,var_c9ae287d0fd94aec879d,cust_9525ea72b7d82df702b6,5,"Lightweight feel, but I would size up next time.",positive,true_to_size,2026-04-19T15:17:54.000Z
rev_0105204c5c67c5e8179b,prod_2efa0aed0d6e67ecae58,var_32173c8dbdf8eac79214,cust_e68cf0d28ceb7a04ca06,4,Loved the fabric and bought a second color.,positive,true_to_size,2026-04-15T22:52:22.000Z
rev_b7dfe72dc57eafa47327,prod_ee93d55d30addeff6954,var_83bee3abddcf0fc27f98,cust_97610aadea7136204d4d,5,Solid daily gear. Fit was true to size for me.,positive,true_to_size,2026-04-21T21:09:53.000Z
rev_465327dab0100502e14d,prod_4fb11ac857411bda88a4,var_b1841532494f148dfc95,cust_a78f6582e4b7116731b4,3,"Lightweight feel, but I would size up next time.",negative,true_to_size,2026-04-14T19:48:23.000Z
rev_5a7e28e476109a198e7f,prod_2efa0aed0d6e67ecae58,var_64183720fcbbbd913ed0,cust_10851c153ac0ce09be54,4,Solid daily gear. Fit was true to size for me.,negative,true_to_size,2026-04-20T13:26:08.000Z
rev_04ce2dbda8ddf5f338d6,prod_2efa0aed0d6e67ecae58,var_7563e95b2351a5fa4a08,cust_c1988e8f1cd8c73b3e22,3,Loved the fabric and bought a second color.,positive,true_to_size,2026-04-20T08:38:27.000Z
rev_0272479a8b33d5c59957,prod_ee93d55d30addeff6954,var_7929a442006436a2f4b9,cust_5adc061c84ff1f146a8a,5,Great race day option and the color looks sharp.,positive,true_to_size,2026-04-29T19:41:05.000Z
rev_5c986ba9f3d3577c2f87,prod_438a44848bc196e6d975,var_d1592d795041e81f6c4e,cust_8dd5f6a6536813b8e2a6,4,Solid daily gear. Fit was true to size for me.,positive,runs_small,2026-04-24T22:48:10.000Z
rev_8f06e4e229678f725f55,prod_0189531a36c049171820,var_b5d905be4efb894192b7,cust_f82cef94082cec944669,5,Solid daily gear. Fit was true to size for me.,positive,true_to_size,2026-04-19T19:05:59.000Z
rev_7c8e8f78ac4147678855,prod_438a44848bc196e6d975,var_0b2b595a7dc5b15f1c86,cust_4848a15725d897620437,3,Loved the fabric and bought a second color.,positive,true_to_size,2026-04-21T11:53:18.000Z
rev_e845c2e49a0184c8408b,prod_ee93d55d30addeff6954,var_4859439609400df4e33c,cust_9679a6bb4a4d37b3110c,4,"Good quality, but delivery took longer than expected.",positive,true_to_size,2026-04-21T09:45:33.000Z
rev_96b3d1ef4b3d7617b88a,prod_72dfeba4701d415d317a,var_e55f60ce5370c732b493,cust_2c06b184e484d7d4bdb4,4,Great race day option and the color looks sharp.,positive,true_to_size,2026-04-14T21:05:18.000Z
rev_ef76d0fab3599dc8cfc5,prod_ee93d55d30addeff6954,var_a0efe0997b6073b5e9d5,cust_a78f6582e4b7116731b4,4,Comfortable on long runs and held up well after washing.,positive,true_to_size,2026-04-27T19:47:21.000Z
rev_dac50419e42344e542b2,prod_4fb11ac857411bda88a4,var_e49c1d617edcf65ee83c,cust_9c2bb20e5ce2c91502a9,3,Solid daily gear. Fit was true to size for me.,positive,true_to_size,2026-04-19T13:43:23.000Z
rev_01f16ea396652d2d1a57,prod_ee93d55d30addeff6954,var_ed3640d449d418509f57,cust_9c2bb20e5ce2c91502a9,4,Comfortable on long runs and held up well after washing.,positive,runs_small,2026-04-16T10:05:53.000Z
rev_b6ef90d0e1013f76ca76,prod_1aac77da65d619e6240f,var_4ec6f48b0a97467baa73,cust_883e0afcbfdfa57c2ed5,5,Loved the fabric and bought a second color.,positive,true_to_size,2026-04-18T23:45:46.000Z
rev_7820ea6551461f73b5cc,prod_2efa0aed0d6e67ecae58,var_b54607373ac7bafb02f6,cust_02df1a066d2bb00e3aa1,5,Loved the fabric and bought a second color.,positive,runs_large,2026-04-25T14:35:01.000Z
rev_6611f6a07800ea0e7077,prod_1aac77da65d619e6240f,var_b0665991d9649a256643,cust_6d9e61db03ab21d625f8,3,Great race day option and the color looks sharp.,positive,true_to_size,2026-04-26T19:23:43.000Z
rev_28096075eaf5e21f2855,prod_438a44848bc196e6d975,var_823a189d514c6e10865d,cust_91785414ac14ff0da4cb,5,Comfortable on long runs and held up well after washing.,positive,true_to_size,2026-04-28T20:25:37.000Z
rev_714c108a4931e2c683e3,prod_438a44848bc196e6d975,var_d1592d795041e81f6c4e,cust_be24e8b526e4c1bb8cd9,4,Great race day option and the color looks sharp.,positive,true_to_size,2026-04-29T21:09:16.000Z
rev_630a93ad2fe8b8cddcd0,prod_4fb11ac857411bda88a4,var_69ad1a308528a65fbf7f,cust_be24e8b526e4c1bb8cd9,5,Loved the fabric and bought a second color.,positive,true_to_size,2026-04-30T15:17:42.000Z
rev_db57e21fe14f03212a1f,prod_438a44848bc196e6d975,var_76cac52bed832c30a5b3,cust_7914b9467b3ddb1783fc,4,Comfortable on long runs and held up well after washing.,positive,true_to_size,2026-04-24T21:08:58.000Z
rev_6bad398688dc71fe8702,prod_ee93d55d30addeff6954,var_8d654d633876e75e4317,cust_62188484039d0aa2add5,5,Great race day option and the color looks sharp.,positive,true_to_size,2026-04-30T22:37:35.000Z
rev_d1df2826efe101c99aeb,prod_4fb11ac857411bda88a4,var_79dbcc3eddbb79b3678b,cust_111f0e049d2a75834c69,5,Comfortable on long runs and held up well after washing.,positive,true_to_size,2026-04-29T15:44:32.000Z
rev_4ecc09545f7fb3f1945f,prod_4fb11ac857411bda88a4,var_fad911836ba0bc2d17e3,cust_7db519b42f352665023d,4,Loved the fabric and bought a second color.,positive,runs_large,2026-04-29T20:46:46.000Z
rev_c4b79eed22589889d38c,prod_2efa0aed0d6e67ecae58,var_b54607373ac7bafb02f6,cust_98ae21d754d2504be618,3,"Lightweight feel, but I would size up next time.",positive,true_to_size,2026-04-25T17:58:07.000Z
rev_01f1c833522df6ee91ed,prod_1aac77da65d619e6240f,var_fada642b3d793e48890b,cust_b23c34e8684aae09d1b5,4,"Good quality, but delivery took longer than expected.",positive,true_to_size,2026-04-16T23:19:14.000Z
rev_e5a9d7cec03860f8e59c,prod_438a44848bc196e6d975,var_d50ecabaab63713dbe3c,cust_efbbc1d5552bef54395f,5,Comfortable on long runs and held up well after washing.,positive,runs_small,2026-04-21T17:56:48.000Z
rev_1b375583ef06f1026794,prod_0189531a36c049171820,var_7c8a95c30a2e093e0468,cust_0e0ecc1fbbcb18096d03,4,"Good quality, but delivery took longer than expected.",positive,true_to_size,2026-04-19T10:45:39.000Z
rev_d1fc37326ba6a0d2b646,prod_438a44848bc196e6d975,var_84b95c9fb4b7809f8a34,cust_1333e0bee295f984813d,4,"Good quality, but delivery took longer than expected.",positive,true_to_size,2026-04-28T13:59:16.000Z
rev_53399211d594ecf018b9,prod_438a44848bc196e6d975,var_68f5766a025554c3eaa9,cust_188a11539bbae63deff3,3,Comfortable on long runs and held up well after washing.,positive,true_to_size,2026-04-21T06:23:16.000Z
rev_b07791a4a051aca5a282,prod_4fb11ac857411bda88a4,var_78ce2ee3c901aabec73e,cust_fc71eba4ce9e9d096321,1,Great race day option and the color looks sharp.,positive,true_to_size,2026-04-29T20:14:47.000Z
rev_b27b311a79339d1e5e5b,prod_4fb11ac857411bda88a4,var_9ddc10ac2aa76ca09954,cust_a169c4adfcb98c75eb75,3,Loved the fabric and bought a second color.,positive,true_to_size,2026-04-20T23:15:50.000Z
rev_8ea9faa1c0a6f180dd46,prod_1aac77da65d619e6240f,var_b26eea452ddb91e6275c,cust_ec641c85978c2b46c333,3,"Good quality, but delivery took longer than expected.",neutral,true_to_size,2026-04-24T06:27:06.000Z
rev_007a8128e99f7035797c,prod_d43b2cf8fa29d7ae9b37,var_87fdb4d38460cd899505,cust_21ee6f5cb3e59f24dec9,4,"Lightweight feel, but I would size up next time.",positive,runs_large,2026-04-18T18:08:59.000Z
rev_1d68993258e039abfade,prod_d43b2cf8fa29d7ae9b37,var_17f58fc6b2961004e931,cust_ba1c18ca394f7dafce11,5,Loved the fabric and bought a second color.,positive,runs_small,2026-04-16T07:49:30.000Z
rev_1b346d69b01ef6fd98d5,prod_72dfeba4701d415d317a,var_be4c5e4aeb2733383b86,cust_fa8c78de4938f0b07df4,4,Solid daily gear. Fit was true to size for me.,positive,true_to_size,2026-04-17T17:52:18.000Z
rev_2e9adb8191f9d20722eb,prod_4fb11ac857411bda88a4,var_78ce2ee3c901aabec73e,cust_fa8c78de4938f0b07df4,5,Comfortable on long runs and held up well after washing.,positive,true_to_size,2026-04-16T08:55:09.000Z
rev_b7ece01a94a9e5c9e9c2,prod_1aac77da65d619e6240f,var_8ec37fcdee5f1140ec55,cust_be24e8b526e4c1bb8cd9,3,Solid daily gear. Fit was true to size for me.,positive,true_to_size,2026-04-30T20:11:18.000Z
rev_ac7b5e8cb30784842775,prod_4fb11ac857411bda88a4,var_dc811c3db2dffa2b4d77,cust_be24e8b526e4c1bb8cd9,5,Great race day option and the color looks sharp.,neutral,true_to_size,2026-04-29T23:04:23.000Z
rev_47c3fdd6ab4891dff867,prod_1aac77da65d619e6240f,var_582d11378691a5a6e4e9,cust_d6c6551e7b34f80b3720,5,Great race day option and the color looks sharp.,neutral,runs_small,2026-04-22T11:34:20.000Z
rev_ce1e62caa003256948c4,prod_ee93d55d30addeff6954,var_9f281e7cd219f0029526,cust_d6c6551e7b34f80b3720,4,Great race day option and the color looks sharp.,positive,true_to_size,2026-04-27T11:19:03.000Z
rev_51de3767ba808eb66cf4,prod_d43b2cf8fa29d7ae9b37,var_f3e3682f5daf474543ab,cust_f1b3e1a4cfcb89a08be8,5,Solid daily gear. Fit was true to size for me.,positive,runs_small,2026-04-16T11:59:15.000Z
rev_d5389e8e6400db737f33,prod_0189531a36c049171820,var_7c8a95c30a2e093e0468,cust_317faf08907eae1755e8,5,"Lightweight feel, but I would size up next time.",neutral,true_to_size,2026-04-30T16:54:41.000Z
rev_a657402e3209d40b97a1,prod_2efa0aed0d6e67ecae58,var_5414ce2508350e24da4d,cust_bf783e53f7f17448bbf9,4,Loved the fabric and bought a second color.,positive,true_to_size,2026-04-29T12:13:39.000Z
rev_eae9eeea9e002e73473d,prod_2efa0aed0d6e67ecae58,var_2a91c104878870f34df4,cust_883e0afcbfdfa57c2ed5,5,Great race day option and the color looks sharp.,positive,true_to_size,2026-04-21T16:14:12.000Z
rev_e287d146f10362d076b3,prod_4fb11ac857411bda88a4,var_dc811c3db2dffa2b4d77,cust_a8013f862749b097f949,5,Great race day option and the color looks sharp.,positive,true_to_size,2026-04-25T12:41:10.000Z
rev_710a998e56e590780e4a,prod_438a44848bc196e6d975,var_a7daae96f9b2f50dfdef,cust_33869f859ce3fb53ee78,4,Comfortable on long runs and held up well after washing.,negative,runs_small,2026-04-25T23:33:40.000Z
rev_409ff9f86166061835c5,prod_4fb11ac857411bda88a4,var_2683dc797f5a0706de2c,cust_0a9d0dece8b88d25cfec,5,"Good quality, but delivery took longer than expected.",positive,true_to_size,2026-04-16T16:25:47.000Z
rev_f441f979ba5cafe8cf7b,prod_d43b2cf8fa29d7ae9b37,var_320e93b779cc3f59b69d,cust_f42b72156fc953eafc35,3,Great race day option and the color looks sharp.,positive,true_to_size,2026-04-24T10:31:37.000Z
rev_b0ae4d2854126c6d185f,prod_d43b2cf8fa29d7ae9b37,var_c313512d9379d00efca9,cust_88403ae10bbad038d232,3,Loved the fabric and bought a second color.,neutral,true_to_size,2026-04-17T17:04:37.000Z
rev_8750c6fcb22b14f578ea,prod_4fb11ac857411bda88a4,var_b9b996a2b08ed40ea006,cust_d1dea901cbf6f7335ccb,4,Great race day option and the color looks sharp.,positive,runs_small,2026-04-21T10:29:14.000Z
rev_12eeac5692f543d7fcb5,prod_ea26883fb1deabd15141,var_ad88e442b4ec9a747624,cust_f87f5b37361f4c001233,4,Loved the fabric and bought a second color.,positive,runs_small,2026-04-30T19:46:37.000Z
rev_350d63bba9c542f48f74,prod_d43b2cf8fa29d7ae9b37,var_1281ece6b89ebbdd0340,cust_83e5be50608ab4087b21,4,"Good quality, but delivery took longer than expected.",negative,true_to_size,2026-04-30T22:23:07.000Z
rev_489fbb640bf8e1af78a1,prod_438a44848bc196e6d975,var_eaa58626775f5e10787c,cust_e6a5771d24ba675dcf96,5,Solid daily gear. Fit was true to size for me.,positive,runs_small,2026-04-19T20:35:00.000Z
rev_8c64015d3ab7986326d4,prod_4fb11ac857411bda88a4,var_acbadd53c4704809d846,cust_13ebf54e382ffc1f9aa4,5,"Good quality, but delivery took longer than expected.",neutral,true_to_size,2026-04-25T11:54:22.000Z
rev_56cc84316c198d423180,prod_d43b2cf8fa29d7ae9b37,var_4bc34e01cda1012288f6,cust_217070f56f4c8746d273,2,Solid daily gear. Fit was true to size for me.,positive,true_to_size,2026-04-29T07:13:24.000Z
rev_40a6e803db08f30120e3,prod_438a44848bc196e6d975,var_9714066032b1c68057b8,cust_51d5b47ba242225627a3,3,Loved the fabric and bought a second color.,negative,true_to_size,2026-05-01T23:15:37.000Z
rev_0ffc84d46528497fd9a7,prod_ee93d55d30addeff6954,var_075418ff0be5cdb7558e,cust_0da588e7b597018aa8c3,5,Great race day option and the color looks sharp.,positive,runs_small,2026-05-01T19:03:12.000Z
rev_acdfc1acb09f36cb7d08,prod_1aac77da65d619e6240f,var_9d2bbbb4593860eae1c2,cust_b53babc7d1a2435f5c82,4,"Lightweight feel, but I would size up next time.",positive,true_to_size,2026-04-24T13:02:56.000Z
rev_5c5535c713b9b9567419,prod_438a44848bc196e6d975,var_5579d3dcd9580bd272b2,cust_bdabe3cad86f50f47fbc,3,Loved the fabric and bought a second color.,positive,true_to_size,2026-04-18T15:36:00.000Z
rev_aa402b60ba4569969f7b,prod_d43b2cf8fa29d7ae9b37,var_87e530ced3270be98f36,cust_b2fa3d71846a53f78ef0,5,"Lightweight feel, but I would size up next time.",positive,true_to_size,2026-04-21T11:20:47.000Z
rev_21bbd179d954c59a5a98,prod_1aac77da65d619e6240f,var_11a4e26a7ab75dc78c86,cust_f094afa60b3162233f8a,5,"Lightweight feel, but I would size up next time.",positive,runs_large,2026-05-01T19:03:09.000Z
rev_83bb539c94a5c8c81969,prod_0189531a36c049171820,var_7c8a95c30a2e093e0468,cust_98ae21d754d2504be618,3,Comfortable on long runs and held up well after washing.,positive,true_to_size,2026-04-21T23:20:42.000Z
rev_c967083162785b70cff0,prod_4fb11ac857411bda88a4,var_69ad1a308528a65fbf7f,cust_2917b561dab18720c57d,4,Great race day option and the color looks sharp.,negative,runs_large,2026-04-30T22:32:22.000Z
rev_ff10c4c0f76810918ecb,prod_0189531a36c049171820,var_ab88c6de58ee2fcdf9e4,cust_be24e8b526e4c1bb8cd9,4,Solid daily gear. Fit was true to size for me.,positive,true_to_size,2026-04-27T18:30:28.000Z
rev_ea92929cbd38fd14e5f2,prod_438a44848bc196e6d975,var_d50ecabaab63713dbe3c,cust_6b335b50b620a04750fa,5,Solid daily gear. Fit was true to size for me.,neutral,true_to_size,2026-04-17T23:51:08.000Z
rev_024bfe617e5143b60cd9,prod_0189531a36c049171820,var_617730612696e695ed41,cust_fccb6a7ada52004a4994,4,Solid daily gear. Fit was true to size for me.,negative,true_to_size,2026-04-17T17:43:47.000Z
rev_6c40b8a1aca27f9e75c1,prod_4fb11ac857411bda88a4,var_e49c1d617edcf65ee83c,cust_32de986d1e59cd94f10a,4,Comfortable on long runs and held up well after washing.,neutral,true_to_size,2026-04-24T07:59:44.000Z
rev_00963d4c84498a25775f,prod_0189531a36c049171820,var_fa3dbd5a2054f66ebda8,cust_f852f11543c8549fd0b2,2,Great race day option and the color looks sharp.,neutral,true_to_size,2026-04-23T15:59:37.000Z
rev_4ff632d36f37b3c2130d,prod_ee93d55d30addeff6954,var_422a1ef6d8410f6c318d,cust_e76d765eb6f0857f9307,5,Solid daily gear. Fit was true to size for me.,positive,runs_small,2026-05-01T18:35:34.000Z
rev_fa3eb004ebcaa09ed3a0,prod_4fb11ac857411bda88a4,var_69ad1a308528a65fbf7f,cust_1aae00d28d3a00bcea0a,2,"Lightweight feel, but I would size up next time.",positive,true_to_size,2026-04-26T10:05:04.000Z
rev_a96e495262c8b1988f8e,prod_1aac77da65d619e6240f,var_b26eea452ddb91e6275c,cust_0394e982b5c48dd28a70,3,Solid daily gear. Fit was true to size for me.,positive,runs_small,2026-04-21T08:38:17.000Z
rev_0b0ef0e003fce8cb5936,prod_1aac77da65d619e6240f,var_b504113d4e05f26566f9,cust_19ade941e3df66303ead,3,"Lightweight feel, but I would size up next time.",negative,true_to_size,2026-04-20T10:44:49.000Z
rev_78fe7127496a6d880c34,prod_ebe756215bbfcde882c1,var_477f71369f8ec76bae72,cust_f094afa60b3162233f8a,4,Loved the fabric and bought a second color.,neutral,true_to_size,2026-04-19T18:43:31.000Z
rev_8d99a74b9b2641e728e8,prod_d43b2cf8fa29d7ae9b37,var_caae1453b01f7b10b548,cust_a57a7eb1a76150d008ef,5,Solid daily gear. Fit was true to size for me.,positive,true_to_size,2026-04-21T10:06:39.000Z
rev_b3fe00721c460ae111c5,prod_2efa0aed0d6e67ecae58,var_1a3c43e3bd57b167f4c1,cust_4264d2f94eb0321f026e,5,"Good quality, but delivery took longer than expected.",positive,true_to_size,2026-04-18T13:03:35.000Z
rev_9063cbc1998f765af48d,prod_0189531a36c049171820,var_93c4efb5105239106e76,cust_e91a91362fd5a9f80bcb,4,Great race day option and the color looks sharp.,positive,true_to_size,2026-04-28T08:09:07.000Z
rev_085158732c8da4512c26,prod_4fb11ac857411bda88a4,var_b1841532494f148dfc95,cust_8b03c6791d398681ccfd,5,Solid daily gear. Fit was true to size for me.,positive,true_to_size,2026-05-02T07:01:30.000Z
rev_39bc27e346fa3f161e25,prod_0189531a36c049171820,var_00df6f028ceddde26b68,cust_21b0ef04d046a7962e38,4,Great race day option and the color looks sharp.,positive,runs_small,2026-04-29T07:05:02.000Z
rev_a6588fd6780bc14823eb,prod_4fb11ac857411bda88a4,var_0c8dbcf461e87274cd44,cust_4a484f501d56bc9fd2f3,1,Great race day option and the color looks sharp.,positive,true_to_size,2026-04-28T07:16:25.000Z
rev_27398d7842f7eb4ae24d,prod_ee93d55d30addeff6954,var_b3220a2f29d9e3096a2f,cust_f34243012af858727615,4,Loved the fabric and bought a second color.,positive,true_to_size,2026-04-26T16:09:06.000Z
rev_d9632993fdce4611aa4b,prod_4fb11ac857411bda88a4,var_85a21cc286764b196eba,cust_2a89b3f9a430105550f3,4,Great race day option and the color looks sharp.,positive,true_to_size,2026-04-30T18:47:10.000Z
rev_656b5db41f9c53c51461,prod_ee93d55d30addeff6954,var_30fe308642c7372a4c55,cust_a57a7eb1a76150d008ef,4,Loved the fabric and bought a second color.,negative,true_to_size,2026-04-29T20:12:46.000Z
rev_c89bac42107a632d7ae2,prod_72dfeba4701d415d317a,var_cf614c1f8ce5ad152f86,cust_e9274eaa5939bea43db7,3,"Good quality, but delivery took longer than expected.",positive,true_to_size,2026-05-02T16:13:24.000Z
rev_6039d2fb4c69db93606c,prod_438a44848bc196e6d975,var_9714066032b1c68057b8,cust_e9274eaa5939bea43db7,4,Comfortable on long runs and held up well after washing.,positive,true_to_size,2026-04-20T21:44:26.000Z
rev_ca519f424a823c6f031a,prod_d43b2cf8fa29d7ae9b37,var_17f58fc6b2961004e931,cust_2cb309f7360731c37d71,2,Loved the fabric and bought a second color.,positive,true_to_size,2026-04-23T15:50:45.000Z
rev_13962d2581563ebe46dc,prod_d43b2cf8fa29d7ae9b37,var_22ec18309fa5f5e5288d,cust_92576f9393c26897a22e,1,Solid daily gear. Fit was true to size for me.,positive,true_to_size,2026-05-01T09:18:16.000Z
rev_12eab2609a8e8b328566,prod_2efa0aed0d6e67ecae58,var_38d5b5f8cb87a53d650b,cust_db3ce1d5941f38c5b273,5,"Lightweight feel, but I would size up next time.",positive,true_to_size,2026-04-25T15:31:57.000Z
rev_b45cb1749274147a65ac,prod_0189531a36c049171820,var_22afdc3bc66d8c370224,cust_16fcce8bad58452d4d48,5,Solid daily gear. Fit was true to size for me.,neutral,true_to_size,2026-04-27T19:50:57.000Z
rev_783ce4ec8e9a0be8a48f,prod_ebe756215bbfcde882c1,var_5d625c4bbaa3b689d1db,cust_dcbfa9316213a457f353,4,"Good quality, but delivery took longer than expected.",positive,true_to_size,2026-04-30T08:28:17.000Z
rev_ea4a9659b5d4ee836d67,prod_438a44848bc196e6d975,var_6255fbba1fc1f01b7ee9,cust_a9d6ab38576c4947f486,4,Loved the fabric and bought a second color.,neutral,runs_small,2026-04-23T13:17:46.000Z
rev_a3b8f9b8a1b08646e767,prod_ee93d55d30addeff6954,var_30fe308642c7372a4c55,cust_43217afa457ce5ec8912,4,"Good quality, but delivery took longer than expected.",positive,runs_small,2026-05-04T13:31:35.000Z
rev_840bc7cda67e1360eb9a,prod_0189531a36c049171820,var_a11d1e73dd135e3f1cb9,cust_228e18e379cec4d2a5d5,5,Comfortable on long runs and held up well after washing.,positive,true_to_size,2026-05-04T20:08:40.000Z
rev_b594904a8481e70cdbeb,prod_ea26883fb1deabd15141,var_a56e028f2685d369a8a2,cust_6e5d120680b7655542c0,2,Solid daily gear. Fit was true to size for me.,positive,true_to_size,2026-04-21T06:00:12.000Z
rev_4cabda5a450d68973f0a,prod_438a44848bc196e6d975,var_d1592d795041e81f6c4e,cust_6e5d120680b7655542c0,4,Solid daily gear. Fit was true to size for me.,positive,true_to_size,2026-04-22T17:45:15.000Z
rev_65d35e40c1e7f9e89396,prod_ee93d55d30addeff6954,var_76a3d7146b323dd2a889,cust_df8b17a066e66de22bd1,4,Solid daily gear. Fit was true to size for me.,positive,true_to_size,2026-04-21T22:39:44.000Z
rev_fd3a9a4f8f2d97568e56,prod_d43b2cf8fa29d7ae9b37,var_2abdb293ed839904df8a,cust_3fe202bb5392f3e22d63,5,Loved the fabric and bought a second color.,positive,runs_small,2026-04-29T10:49:14.000Z
rev_65c9d3e9c88b25521300,prod_0189531a36c049171820,var_51f120a7b2c0d86f9a2b,cust_9b0c7598f1c91b2c5c57,5,Solid daily gear. Fit was true to size for me.,positive,runs_small,2026-04-25T19:50:02.000Z
rev_1e8a06672f135a42a3af,prod_0189531a36c049171820,var_6590129bf85a309d3f8f,cust_c6d7f3bf5521bfa7156a,3,"Lightweight feel, but I would size up next time.",positive,runs_small,2026-04-29T17:12:55.000Z
rev_6d35b1f0e25fefe13c10,prod_2efa0aed0d6e67ecae58,var_5e478e2b39c40398fb76,cust_c4145a08e4bb9fa8eefe,4,"Lightweight feel, but I would size up next time.",neutral,true_to_size,2026-04-29T11:24:17.000Z
rev_7d5a71356c0d915feaf7,prod_72dfeba4701d415d317a,var_b93ffcc4df25b6049fd7,cust_ad354e967cd48965cb87,5,Solid daily gear. Fit was true to size for me.,neutral,true_to_size,2026-04-26T06:52:51.000Z
rev_b74bc4d90cf9fa2804fc,prod_d43b2cf8fa29d7ae9b37,var_2abdb293ed839904df8a,cust_40c0e309f58168c9ab45,4,Great race day option and the color looks sharp.,positive,true_to_size,2026-04-24T14:30:58.000Z
rev_d17c4641f879bf117a65,prod_1aac77da65d619e6240f,var_19b6c0119781ca26cfab,cust_459bed70c7a56fffea43,2,Great race day option and the color looks sharp.,positive,true_to_size,2026-04-24T12:22:34.000Z
rev_c74cd606e5e8edc8633f,prod_2efa0aed0d6e67ecae58,var_ffa3148e0ee7668d8f30,cust_188a11539bbae63deff3,4,Comfortable on long runs and held up well after washing.,neutral,true_to_size,2026-04-28T23:00:28.000Z
rev_3175635e84934c5299eb,prod_ee93d55d30addeff6954,var_30fe308642c7372a4c55,cust_228cc5fa8ecf2470be45,5,"Good quality, but delivery took longer than expected.",positive,true_to_size,2026-04-22T20:57:45.000Z
rev_bcac20c6ee443c93f152,prod_438a44848bc196e6d975,var_0b5c0ad0f1e4e8da6ed8,cust_3bbcdbd0ea0724cc4fd9,4,Comfortable on long runs and held up well after washing.,positive,true_to_size,2026-05-02T19:57:44.000Z
rev_4ba3b4674dd00a2d5c5b,prod_1aac77da65d619e6240f,var_5229b1982481efd531f3,cust_dbaa905ac8ae61d294cd,5,"Good quality, but delivery took longer than expected.",positive,true_to_size,2026-05-04T11:39:47.000Z
rev_7ab73e4a643437ed2292,prod_72dfeba4701d415d317a,var_0088bda42ae04ba0e6f0,cust_fc9c75285535b4b79fcb,4,Great race day option and the color looks sharp.,negative,runs_small,2026-05-01T17:18:32.000Z
rev_0bd0678266230f957c8c,prod_d43b2cf8fa29d7ae9b37,var_87e530ced3270be98f36,cust_b0d19ad047fd3d6a4ad8,3,Solid daily gear. Fit was true to size for me.,negative,runs_small,2026-05-01T13:39:31.000Z
rev_c1c14793062bd9b742d1,prod_ee93d55d30addeff6954,var_7929a442006436a2f4b9,cust_127030e3a2bfb7c2bf0d,4,Comfortable on long runs and held up well after washing.,negative,runs_small,2026-04-25T19:47:11.000Z
rev_0f795471817ef0821592,prod_2efa0aed0d6e67ecae58,var_8031b1936b5e05c16a08,cust_a16af41d6774fcfb4a41,5,Solid daily gear. Fit was true to size for me.,positive,true_to_size,2026-04-28T17:40:58.000Z
rev_3315e322b2f8cfc5576c,prod_d43b2cf8fa29d7ae9b37,var_89efa340b18949bb9c2f,cust_3f8529347d90a51ab98b,5,Solid daily gear. Fit was true to size for me.,positive,true_to_size,2026-04-23T15:22:54.000Z
rev_31e93bb31db92bce5ad9,prod_0189531a36c049171820,var_e1d35731895df46c299d,cust_3f8529347d90a51ab98b,3,Comfortable on long runs and held up well after washing.,positive,runs_large,2026-05-04T06:35:52.000Z
rev_909d7a2975fe62cf4bcf,prod_4fb11ac857411bda88a4,var_69ad1a308528a65fbf7f,cust_c5880005db89669365e7,5,Loved the fabric and bought a second color.,positive,runs_small,2026-04-27T22:24:50.000Z
rev_49175ed0c15d2afa9fbd,prod_0189531a36c049171820,var_fa3dbd5a2054f66ebda8,cust_34f52791295e2b1f1bc9,4,Comfortable on long runs and held up well after washing.,positive,true_to_size,2026-05-06T12:35:18.000Z
rev_f545a84449e30969b913,prod_72dfeba4701d415d317a,var_cf614c1f8ce5ad152f86,cust_3071f6f0ef7ad245a6cb,4,"Lightweight feel, but I would size up next time.",neutral,true_to_size,2026-04-21T18:16:31.000Z
rev_79fff682755b01b0acdb,prod_0189531a36c049171820,var_3827fef61cdfb42fbde9,cust_4264d2f94eb0321f026e,5,Great race day option and the color looks sharp.,positive,true_to_size,2026-04-22T06:48:07.000Z
rev_b3e41dc8db8aabfa7d5d,prod_4fb11ac857411bda88a4,var_fad911836ba0bc2d17e3,cust_7fae067d271e7695bece,2,Solid daily gear. Fit was true to size for me.,positive,true_to_size,2026-04-28T20:27:07.000Z
rev_a29ccb9c19de7478aa2c,prod_d43b2cf8fa29d7ae9b37,var_e8598f4784994d3f8438,cust_83e5be50608ab4087b21,5,Great race day option and the color looks sharp.,neutral,true_to_size,2026-05-05T06:36:52.000Z
rev_3bbd53dd1cad9aa90b09,prod_438a44848bc196e6d975,var_84b95c9fb4b7809f8a34,cust_5adc061c84ff1f146a8a,5,"Lightweight feel, but I would size up next time.",positive,true_to_size,2026-04-23T14:31:55.000Z
rev_21e37509294d2871d467,prod_0189531a36c049171820,var_b9ed5b404fd99996ec9f,cust_5adc061c84ff1f146a8a,5,"Lightweight feel, but I would size up next time.",positive,true_to_size,2026-04-30T18:29:25.000Z
rev_2aa6de150001ff3510ba,prod_1aac77da65d619e6240f,var_fe1215c4f405465a502b,cust_b0ec65d21ca0f118932d,5,Great race day option and the color looks sharp.,positive,true_to_size,2026-04-27T07:44:06.000Z
rev_0eb74eeb3e870bdd20cb,prod_1aac77da65d619e6240f,var_b26eea452ddb91e6275c,cust_643ff017ec396cf15336,4,Solid daily gear. Fit was true to size for me.,positive,true_to_size,2026-04-23T14:53:15.000Z
rev_81e2b4063a659548d031,prod_1aac77da65d619e6240f,var_b504113d4e05f26566f9,cust_5735926917056f3130d7,5,Solid daily gear. Fit was true to size for me.,negative,true_to_size,2026-04-24T20:58:44.000Z
rev_aa3b9748a7ce48d56086,prod_d87cfc68d1aef053d198,var_199bb1069f0216fdcbf6,cust_7f893780af2223137b79,5,"Lightweight feel, but I would size up next time.",positive,true_to_size,2026-04-24T18:20:46.000Z
rev_04faa19a7cd1b74d901c,prod_4fb11ac857411bda88a4,var_48589628c217474fe88e,cust_acb2c391c659ab81e586,4,Comfortable on long runs and held up well after washing.,positive,true_to_size,2026-05-01T12:11:14.000Z
rev_bca5c28ed02f56d98aae,prod_ee93d55d30addeff6954,var_075418ff0be5cdb7558e,cust_44dbb037937b86200334,4,Solid daily gear. Fit was true to size for me.,positive,true_to_size,2026-04-22T14:00:25.000Z
rev_959d0e997ea7ef500092,prod_438a44848bc196e6d975,var_d7120c7c2177c417b214,cust_4a484f501d56bc9fd2f3,5,"Good quality, but delivery took longer than expected.",positive,runs_large,2026-05-01T07:09:24.000Z
rev_4cd55866527b4d51512c,prod_1aac77da65d619e6240f,var_9d2bbbb4593860eae1c2,cust_60d60d9117cc179601c2,5,Great race day option and the color looks sharp.,positive,true_to_size,2026-04-27T15:31:42.000Z
rev_6825a6cbcf9180086263,prod_d43b2cf8fa29d7ae9b37,var_1375ba8c6f393210c436,cust_6e5d120680b7655542c0,5,Comfortable on long runs and held up well after washing.,positive,true_to_size,2026-05-02T16:17:13.000Z
rev_807e3b74f7f8a0f79a9e,prod_d87cfc68d1aef053d198,var_199bb1069f0216fdcbf6,cust_82a904007f0c0ad3659e,5,Comfortable on long runs and held up well after washing.,positive,runs_small,2026-04-21T15:51:21.000Z
rev_e507cee7051b254fe565,prod_ea26883fb1deabd15141,var_a18ec8356e2d553dbf65,cust_a8013f862749b097f949,5,Comfortable on long runs and held up well after washing.,neutral,true_to_size,2026-04-23T07:04:13.000Z
rev_6c5820bfd035e61e09a8,prod_438a44848bc196e6d975,var_a7daae96f9b2f50dfdef,cust_b5202424026e54c0e36e,5,Great race day option and the color looks sharp.,negative,true_to_size,2026-04-30T16:15:45.000Z
rev_9fca0acc9d344265d8e6,prod_1aac77da65d619e6240f,var_19fa5bf87e2a73901ef4,cust_a66e9b7eaafe9b358254,5,Comfortable on long runs and held up well after washing.,positive,true_to_size,2026-05-06T11:15:51.000Z
rev_8d0dd3611372efeca3d3,prod_438a44848bc196e6d975,var_508fbb721d582106874e,cust_e170fd09ec9b85453cdb,5,Great race day option and the color looks sharp.,positive,true_to_size,2026-05-02T13:11:35.000Z
rev_72873a029d8799174e15,prod_0189531a36c049171820,var_617730612696e695ed41,cust_3c63706c154e87820548,4,Loved the fabric and bought a second color.,negative,true_to_size,2026-04-22T20:57:30.000Z
rev_a1ec32adbf3dbc0573fc,prod_0189531a36c049171820,var_360731b0a803c24bfd69,cust_7db519b42f352665023d,3,Great race day option and the color looks sharp.,positive,true_to_size,2026-04-25T06:44:47.000Z
rev_59ad44e488c383918778,prod_0189531a36c049171820,var_e7d27b69dfb62d802fec,cust_e86f24a668d1f41b8ec6,5,Solid daily gear. Fit was true to size for me.,positive,runs_large,2026-05-06T07:22:19.000Z
rev_ac5ec242d1eec6155a75,prod_ee93d55d30addeff6954,var_c9ae287d0fd94aec879d,cust_02a3421794224a3ecc5a,5,Great race day option and the color looks sharp.,positive,true_to_size,2026-05-05T13:37:40.000Z
rev_32d0fb6bbb3df2696e87,prod_ee93d55d30addeff6954,var_ebb8cc29fc6683dff27c,cust_7cb6891c74a5e76c5c9e,5,Comfortable on long runs and held up well after washing.,positive,true_to_size,2026-04-30T10:58:39.000Z
rev_021b12a4ca13a473cfa6,prod_438a44848bc196e6d975,var_e117db91e6327b985328,cust_7f893780af2223137b79,4,"Good quality, but delivery took longer than expected.",positive,true_to_size,2026-05-02T07:01:31.000Z
rev_a12434d05108c4decdd5,prod_ee93d55d30addeff6954,var_0dc2751ef1e6063b7445,cust_d2e7d89b9ff674cdbfc4,3,Loved the fabric and bought a second color.,positive,true_to_size,2026-04-29T06:10:26.000Z
rev_5c3b4fd4dd7a7c2e58a2,prod_4fb11ac857411bda88a4,var_78ce2ee3c901aabec73e,cust_bb8b5df717badeb95691,2,Loved the fabric and bought a second color.,positive,runs_large,2026-04-28T20:56:07.000Z
rev_8ce346d0d30039f2805d,prod_0189531a36c049171820,var_00df6f028ceddde26b68,cust_39c101453b2b0aadd74e,4,Comfortable on long runs and held up well after washing.,positive,true_to_size,2026-05-06T07:46:11.000Z
rev_c1e2af53d2e39b9d147b,prod_ee93d55d30addeff6954,var_8d654d633876e75e4317,cust_62fe3d65dd6c3ff984ad,4,Loved the fabric and bought a second color.,neutral,true_to_size,2026-05-04T10:43:09.000Z
rev_17b516d6e0a66804ded1,prod_ee93d55d30addeff6954,var_2fe8bce190c7eb41dfc8,cust_7f42996455f0dee736e0,2,Solid daily gear. Fit was true to size for me.,positive,runs_large,2026-04-24T16:05:18.000Z
rev_2e67bb8d6bd7802ee3e5,prod_ee93d55d30addeff6954,var_9f281e7cd219f0029526,cust_7b49b6a7391ec8c00e17,5,Great race day option and the color looks sharp.,positive,true_to_size,2026-05-07T13:19:49.000Z
rev_17d01dea7c3bca4e4a29,prod_ee93d55d30addeff6954,var_b319dcd8931c568f8dde,cust_e170fd09ec9b85453cdb,5,Comfortable on long runs and held up well after washing.,negative,true_to_size,2026-05-05T22:22:08.000Z
rev_7050267bfff7d8f1e948,prod_72dfeba4701d415d317a,var_4aeb79589687b461e96f,cust_02131b8162e1f638e2ac,4,"Lightweight feel, but I would size up next time.",positive,true_to_size,2026-04-24T20:32:38.000Z
rev_3fc2491f4cbfc86c2a69,prod_1aac77da65d619e6240f,var_a6767a237b512235506f,cust_56974b85b37b93375239,4,Great race day option and the color looks sharp.,negative,runs_small,2026-04-27T15:07:43.000Z
rev_5fb84f77b290cbb98e01,prod_72dfeba4701d415d317a,var_8a23a15f6866bdee9409,cust_f86bcd473c74a71ea282,3,Comfortable on long runs and held up well after washing.,neutral,true_to_size,2026-05-05T17:43:04.000Z
rev_72a6c4c61999480812ab,prod_ebe756215bbfcde882c1,var_5d625c4bbaa3b689d1db,cust_d42bee5275c5e39ccde3,5,Solid daily gear. Fit was true to size for me.,positive,true_to_size,2026-05-03T16:11:29.000Z
rev_751a93b168efa588a478,prod_ea26883fb1deabd15141,var_bc45956a6234980b8431,cust_d42bee5275c5e39ccde3,5,"Lightweight feel, but I would size up next time.",positive,true_to_size,2026-04-27T15:48:10.000Z
rev_caff6e8bb1b8f49a1816,prod_ee93d55d30addeff6954,var_76a3d7146b323dd2a889,cust_ddd9bd70b9465e68d869,5,"Good quality, but delivery took longer than expected.",positive,true_to_size,2026-05-06T23:05:55.000Z
rev_f4b2e89a4eb1eed49bda,prod_438a44848bc196e6d975,var_70d6578905075ca6871b,cust_4259c249b7707860177c,1,Comfortable on long runs and held up well after washing.,positive,true_to_size,2026-04-27T15:32:21.000Z
rev_7707b29623035d8c35c7,prod_72dfeba4701d415d317a,var_439e4a3b1ded76626bcc,cust_acb2c391c659ab81e586,4,Solid daily gear. Fit was true to size for me.,positive,true_to_size,2026-05-05T18:45:15.000Z
rev_5f36df598c3b2da75f2c,prod_ebe756215bbfcde882c1,var_1712a2d5f6a5d208055e,cust_d4d6c42da940e0d93798,5,"Good quality, but delivery took longer than expected.",negative,true_to_size,2026-04-24T12:50:56.000Z
rev_34ad7b199732bf5ba7e9,prod_2efa0aed0d6e67ecae58,var_2a91c104878870f34df4,cust_e715db4878b0d61d549c,4,Comfortable on long runs and held up well after washing.,positive,true_to_size,2026-05-02T11:43:07.000Z
rev_f66d1f00261c3de6f625,prod_0189531a36c049171820,var_360731b0a803c24bfd69,cust_096db5862a733f30b5e3,1,Solid daily gear. Fit was true to size for me.,negative,runs_small,2026-05-07T19:06:51.000Z
rev_87b927ccf212155116f6,prod_438a44848bc196e6d975,var_5579d3dcd9580bd272b2,cust_cff72b082ba654543c6b,5,"Lightweight feel, but I would size up next time.",positive,runs_small,2026-04-25T17:33:58.000Z
rev_48a85dfbde3d5eac8921,prod_72dfeba4701d415d317a,var_e55f60ce5370c732b493,cust_4895dbddd79903ccf492,3,Solid daily gear. Fit was true to size for me.,neutral,true_to_size,2026-05-03T21:14:33.000Z
rev_158c7f96471f5856615b,prod_4fb11ac857411bda88a4,var_b1841532494f148dfc95,cust_93695fe7ed6c7f63f34d,5,Comfortable on long runs and held up well after washing.,positive,true_to_size,2026-04-29T21:58:57.000Z
rev_3d6561b100d532169255,prod_d43b2cf8fa29d7ae9b37,var_2cc49091108ce06c317f,cust_a234edeba1dcacf2c51a,5,Great race day option and the color looks sharp.,negative,true_to_size,2026-04-25T16:33:48.000Z
rev_7cb42232a2ffad315c5a,prod_ee93d55d30addeff6954,var_422a1ef6d8410f6c318d,cust_5ed5c4f49f653366dbf9,4,Great race day option and the color looks sharp.,neutral,runs_small,2026-04-25T23:11:57.000Z
rev_cd2af3195d9cf6f37181,prod_438a44848bc196e6d975,var_c87f257a229ce7eafa08,cust_95bdce78df645b786700,3,Loved the fabric and bought a second color.,neutral,true_to_size,2026-04-25T19:12:11.000Z
rev_d8254b145cec886f4077,prod_0189531a36c049171820,var_b5d905be4efb894192b7,cust_95bdce78df645b786700,2,Loved the fabric and bought a second color.,positive,true_to_size,2026-05-09T09:37:47.000Z
rev_168508d5a83856c7d301,prod_438a44848bc196e6d975,var_14bd7ed084b7132e19a3,cust_996f2e72993b1a9fa80a,5,Comfortable on long runs and held up well after washing.,positive,true_to_size,2026-04-30T06:12:17.000Z
rev_8e8ebd906a6a17c0a5c8,prod_ea26883fb1deabd15141,var_be2b12a3e53e8671f3d6,cust_7dfa6d2d42eeeabe5b58,5,Loved the fabric and bought a second color.,positive,runs_large,2026-05-03T19:05:03.000Z
rev_e30c36fc40ba11471ce1,prod_ebe756215bbfcde882c1,var_d93959e68a9c1ed24606,cust_e9cf057121b9d83b352b,4,Solid daily gear. Fit was true to size for me.,positive,true_to_size,2026-05-04T10:28:07.000Z
rev_e0605f4d931c6ee405e4,prod_438a44848bc196e6d975,var_9714066032b1c68057b8,cust_cff72b082ba654543c6b,3,Comfortable on long runs and held up well after washing.,positive,runs_small,2026-05-03T19:13:52.000Z
rev_2ef56dcb504fbf49d011,prod_0189531a36c049171820,var_6b0100cdc1ef1031469b,cust_f17954ea528cd575965e,5,"Lightweight feel, but I would size up next time.",positive,true_to_size,2026-05-10T16:51:51.000Z
rev_b95eb7d210d8d2630998,prod_72dfeba4701d415d317a,var_439e4a3b1ded76626bcc,cust_ac7d7508254e90679874,2,"Good quality, but delivery took longer than expected.",positive,true_to_size,2026-04-30T13:01:21.000Z
rev_4232cc3b678053c6d193,prod_4fb11ac857411bda88a4,var_fc65fa629ab0cfab4741,cust_d31732a6afdcc7e301fc,5,Loved the fabric and bought a second color.,positive,true_to_size,2026-05-02T14:47:07.000Z
rev_4abfb3cda70231c32595,prod_1aac77da65d619e6240f,var_11a4e26a7ab75dc78c86,cust_cdc2ca99ddaf6c5f9e8d,5,"Good quality, but delivery took longer than expected.",neutral,true_to_size,2026-04-27T21:58:10.000Z
rev_02a24c7d41ea9518d9fd,prod_ea26883fb1deabd15141,var_def87b80ab2972f8be9d,cust_ee2b3fccc582d96ad0f8,1,"Good quality, but delivery took longer than expected.",positive,runs_small,2026-04-26T20:58:35.000Z
rev_e6ead79360755d31cacc,prod_d43b2cf8fa29d7ae9b37,var_22ec18309fa5f5e5288d,cust_1cf9944894d03e06c25f,5,"Good quality, but delivery took longer than expected.",positive,true_to_size,2026-05-10T20:44:12.000Z
rev_67ea1574d7ecdead17f3,prod_d43b2cf8fa29d7ae9b37,var_17f58fc6b2961004e931,cust_9281a6fa7156bd6d9037,4,"Lightweight feel, but I would size up next time.",positive,runs_large,2026-04-25T15:26:18.000Z
rev_f907bc22b0d9a0c58d88,prod_ee93d55d30addeff6954,var_30fe308642c7372a4c55,cust_f094afa60b3162233f8a,2,Great race day option and the color looks sharp.,positive,true_to_size,2026-05-02T08:46:57.000Z
rev_6be59b1b9615998285f4,prod_ee93d55d30addeff6954,var_8d654d633876e75e4317,cust_88349cb3d9457e7a1750,4,"Lightweight feel, but I would size up next time.",positive,true_to_size,2026-05-02T13:20:32.000Z
rev_967ec162a47f4887eb7a,prod_ebe756215bbfcde882c1,var_54a48c4e9f5a97d29dac,cust_082613cd43cb7e237a28,5,"Lightweight feel, but I would size up next time.",positive,true_to_size,2026-04-29T15:52:56.000Z
rev_4489c57b2103b1d2d278,prod_d43b2cf8fa29d7ae9b37,var_41628dba54c9c6861c9d,cust_082613cd43cb7e237a28,2,Solid daily gear. Fit was true to size for me.,neutral,true_to_size,2026-05-03T13:54:28.000Z
rev_2517f737dc3a1b697c9b,prod_1aac77da65d619e6240f,var_30a71ca69a0597e20603,cust_03f81a00b8ec62a76e94,3,"Good quality, but delivery took longer than expected.",positive,runs_small,2026-05-06T12:05:17.000Z
rev_12ad771ec80b7b3b02b5,prod_d43b2cf8fa29d7ae9b37,var_03696f04943b92dadb38,cust_1d2bb42b14b611606552,5,Comfortable on long runs and held up well after washing.,positive,runs_small,2026-04-30T19:58:01.000Z
rev_dd4441cfd72980f40613,prod_d43b2cf8fa29d7ae9b37,var_d8747d212def9f4c3e80,cust_6eab7611d16fd88eac5e,5,"Lightweight feel, but I would size up next time.",positive,runs_small,2026-05-08T17:02:28.000Z
rev_fa7997f9a2a5fbac0e2c,prod_0189531a36c049171820,var_b5d905be4efb894192b7,cust_5abcd80406ecd75d9c7d,5,"Lightweight feel, but I would size up next time.",positive,runs_small,2026-05-02T11:09:58.000Z
rev_b61326f2dc2d5a650f7d,prod_4fb11ac857411bda88a4,var_6b4cde94e24613aa178d,cust_92a36a8de39f0876e146,2,Comfortable on long runs and held up well after washing.,neutral,true_to_size,2026-05-09T09:31:11.000Z
rev_e054eafed1da73091ff8,prod_438a44848bc196e6d975,var_a7daae96f9b2f50dfdef,cust_e94912248fd38e1e5847,4,"Good quality, but delivery took longer than expected.",positive,true_to_size,2026-05-10T12:01:53.000Z
rev_591fb0c78a3f09dd3003,prod_ea26883fb1deabd15141,var_bc45956a6234980b8431,cust_e4f2e707a55c4878f253,4,"Good quality, but delivery took longer than expected.",positive,runs_large,2026-05-02T17:26:18.000Z
rev_d0057743b04009b8d628,prod_ee93d55d30addeff6954,var_acf7ad33d8cefca798db,cust_34f52791295e2b1f1bc9,2,"Good quality, but delivery took longer than expected.",positive,runs_small,2026-05-07T16:49:45.000Z
rev_75a510509c2ccca22bb2,prod_1aac77da65d619e6240f,var_f4e84136e702c56fc319,cust_75ac67f330017e0171cf,4,Comfortable on long runs and held up well after washing.,neutral,true_to_size,2026-05-09T21:49:36.000Z
rev_e58813c012578549c8b7,prod_1aac77da65d619e6240f,var_827c52ca8f98abbcdae2,cust_75ac67f330017e0171cf,4,Great race day option and the color looks sharp.,positive,true_to_size,2026-05-01T14:49:47.000Z
rev_b5e8b0fb75397ac3ba9b,prod_4fb11ac857411bda88a4,var_9ddc10ac2aa76ca09954,cust_446ded46479e1d004346,4,Comfortable on long runs and held up well after washing.,positive,true_to_size,2026-04-30T15:50:19.000Z
rev_19705cfafd19cdd52025,prod_ee93d55d30addeff6954,var_269576cae5504f7beee6,cust_81beb0ce446211a3b279,5,Comfortable on long runs and held up well after washing.,positive,true_to_size,2026-05-09T19:28:39.000Z
rev_d4856ddfdbd796aa1380,prod_72dfeba4701d415d317a,var_8a23a15f6866bdee9409,cust_81beb0ce446211a3b279,4,"Good quality, but delivery took longer than expected.",positive,true_to_size,2026-05-11T06:32:46.000Z
rev_10d6c4c1b8c4c9a1f978,prod_0189531a36c049171820,var_b30af374f3e8523449d6,cust_4259c249b7707860177c,5,Comfortable on long runs and held up well after washing.,positive,runs_small,2026-05-10T12:47:02.000Z
rev_848a21cc135e5ee7e266,prod_72dfeba4701d415d317a,var_3095fdb99afdb37f42a9,cust_b58ad75e0510ac038909,3,Solid daily gear. Fit was true to size for me.,neutral,runs_large,2026-05-01T08:53:12.000Z
rev_7bfb8b6707fa48c6baff,prod_ebe756215bbfcde882c1,var_63071a389c1b1f57160c,cust_92a36a8de39f0876e146,4,"Good quality, but delivery took longer than expected.",positive,true_to_size,2026-05-05T08:22:32.000Z
rev_74f7ce2c932ac9dbd925,prod_2efa0aed0d6e67ecae58,var_0cf84000f5859801c60f,cust_4b6e4f8d11c4861e7703,3,Loved the fabric and bought a second color.,negative,true_to_size,2026-05-10T22:15:16.000Z
rev_1e2167605bf92aa159a9,prod_2efa0aed0d6e67ecae58,var_7563e95b2351a5fa4a08,cust_86baff936e1749622da4,1,"Good quality, but delivery took longer than expected.",positive,true_to_size,2026-04-29T06:57:39.000Z
rev_d29c475f46c65852282b,prod_ebe756215bbfcde882c1,var_63071a389c1b1f57160c,cust_27d2497d0d3d1375fb0c,5,Comfortable on long runs and held up well after washing.,positive,true_to_size,2026-04-29T08:24:07.000Z
rev_546ee4bfa8f3b8a5250d,prod_4fb11ac857411bda88a4,var_63784919911926a972c2,cust_d6dd6e235270d9a7ef16,5,Great race day option and the color looks sharp.,negative,true_to_size,2026-04-26T19:58:34.000Z
rev_9a93585f03856b24e922,prod_438a44848bc196e6d975,var_b72377f8338f3eabe496,cust_decf533ee960b29ed93a,5,Great race day option and the color looks sharp.,negative,runs_small,2026-05-06T19:18:51.000Z
rev_c192ed4306a42e86cb06,prod_ee93d55d30addeff6954,var_075418ff0be5cdb7558e,cust_b0d19ad047fd3d6a4ad8,3,Loved the fabric and bought a second color.,positive,true_to_size,2026-04-26T11:21:03.000Z
rev_4b14500081b5bc4e68e1,prod_438a44848bc196e6d975,var_e117db91e6327b985328,cust_c1988e8f1cd8c73b3e22,5,Great race day option and the color looks sharp.,neutral,true_to_size,2026-05-01T13:12:17.000Z
rev_14b9b8347686c9eab9a9,prod_d43b2cf8fa29d7ae9b37,var_b35ae4d77d0efb3389d3,cust_e25e645eed3554faaa42,5,"Lightweight feel, but I would size up next time.",positive,true_to_size,2026-05-11T19:33:21.000Z
rev_024ac618eb692f67be49,prod_ea26883fb1deabd15141,var_bc45956a6234980b8431,cust_b4d77dca6cf8d726b445,2,"Lightweight feel, but I would size up next time.",positive,true_to_size,2026-05-06T06:55:49.000Z
rev_895eacb55c8b310be8d0,prod_0189531a36c049171820,var_6590129bf85a309d3f8f,cust_caf5cf1a671f26e918fd,3,Great race day option and the color looks sharp.,positive,true_to_size,2026-04-28T23:54:22.000Z
rev_56ba33fd90b8a9c97898,prod_1aac77da65d619e6240f,var_30a71ca69a0597e20603,cust_984e77cc1dc2bfd87a27,4,"Lightweight feel, but I would size up next time.",neutral,true_to_size,2026-05-06T15:22:02.000Z
rev_fd997f1d3f5af6dd6ebb,prod_4fb11ac857411bda88a4,var_b1841532494f148dfc95,cust_d5fd1bec62f1d3fa4437,4,Great race day option and the color looks sharp.,positive,runs_small,2026-05-04T20:23:43.000Z
rev_717656abc87801dd1722,prod_0189531a36c049171820,var_7657acb4edd171a3e158,cust_f8cdc7d9ce71d7feefee,4,"Good quality, but delivery took longer than expected.",negative,runs_large,2026-05-09T18:13:20.000Z
rev_9d60c83a41d55b90d8c1,prod_ebe756215bbfcde882c1,var_84ff60b1ac8610102053,cust_12bec46211253dbbc359,5,"Lightweight feel, but I would size up next time.",positive,runs_small,2026-05-10T13:54:25.000Z
rev_32cadc47d08946f8b4e2,prod_72dfeba4701d415d317a,var_e55f60ce5370c732b493,cust_30f13796e4470dfd26c2,5,Loved the fabric and bought a second color.,positive,true_to_size,2026-05-05T08:47:17.000Z
rev_e5adf7971c3f2cfc8959,prod_2efa0aed0d6e67ecae58,var_ffa3148e0ee7668d8f30,cust_06392801fbbdd6e30975,4,Great race day option and the color looks sharp.,positive,true_to_size,2026-05-11T06:14:46.000Z
rev_0db1b3c58f65126f7340,prod_1aac77da65d619e6240f,var_4ec6f48b0a97467baa73,cust_d70e68cfa7d68a1a767a,3,Comfortable on long runs and held up well after washing.,positive,true_to_size,2026-04-29T17:52:31.000Z
rev_afc82a6061d97c707910,prod_4fb11ac857411bda88a4,var_79dbcc3eddbb79b3678b,cust_fae453b57216c3b0808e,4,"Lightweight feel, but I would size up next time.",positive,true_to_size,2026-05-01T07:05:10.000Z
rev_7b522899553a5e051d6d,prod_0189531a36c049171820,var_65cde14be098ea1a671d,cust_5735926917056f3130d7,5,"Lightweight feel, but I would size up next time.",positive,true_to_size,2026-05-12T23:56:15.000Z
rev_6f20407b62db697683a4,prod_ee93d55d30addeff6954,var_1b8f63ab3f5e208113ca,cust_3086392983eb9effb4e4,5,Great race day option and the color looks sharp.,neutral,true_to_size,2026-05-12T22:07:21.000Z
rev_697e5e9e08796f155416,prod_72dfeba4701d415d317a,var_11b9ced246c49a2a69c6,cust_3086392983eb9effb4e4,4,Loved the fabric and bought a second color.,positive,true_to_size,2026-05-11T06:06:49.000Z
rev_c49309bf60445b40e1d4,prod_ee93d55d30addeff6954,var_6fbe552270a22d50cfd4,cust_abc53a8a715b6a1e1f69,2,"Good quality, but delivery took longer than expected.",neutral,true_to_size,2026-05-10T22:09:26.000Z
rev_1ea1b08d5d4c7e5a6f9e,prod_0189531a36c049171820,var_fcc7e2fc3cb72570cbfc,cust_3071f6f0ef7ad245a6cb,5,Solid daily gear. Fit was true to size for me.,positive,runs_small,2026-05-02T14:05:16.000Z
rev_3525c0c3f9819c61f483,prod_72dfeba4701d415d317a,var_8a23a15f6866bdee9409,cust_a8013f862749b097f949,4,Great race day option and the color looks sharp.,neutral,true_to_size,2026-04-29T06:19:33.000Z
rev_15cd20767f2c81dc1a0d,prod_d43b2cf8fa29d7ae9b37,var_01a56d62607b13a33c4e,cust_eb1d6b950b6a4f305bc4,4,Comfortable on long runs and held up well after washing.,positive,true_to_size,2026-05-10T15:39:53.000Z
rev_cfe3443e5ff7efe5adf3,prod_1aac77da65d619e6240f,var_811e9c78b377b4e4453c,cust_b46fe354753ef5fcce43,3,Solid daily gear. Fit was true to size for me.,positive,runs_large,2026-05-10T07:57:06.000Z
rev_c17638c40caed4841b69,prod_4fb11ac857411bda88a4,var_85a21cc286764b196eba,cust_4a90b33997f0b18abe93,5,"Good quality, but delivery took longer than expected.",positive,true_to_size,2026-04-28T09:52:47.000Z
rev_ed9d5340b278d11e5deb,prod_2efa0aed0d6e67ecae58,var_b54607373ac7bafb02f6,cust_da0c7d87cb59be41e7b6,3,Solid daily gear. Fit was true to size for me.,positive,runs_small,2026-04-29T09:09:25.000Z
rev_000b2f9e3aec51281265,prod_ee93d55d30addeff6954,var_8d654d633876e75e4317,cust_d907782f7f4bd245d722,5,Loved the fabric and bought a second color.,positive,true_to_size,2026-05-11T19:17:53.000Z
rev_36fbe961abc6501ad50c,prod_0189531a36c049171820,var_00df6f028ceddde26b68,cust_ea591095ccacc8625c33,4,Comfortable on long runs and held up well after washing.,positive,true_to_size,2026-05-11T12:02:51.000Z
rev_d776881df990b4b2171a,prod_2efa0aed0d6e67ecae58,var_2a91c104878870f34df4,cust_cdc2ca99ddaf6c5f9e8d,5,"Lightweight feel, but I would size up next time.",positive,true_to_size,2026-05-01T18:48:42.000Z
rev_26d07b0506cace0c6234,prod_1aac77da65d619e6240f,var_0249455f35a9dd408d40,cust_6eab7611d16fd88eac5e,3,Great race day option and the color looks sharp.,negative,true_to_size,2026-05-02T17:13:46.000Z
rev_7670ef6c18c242a8d592,prod_0189531a36c049171820,var_7c8a95c30a2e093e0468,cust_6eab7611d16fd88eac5e,4,Comfortable on long runs and held up well after washing.,positive,true_to_size,2026-04-30T13:15:32.000Z
rev_5683a507e9b7ba023c46,prod_ee93d55d30addeff6954,var_0b6ca25661b3bea06ed9,cust_df37d1e9d455e7444df9,5,Solid daily gear. Fit was true to size for me.,positive,true_to_size,2026-05-13T14:37:12.000Z
rev_e207b211a2bcb0439a1e,prod_438a44848bc196e6d975,var_6820abf40d03602f4536,cust_df37d1e9d455e7444df9,4,Comfortable on long runs and held up well after washing.,positive,true_to_size,2026-05-02T17:36:43.000Z
rev_7c485efc7447af1c2414,prod_438a44848bc196e6d975,var_2ea4bbd80d521a5e2104,cust_2202e581f1f9cca49c5b,3,Solid daily gear. Fit was true to size for me.,positive,true_to_size,2026-05-02T11:32:27.000Z
rev_54e74815475060c0126f,prod_0189531a36c049171820,var_51f120a7b2c0d86f9a2b,cust_3c55eb51dd1974d3436c,3,Comfortable on long runs and held up well after washing.,positive,true_to_size,2026-05-12T21:45:06.000Z
rev_6250cbe1c3ac18e4a7fb,prod_4fb11ac857411bda88a4,var_dc811c3db2dffa2b4d77,cust_53816a2f726843a07bed,5,"Lightweight feel, but I would size up next time.",positive,runs_small,2026-05-07T22:03:41.000Z
rev_6ca7f0ab51c9eefce470,prod_d43b2cf8fa29d7ae9b37,var_4bc34e01cda1012288f6,cust_228cc5fa8ecf2470be45,3,Great race day option and the color looks sharp.,positive,runs_large,2026-04-29T09:27:47.000Z
rev_2ef57396e190172392b5,prod_2efa0aed0d6e67ecae58,var_ffa3148e0ee7668d8f30,cust_d9ffd698fa3b21b10809,5,Great race day option and the color looks sharp.,positive,true_to_size,2026-05-07T21:14:22.000Z
rev_c72dc1d55dff6fc31acb,prod_d43b2cf8fa29d7ae9b37,var_2cc49091108ce06c317f,cust_313d9750695e14315972,5,Comfortable on long runs and held up well after washing.,positive,true_to_size,2026-05-01T18:02:38.000Z
rev_82f342ac62598c4a5ffc,prod_ebe756215bbfcde882c1,var_d93959e68a9c1ed24606,cust_f8cdc7d9ce71d7feefee,2,Great race day option and the color looks sharp.,neutral,runs_small,2026-05-13T08:49:18.000Z
rev_2277c5d862a0346ac097,prod_ee93d55d30addeff6954,var_85fb0baa8d121f327944,cust_da0c7d87cb59be41e7b6,4,Solid daily gear. Fit was true to size for me.,positive,true_to_size,2026-05-04T08:19:17.000Z
rev_9bd7ba825f51cc7fa0c6,prod_438a44848bc196e6d975,var_a7daae96f9b2f50dfdef,cust_92a513db2eaaad848be5,5,Great race day option and the color looks sharp.,positive,true_to_size,2026-05-03T08:47:23.000Z
rev_f2d43c2b39b7b31b7655,prod_d43b2cf8fa29d7ae9b37,var_17f58fc6b2961004e931,cust_bb45db0341107d136289,4,"Good quality, but delivery took longer than expected.",neutral,runs_small,2026-04-30T19:42:00.000Z
rev_03b3005ea53a972dfbcc,prod_72dfeba4701d415d317a,var_3095fdb99afdb37f42a9,cust_f22dd7b4e03a1904a4e3,3,"Lightweight feel, but I would size up next time.",neutral,true_to_size,2026-05-02T21:45:41.000Z
rev_5f2993eaf93f4595d086,prod_4fb11ac857411bda88a4,var_94b54f7c484f05634866,cust_f22dd7b4e03a1904a4e3,2,Great race day option and the color looks sharp.,positive,true_to_size,2026-04-28T06:42:42.000Z
rev_f5cc30c836309edfa9bf,prod_d43b2cf8fa29d7ae9b37,var_e458e9983f2d79d6ed15,cust_0d361f99291bdca70b61,2,Solid daily gear. Fit was true to size for me.,neutral,true_to_size,2026-05-04T21:24:39.000Z
rev_2dafdb1b669bca0cbce2,prod_72dfeba4701d415d317a,var_8a23a15f6866bdee9409,cust_600a5a577e4f51dddba3,5,Great race day option and the color looks sharp.,positive,runs_small,2026-05-11T12:26:24.000Z
rev_aeb7ee4f3ee4b2d30e0b,prod_438a44848bc196e6d975,var_a7daae96f9b2f50dfdef,cust_447ef7cc78511b6012dd,5,"Good quality, but delivery took longer than expected.",positive,true_to_size,2026-05-01T11:47:16.000Z
rev_c31120e24f79bd079386,prod_4fb11ac857411bda88a4,var_48589628c217474fe88e,cust_debfee9380f646c4ea97,5,"Good quality, but delivery took longer than expected.",positive,true_to_size,2026-05-10T16:04:16.000Z
rev_93e1a0ffac64143ac336,prod_2efa0aed0d6e67ecae58,var_53840b82f1f41986b97b,cust_e1f5b0abb2f3caac9ec9,5,"Good quality, but delivery took longer than expected.",positive,true_to_size,2026-05-05T10:41:10.000Z
rev_cd04d65bb445344bbb87,prod_0189531a36c049171820,var_a11d1e73dd135e3f1cb9,cust_40c0e309f58168c9ab45,3,"Lightweight feel, but I would size up next time.",positive,true_to_size,2026-05-11T10:02:27.000Z
rev_98330735375f3f27ddcf,prod_ee93d55d30addeff6954,var_43a5f128559af0f8f854,cust_01d92416bee29fd654e8,3,Solid daily gear. Fit was true to size for me.,positive,runs_small,2026-05-12T23:13:11.000Z
rev_4213b336208158d7372a,prod_0189531a36c049171820,var_e7d27b69dfb62d802fec,cust_501a9ce8fd448c673fba,2,Solid daily gear. Fit was true to size for me.,positive,true_to_size,2026-05-07T23:36:30.000Z
rev_6a64f8b70470197f4cf1,prod_ee93d55d30addeff6954,var_bd31f3105de2d7714577,cust_501a9ce8fd448c673fba,4,Great race day option and the color looks sharp.,neutral,true_to_size,2026-04-29T19:29:06.000Z
rev_4900ecb240e1c475e514,prod_0189531a36c049171820,var_3827fef61cdfb42fbde9,cust_6fb45b9045e30e1881ea,3,"Lightweight feel, but I would size up next time.",neutral,runs_small,2026-05-02T07:46:31.000Z
rev_4a3631c9ab27970f25fe,prod_ea26883fb1deabd15141,var_a18ec8356e2d553dbf65,cust_1e77ca5512954599d49f,4,Great race day option and the color looks sharp.,positive,true_to_size,2026-05-01T12:01:55.000Z
rev_4fd32d50ed9778da529f,prod_2efa0aed0d6e67ecae58,var_5414ce2508350e24da4d,cust_d9915243d727d575caeb,5,"Lightweight feel, but I would size up next time.",positive,true_to_size,2026-04-30T23:13:17.000Z
rev_850dd03fcb15cebc9b14,prod_ea26883fb1deabd15141,var_8d5d2d5c13ed45a481ad,cust_74263f855f88d4f15a6a,4,Solid daily gear. Fit was true to size for me.,negative,true_to_size,2026-05-02T23:43:25.000Z
rev_2a2e7f9b43912109efd8,prod_1aac77da65d619e6240f,var_fada642b3d793e48890b,cust_92a513db2eaaad848be5,5,Solid daily gear. Fit was true to size for me.,neutral,true_to_size,2026-05-14T08:51:11.000Z
rev_ede4ccf86ac1087e8e0d,prod_ee93d55d30addeff6954,var_85fb0baa8d121f327944,cust_d088611ee64ccd0a6f41,4,"Good quality, but delivery took longer than expected.",positive,true_to_size,2026-05-06T16:22:43.000Z
rev_2bdfc3f2da78fda0b21a,prod_72dfeba4701d415d317a,var_0088bda42ae04ba0e6f0,cust_f82cef94082cec944669,4,Comfortable on long runs and held up well after washing.,positive,true_to_size,2026-05-04T18:13:24.000Z
rev_cb9f1292aa2331d6ef0a,prod_ebe756215bbfcde882c1,var_84ff60b1ac8610102053,cust_f799e012b63138f36124,5,"Good quality, but delivery took longer than expected.",positive,true_to_size,2026-05-15T08:16:22.000Z
rev_dbae7adca0592280b4c0,prod_d43b2cf8fa29d7ae9b37,var_d3aca37c9bca975444e2,cust_9f0976672bddfd04ee47,5,"Good quality, but delivery took longer than expected.",neutral,true_to_size,2026-05-13T21:08:18.000Z
rev_c8dabaec55d7e161eee5,prod_0189531a36c049171820,var_03627cfde38743cff6a4,cust_fc307cd5a4c67735d6fe,5,Comfortable on long runs and held up well after washing.,positive,true_to_size,2026-05-07T14:35:09.000Z
rev_b7dce1d35e22fa5178b9,prod_4fb11ac857411bda88a4,var_48589628c217474fe88e,cust_fc307cd5a4c67735d6fe,5,Solid daily gear. Fit was true to size for me.,negative,true_to_size,2026-05-15T21:59:04.000Z
rev_d5ccd526306a6605affd,prod_ee93d55d30addeff6954,var_1b8f63ab3f5e208113ca,cust_cdb0ce59d877631e9274,4,Loved the fabric and bought a second color.,positive,true_to_size,2026-05-12T12:30:46.000Z
rev_bba3a61dc1efa29797ba,prod_d43b2cf8fa29d7ae9b37,var_e458e9983f2d79d6ed15,cust_76a55613f59923e6d612,5,Great race day option and the color looks sharp.,positive,true_to_size,2026-05-11T12:20:41.000Z
rev_24f29b6ecc5b356ed0a0,prod_d43b2cf8fa29d7ae9b37,var_1281ece6b89ebbdd0340,cust_8f40eb3762adfa3b4cf2,5,Solid daily gear. Fit was true to size for me.,negative,runs_small,2026-05-14T18:11:45.000Z
rev_1e13dc14cd77c4710ae3,prod_ea26883fb1deabd15141,var_def87b80ab2972f8be9d,cust_96abe667a8296531b8f6,5,Great race day option and the color looks sharp.,positive,true_to_size,2026-05-14T17:29:30.000Z
rev_75befd1764f32ea8cf48,prod_0189531a36c049171820,var_ab88c6de58ee2fcdf9e4,cust_f343522eb5d38164b409,4,Solid daily gear. Fit was true to size for me.,positive,true_to_size,2026-05-01T22:01:01.000Z
rev_63b85389afa535162ac2,prod_72dfeba4701d415d317a,var_8a23a15f6866bdee9409,cust_30f13796e4470dfd26c2,5,Loved the fabric and bought a second color.,positive,runs_small,2026-05-13T17:58:26.000Z
rev_559707eb72ededb995ef,prod_0189531a36c049171820,var_b30af374f3e8523449d6,cust_1ad7998afff84345bca8,4,"Good quality, but delivery took longer than expected.",neutral,runs_large,2026-05-10T08:18:27.000Z
rev_21a8c9cb4cdf4e1b051b,prod_0189531a36c049171820,var_6590129bf85a309d3f8f,cust_3ff6c4bbf63c79ca19f6,4,Comfortable on long runs and held up well after washing.,positive,runs_small,2026-05-13T09:31:42.000Z
rev_b747cda8b4fa63c334db,prod_4fb11ac857411bda88a4,var_6bfb37f2e216be599dfb,cust_bb09396f094fc84678a2,4,Comfortable on long runs and held up well after washing.,positive,runs_small,2026-05-16T12:12:14.000Z
rev_bfdb3836df9ffdab290e,prod_4fb11ac857411bda88a4,var_dc811c3db2dffa2b4d77,cust_fa30208c1dc8796692bd,3,Solid daily gear. Fit was true to size for me.,positive,true_to_size,2026-05-02T08:16:37.000Z
rev_5923c8a0c7e1c7445d86,prod_438a44848bc196e6d975,var_aeba55eb9e30673a577a,cust_096db5862a733f30b5e3,5,"Good quality, but delivery took longer than expected.",neutral,true_to_size,2026-05-01T06:35:55.000Z
rev_73f8e1aff989fc4abece,prod_ea26883fb1deabd15141,var_def87b80ab2972f8be9d,cust_210f42dab2218cf01285,4,Comfortable on long runs and held up well after washing.,positive,true_to_size,2026-05-12T19:46:30.000Z
rev_4298ba1f0067de6cf1e7,prod_2efa0aed0d6e67ecae58,var_38d5b5f8cb87a53d650b,cust_7cedb95a78e355ba00a5,5,Solid daily gear. Fit was true to size for me.,negative,true_to_size,2026-05-15T06:08:53.000Z
rev_8a44cffd5d6e259c5f4c,prod_d43b2cf8fa29d7ae9b37,var_3cc406399bed25270f9e,cust_de3492a1396cb8fbf38c,5,Comfortable on long runs and held up well after washing.,positive,true_to_size,2026-05-02T22:23:16.000Z
rev_8024dc06f15c7f59c420,prod_ee93d55d30addeff6954,var_269576cae5504f7beee6,cust_2cfe6c4e051db29b6272,5,Great race day option and the color looks sharp.,neutral,runs_large,2026-05-06T06:44:40.000Z
rev_ce54136b762ee0122e4a,prod_0189531a36c049171820,var_ec38e216853971e3ca9c,cust_aa979732cc8efaf3918d,5,"Lightweight feel, but I would size up next time.",negative,runs_large,2026-05-16T22:14:07.000Z
rev_e18f84ecf23d6bf31afd,prod_ea26883fb1deabd15141,var_c95ef6026df6ba67eec8,cust_c11758eb929f1c2fee6b,3,Comfortable on long runs and held up well after washing.,positive,runs_large,2026-05-11T16:06:19.000Z
rev_8d5a3a0ea3829e92ea22,prod_2efa0aed0d6e67ecae58,var_3faf67b40721672e3de6,cust_4def9957d9c3a3e8eca4,5,Solid daily gear. Fit was true to size for me.,positive,true_to_size,2026-05-08T08:54:44.000Z
rev_f4a08a1919d98c4eae1f,prod_ebe756215bbfcde882c1,var_f9b6333510f3a2bddcce,cust_d2e7d89b9ff674cdbfc4,5,Great race day option and the color looks sharp.,positive,runs_small,2026-05-10T06:41:10.000Z
rev_25c059b17b6a732ac718,prod_d43b2cf8fa29d7ae9b37,var_4bc34e01cda1012288f6,cust_802dee1e9655530e9d44,5,"Good quality, but delivery took longer than expected.",positive,runs_large,2026-05-02T20:13:14.000Z
rev_d4635b4849904fe512fc,prod_438a44848bc196e6d975,var_a7daae96f9b2f50dfdef,cust_3086392983eb9effb4e4,4,"Good quality, but delivery took longer than expected.",neutral,runs_small,2026-05-16T22:36:37.000Z
rev_7b852e25b798419e3f6d,prod_4fb11ac857411bda88a4,var_55e00ca073f61b9775de,cust_094899b9dc8467ce3f07,4,Great race day option and the color looks sharp.,positive,true_to_size,2026-05-16T18:21:49.000Z
rev_e63ff563090a1fd709e9,prod_d43b2cf8fa29d7ae9b37,var_caae1453b01f7b10b548,cust_0ff199ce78af79ec6201,3,Solid daily gear. Fit was true to size for me.,positive,true_to_size,2026-05-16T09:02:12.000Z
rev_1888209722ac283ddd7a,prod_ee93d55d30addeff6954,var_ed3640d449d418509f57,cust_95777750976fa9c4ce7e,5,"Lightweight feel, but I would size up next time.",neutral,runs_large,2026-05-02T08:29:48.000Z
rev_e1e9284239293dbe7c14,prod_2efa0aed0d6e67ecae58,var_ffa3148e0ee7668d8f30,cust_7703f01d22bc49fcfb16,4,Great race day option and the color looks sharp.,neutral,runs_small,2026-05-15T18:25:12.000Z
rev_79dbc76ad60e48df0ba6,prod_0189531a36c049171820,var_a11d1e73dd135e3f1cb9,cust_c6ae751c3a3e71c3f86a,1,"Good quality, but delivery took longer than expected.",positive,true_to_size,2026-05-07T18:43:47.000Z
rev_03ac0962c644b36c9048,prod_438a44848bc196e6d975,var_508fbb721d582106874e,cust_c6ae751c3a3e71c3f86a,2,Comfortable on long runs and held up well after washing.,negative,true_to_size,2026-05-06T17:21:42.000Z
rev_63b6d487a4b67135ed5b,prod_2efa0aed0d6e67ecae58,var_5e478e2b39c40398fb76,cust_cce75e8b4a0e1584bf8d,2,Great race day option and the color looks sharp.,neutral,runs_small,2026-05-09T14:51:25.000Z
rev_7809c96fbb4d53e3bbc8,prod_0189531a36c049171820,var_6590129bf85a309d3f8f,cust_75ac67f330017e0171cf,5,Great race day option and the color looks sharp.,positive,runs_small,2026-05-18T22:10:46.000Z
rev_4f1362587d72646be01b,prod_ee93d55d30addeff6954,var_1c227362843cad63ec2d,cust_b57181827b8c8d613a68,5,Great race day option and the color looks sharp.,positive,true_to_size,2026-05-14T15:32:13.000Z
rev_a1546d2e9b931f610c24,prod_0189531a36c049171820,var_a11d1e73dd135e3f1cb9,cust_c99b450a43e647ce8a8e,3,Comfortable on long runs and held up well after washing.,positive,true_to_size,2026-05-17T13:13:14.000Z
rev_061de59a9522ce7f7620,prod_438a44848bc196e6d975,var_0b5c0ad0f1e4e8da6ed8,cust_67eebda896395a8819e2,2,Loved the fabric and bought a second color.,positive,true_to_size,2026-05-11T20:20:11.000Z
rev_67f4ae4d4fe4b381538f,prod_4fb11ac857411bda88a4,var_8c55152214d872854644,cust_ada607b5f9303abc5aa7,2,Solid daily gear. Fit was true to size for me.,positive,runs_small,2026-05-15T16:48:50.000Z
rev_8958ddcf070ecb7db101,prod_2efa0aed0d6e67ecae58,var_1a3c43e3bd57b167f4c1,cust_ddd9bd70b9465e68d869,4,"Lightweight feel, but I would size up next time.",positive,runs_small,2026-05-09T20:31:20.000Z
rev_b4033b876e2ca4fc28ec,prod_0189531a36c049171820,var_6590129bf85a309d3f8f,cust_3bc14861afc0234837a6,5,Comfortable on long runs and held up well after washing.,negative,runs_large,2026-05-06T20:23:22.000Z
rev_e9d15210952bef046cca,prod_ea26883fb1deabd15141,var_8d5d2d5c13ed45a481ad,cust_ac134c083581e3cd5179,5,Great race day option and the color looks sharp.,positive,true_to_size,2026-05-15T14:03:01.000Z
rev_41cf30f3cf388fe9fd3c,prod_ee93d55d30addeff6954,var_075418ff0be5cdb7558e,cust_1f1c412c9122bcb921b8,5,Great race day option and the color looks sharp.,positive,true_to_size,2026-05-16T06:12:20.000Z
rev_91115fbc5ad49498ccd3,prod_1aac77da65d619e6240f,var_e865328517c3330f1431,cust_d6af36285aebfc4502ee,3,Comfortable on long runs and held up well after washing.,negative,true_to_size,2026-05-16T17:54:51.000Z
rev_243a14671fdead91a5e8,prod_2efa0aed0d6e67ecae58,var_ffa3148e0ee7668d8f30,cust_d6af36285aebfc4502ee,5,Loved the fabric and bought a second color.,positive,true_to_size,2026-05-15T21:48:31.000Z
rev_ae9b318e97f0d9079490,prod_0189531a36c049171820,var_03627cfde38743cff6a4,cust_a169c4adfcb98c75eb75,5,Comfortable on long runs and held up well after washing.,positive,true_to_size,2026-05-14T09:55:37.000Z
rev_1c4b01619182a5b75e09,prod_72dfeba4701d415d317a,var_7a9bd3c5007019c19bfe,cust_12bec46211253dbbc359,4,Great race day option and the color looks sharp.,negative,true_to_size,2026-05-09T14:34:26.000Z
rev_1b00f6b686fdc0384829,prod_ee93d55d30addeff6954,var_422a1ef6d8410f6c318d,cust_f62ea95a6d2d90d94e03,3,"Lightweight feel, but I would size up next time.",negative,true_to_size,2026-05-03T21:47:28.000Z
rev_ffc3cad0e98108368aa2,prod_438a44848bc196e6d975,var_eaa58626775f5e10787c,cust_f62ea95a6d2d90d94e03,5,Great race day option and the color looks sharp.,positive,true_to_size,2026-05-04T19:56:38.000Z
rev_da7bd56be9fa4a771536,prod_438a44848bc196e6d975,var_d7120c7c2177c417b214,cust_de3200e02e79b078e4cc,4,Loved the fabric and bought a second color.,positive,runs_large,2026-05-10T17:21:01.000Z
rev_61d09cbd87e94179ef84,prod_72dfeba4701d415d317a,var_c1969c0733b4dc908af7,cust_6eab7611d16fd88eac5e,5,Great race day option and the color looks sharp.,positive,true_to_size,2026-05-07T23:02:07.000Z
rev_793d3d80a01a5906f6b6,prod_4fb11ac857411bda88a4,var_77f9b98f706e27f8d8f9,cust_41202427d0a4b2e56ad7,2,Loved the fabric and bought a second color.,neutral,runs_small,2026-05-04T22:47:08.000Z
rev_45f6fc4a16e91b05b7e5,prod_ebe756215bbfcde882c1,var_f9b6333510f3a2bddcce,cust_74cb295ae84642d74381,5,Great race day option and the color looks sharp.,neutral,true_to_size,2026-05-14T14:34:14.000Z
rev_64c1ee4c825a51a372b4,prod_4fb11ac857411bda88a4,var_58a00b869159191e4ac9,cust_9b0c7598f1c91b2c5c57,3,"Good quality, but delivery took longer than expected.",neutral,true_to_size,2026-05-09T16:27:51.000Z
rev_a397f5d047027f891ba9,prod_ebe756215bbfcde882c1,var_d93959e68a9c1ed24606,cust_5288e8a82a84b2fee4dd,5,Loved the fabric and bought a second color.,neutral,true_to_size,2026-05-19T16:52:32.000Z
rev_85fb2ae247bb163166e7,prod_4fb11ac857411bda88a4,var_77f9b98f706e27f8d8f9,cust_fc9c75285535b4b79fcb,5,Solid daily gear. Fit was true to size for me.,positive,true_to_size,2026-05-09T15:36:44.000Z
rev_a6f932f00f92b743d7c6,prod_4fb11ac857411bda88a4,var_8d03581fc9e13826e5f0,cust_5abcd80406ecd75d9c7d,4,"Lightweight feel, but I would size up next time.",positive,true_to_size,2026-05-07T14:35:43.000Z
rev_75bbd97a1633a5355231,prod_d43b2cf8fa29d7ae9b37,var_1375ba8c6f393210c436,cust_5abcd80406ecd75d9c7d,4,Solid daily gear. Fit was true to size for me.,positive,true_to_size,2026-05-06T16:02:37.000Z
rev_8bc0898f6b1b7a994630,prod_ebe756215bbfcde882c1,var_1712a2d5f6a5d208055e,cust_9b28ab6acc6d0429690f,5,"Good quality, but delivery took longer than expected.",positive,true_to_size,2026-05-15T22:54:32.000Z
rev_acce307c969684ae4b5d,prod_ee93d55d30addeff6954,var_30fe308642c7372a4c55,cust_d34e9c27696bb0ad05f1,5,"Lightweight feel, but I would size up next time.",positive,runs_large,2026-05-12T18:34:36.000Z
rev_ffae3b302534f48d80fc,prod_d43b2cf8fa29d7ae9b37,var_41628dba54c9c6861c9d,cust_38e50d5c95790c992825,4,"Lightweight feel, but I would size up next time.",positive,true_to_size,2026-05-06T09:31:32.000Z
rev_4c65d477ff38266c655e,prod_4fb11ac857411bda88a4,var_78ce2ee3c901aabec73e,cust_217070f56f4c8746d273,4,Great race day option and the color looks sharp.,neutral,true_to_size,2026-05-10T13:17:23.000Z
rev_8c6b171caa08f5bc1861,prod_ee93d55d30addeff6954,var_a0efe0997b6073b5e9d5,cust_decf533ee960b29ed93a,5,"Good quality, but delivery took longer than expected.",positive,true_to_size,2026-05-11T10:01:32.000Z
rev_8851988232bcbfb2f97a,prod_438a44848bc196e6d975,var_6820abf40d03602f4536,cust_acdfaa11a9b5b1044f11,3,Comfortable on long runs and held up well after washing.,positive,true_to_size,2026-05-18T08:32:05.000Z
rev_e66f117be3e340af3664,prod_d43b2cf8fa29d7ae9b37,var_1281ece6b89ebbdd0340,cust_f460cf6004119eacc836,3,Great race day option and the color looks sharp.,positive,true_to_size,2026-05-12T09:41:37.000Z
rev_af8be35cbbbca974279b,prod_d87cfc68d1aef053d198,var_7867058976a19bca1d0d,cust_c5be1ef0fbc9aa0ad105,3,Loved the fabric and bought a second color.,positive,true_to_size,2026-05-18T08:45:06.000Z
rev_0b70049b4ad0ddd63337,prod_1aac77da65d619e6240f,var_827c52ca8f98abbcdae2,cust_f460cf6004119eacc836,5,"Lightweight feel, but I would size up next time.",positive,true_to_size,2026-05-11T06:41:15.000Z
rev_07063fbebd030d272ba2,prod_d43b2cf8fa29d7ae9b37,var_c313512d9379d00efca9,cust_fbe646c5e0481154026d,2,Solid daily gear. Fit was true to size for me.,positive,true_to_size,2026-05-12T07:54:53.000Z
rev_09d809b424356b732191,prod_ebe756215bbfcde882c1,var_0c2a56074856654cc09c,cust_fbe646c5e0481154026d,5,Loved the fabric and bought a second color.,positive,true_to_size,2026-05-08T23:37:28.000Z
rev_4d7da8b1e74da3862d4e,prod_4fb11ac857411bda88a4,var_8d03581fc9e13826e5f0,cust_d5fd1bec62f1d3fa4437,5,Loved the fabric and bought a second color.,negative,true_to_size,2026-05-11T23:21:07.000Z
rev_a17ce1e80eeb45b186df,prod_d43b2cf8fa29d7ae9b37,var_aa050b328bd26312a85e,cust_ce27dd2c8c7bf358adda,1,Solid daily gear. Fit was true to size for me.,positive,true_to_size,2026-05-06T09:33:51.000Z
rev_1b9a4ff714c01f3b7607,prod_ee93d55d30addeff6954,var_43a5f128559af0f8f854,cust_bc6c1c22e634feab6593,5,"Lightweight feel, but I would size up next time.",positive,true_to_size,2026-05-17T06:34:43.000Z
rev_8cc1a3815e12f6bd132b,prod_d43b2cf8fa29d7ae9b37,var_d8747d212def9f4c3e80,cust_1ebe1e9252b56f9112f9,2,Loved the fabric and bought a second color.,positive,true_to_size,2026-05-06T15:30:02.000Z
rev_6e0c47fdfbc84c1d52e7,prod_4fb11ac857411bda88a4,var_48589628c217474fe88e,cust_d2e44ea691d69bf4743b,3,"Lightweight feel, but I would size up next time.",negative,true_to_size,2026-05-11T23:13:02.000Z
rev_deffea8469c62d1223d7,prod_438a44848bc196e6d975,var_f6a18c0e86b9ac9532f4,cust_d34e9c27696bb0ad05f1,5,Solid daily gear. Fit was true to size for me.,positive,runs_large,2026-05-12T06:53:17.000Z
rev_76d4a13c6752cbe2d8b5,prod_2efa0aed0d6e67ecae58,var_6dfdc29a2a61c6f5087f,cust_ec641c85978c2b46c333,3,"Lightweight feel, but I would size up next time.",neutral,true_to_size,2026-05-06T18:01:06.000Z
rev_89db2e072bee4269fd5b,prod_72dfeba4701d415d317a,var_8856a9a1708ad62e3b1d,cust_b4d77dca6cf8d726b445,4,Loved the fabric and bought a second color.,positive,true_to_size,2026-05-10T12:56:00.000Z
rev_e12590f2eaf184481a59,prod_ee93d55d30addeff6954,var_acf7ad33d8cefca798db,cust_abc53a8a715b6a1e1f69,4,Great race day option and the color looks sharp.,positive,runs_large,2026-05-10T08:20:30.000Z
rev_b44b039b987c58a53aaa,prod_1aac77da65d619e6240f,var_44f43fafea7f397d29fa,cust_97f12f77fd6d57066f85,5,Comfortable on long runs and held up well after washing.,positive,true_to_size,2026-05-08T13:45:50.000Z
rev_87500d27205ec0cd376a,prod_0189531a36c049171820,var_03627cfde38743cff6a4,cust_28170c441b3bd119f788,2,"Good quality, but delivery took longer than expected.",positive,true_to_size,2026-05-19T13:02:55.000Z
rev_0a9d1bc50af195cb57b0,prod_72dfeba4701d415d317a,var_3095fdb99afdb37f42a9,cust_28170c441b3bd119f788,5,Solid daily gear. Fit was true to size for me.,positive,true_to_size,2026-05-18T08:12:26.000Z
rev_e50f27f9f343240eeed6,prod_d43b2cf8fa29d7ae9b37,var_13c3ed1f6d0b19413901,cust_6b27d2ac0e52d35bbab1,4,"Lightweight feel, but I would size up next time.",positive,runs_large,2026-05-12T17:47:37.000Z
rev_e45c29f74194cd156f91,prod_d43b2cf8fa29d7ae9b37,var_db3c0fa83abed429ed33,cust_843ffe99961bec6399d9,5,Great race day option and the color looks sharp.,negative,runs_small,2026-05-18T23:02:22.000Z
rev_9761fa4e45dd22a878e0,prod_ee93d55d30addeff6954,var_9f281e7cd219f0029526,cust_843ffe99961bec6399d9,4,Loved the fabric and bought a second color.,neutral,runs_small,2026-05-08T17:52:12.000Z
rev_11524744dcf57f47037f,prod_d87cfc68d1aef053d198,var_7867058976a19bca1d0d,cust_52526c5ec1b45e715b25,5,Solid daily gear. Fit was true to size for me.,positive,true_to_size,2026-05-16T21:39:38.000Z
rev_2f21505166fcfadef09d,prod_ee93d55d30addeff6954,var_1b8f63ab3f5e208113ca,cust_0f2b246cdb7bd6fc7d5e,5,Great race day option and the color looks sharp.,positive,runs_small,2026-05-06T22:59:17.000Z
rev_74507f1490acde1af1f6,prod_0189531a36c049171820,var_e1d35731895df46c299d,cust_e68cf0d28ceb7a04ca06,5,Comfortable on long runs and held up well after washing.,positive,true_to_size,2026-05-12T22:39:11.000Z
rev_3bdc071f7552548348b2,prod_72dfeba4701d415d317a,var_a4481e5f98f473cda093,cust_d162b656ab43795dab0a,4,Loved the fabric and bought a second color.,positive,true_to_size,2026-05-10T07:28:41.000Z
rev_dcc2b00cef08ff07a79b,prod_4fb11ac857411bda88a4,var_94b54f7c484f05634866,cust_e8d2d34572e993031c16,5,Comfortable on long runs and held up well after washing.,neutral,true_to_size,2026-05-13T17:53:21.000Z
rev_92a9bb0271505faae586,prod_1aac77da65d619e6240f,var_fada642b3d793e48890b,cust_b3af745cd1ff71e15df8,4,Great race day option and the color looks sharp.,negative,runs_small,2026-05-14T15:46:22.000Z
rev_4a55e524c53df6c34f1c,prod_ee93d55d30addeff6954,var_c9ae287d0fd94aec879d,cust_b3af745cd1ff71e15df8,5,"Lightweight feel, but I would size up next time.",positive,true_to_size,2026-05-15T18:44:30.000Z
rev_dc85a5b2373059ba8091,prod_2efa0aed0d6e67ecae58,var_ffa3148e0ee7668d8f30,cust_93695fe7ed6c7f63f34d,5,Comfortable on long runs and held up well after washing.,positive,runs_large,2026-05-19T21:49:47.000Z
rev_12ddc54dd158a05a1599,prod_0189531a36c049171820,var_00c1c82f6d8a8b24ddf5,cust_ada607b5f9303abc5aa7,4,"Lightweight feel, but I would size up next time.",positive,true_to_size,2026-05-21T23:58:22.000Z
rev_da0df256578e7495714e,prod_2efa0aed0d6e67ecae58,var_ef0af573f8034823d555,cust_fb76cd1b34fc2791785c,5,"Lightweight feel, but I would size up next time.",negative,true_to_size,2026-05-13T22:51:39.000Z
rev_c5f4aedc7cc9d7baf8b7,prod_ee93d55d30addeff6954,var_c9ae287d0fd94aec879d,cust_848ebf52158799e13ecc,4,Comfortable on long runs and held up well after washing.,positive,true_to_size,2026-05-12T23:38:11.000Z
rev_f45f9b6fa970cc611868,prod_d43b2cf8fa29d7ae9b37,var_a2c2c81c60e69fda9995,cust_7f893780af2223137b79,5,Great race day option and the color looks sharp.,positive,runs_small,2026-05-18T10:57:30.000Z
rev_e80b2c78c3b94addbecc,prod_ee93d55d30addeff6954,var_c9ae287d0fd94aec879d,cust_2d5903911e98fa91f2d6,4,"Lightweight feel, but I would size up next time.",positive,runs_small,2026-05-07T08:41:32.000Z
rev_abc2fce920537c8f71c5,prod_438a44848bc196e6d975,var_d1592d795041e81f6c4e,cust_a66aba358e4326234179,5,Comfortable on long runs and held up well after washing.,positive,true_to_size,2026-05-09T07:55:02.000Z
rev_1eafa18a4c8c9f46e229,prod_4fb11ac857411bda88a4,var_6bfb37f2e216be599dfb,cust_f8cdc7d9ce71d7feefee,5,"Good quality, but delivery took longer than expected.",positive,runs_small,2026-05-17T20:28:07.000Z
rev_2538e3fe619c37201af5,prod_2efa0aed0d6e67ecae58,var_d206780fbe564728bf65,cust_c5d8a3cd2be8c520dcff,5,Great race day option and the color looks sharp.,neutral,true_to_size,2026-05-18T14:17:22.000Z
rev_111d578bd88d722c3e31,prod_72dfeba4701d415d317a,var_c1969c0733b4dc908af7,cust_ac409461a3a4a394d0b4,5,Great race day option and the color looks sharp.,positive,runs_large,2026-05-13T06:17:52.000Z
rev_c0ab8d609dded448d758,prod_4fb11ac857411bda88a4,var_acbadd53c4704809d846,cust_5cd00214a3d7776aa2ed,5,"Lightweight feel, but I would size up next time.",positive,true_to_size,2026-05-10T08:01:02.000Z
rev_8013ee002d17010148bc,prod_0189531a36c049171820,var_3827fef61cdfb42fbde9,cust_7476b81c52a1674cb4cb,4,Comfortable on long runs and held up well after washing.,neutral,true_to_size,2026-05-16T06:11:26.000Z
rev_6b4dde8d80cda1fd89a8,prod_72dfeba4701d415d317a,var_a4481e5f98f473cda093,cust_36ec97b07db8281c5a3c,4,Great race day option and the color looks sharp.,positive,true_to_size,2026-05-19T17:52:22.000Z
rev_cf1d04c4db279763b617,prod_2efa0aed0d6e67ecae58,var_d206780fbe564728bf65,cust_1333e0bee295f984813d,5,"Good quality, but delivery took longer than expected.",neutral,true_to_size,2026-05-15T11:24:45.000Z
rev_da279eab38b789d38ac9,prod_4fb11ac857411bda88a4,var_9ddc10ac2aa76ca09954,cust_a94655c92fcbb4d5c0e6,4,Comfortable on long runs and held up well after washing.,negative,true_to_size,2026-05-23T20:49:15.000Z
rev_d41b1203758226ee6424,prod_2efa0aed0d6e67ecae58,var_7f3a3296ffbd820f7f55,cust_24fbfabb42203eb52212,4,Solid daily gear. Fit was true to size for me.,positive,true_to_size,2026-05-17T15:59:22.000Z
rev_404bbd56c084c48c5150,prod_72dfeba4701d415d317a,var_07a3825bb8e2e492b76b,cust_fbf68df4bc3cd49a2fb6,5,"Good quality, but delivery took longer than expected.",positive,true_to_size,2026-05-13T20:02:59.000Z
rev_0c76f846f7b0fca7ee37,prod_0189531a36c049171820,var_617730612696e695ed41,cust_2caf006c88258b4e6871,2,"Lightweight feel, but I would size up next time.",positive,true_to_size,2026-05-10T13:44:35.000Z
rev_4a1d3d4e96e75835d912,prod_438a44848bc196e6d975,var_410af979ba0b61e8b1fa,cust_2caf006c88258b4e6871,5,"Good quality, but delivery took longer than expected.",positive,true_to_size,2026-05-18T09:02:15.000Z
rev_9b25617151f4b56d439e,prod_ebe756215bbfcde882c1,var_5d625c4bbaa3b689d1db,cust_5f4e42e80a7a38703708,5,Solid daily gear. Fit was true to size for me.,positive,true_to_size,2026-05-18T17:24:06.000Z
rev_0b618bbffa3489ab0af1,prod_ee93d55d30addeff6954,var_30fe308642c7372a4c55,cust_fa61386d485276a0a280,5,Great race day option and the color looks sharp.,neutral,true_to_size,2026-05-13T17:32:57.000Z
rev_3fae1c1a9095c1f931db,prod_1aac77da65d619e6240f,var_a6767a237b512235506f,cust_edbf5428bed9a81c5e40,4,"Lightweight feel, but I would size up next time.",positive,true_to_size,2026-05-22T18:47:26.000Z
rev_9bab2ded2e74181ada6c,prod_1aac77da65d619e6240f,var_3971b7f2774b1e5a316d,cust_abc53a8a715b6a1e1f69,5,Great race day option and the color looks sharp.,positive,true_to_size,2026-05-16T10:55:59.000Z
rev_ff8c403ec9986919bb62,prod_d43b2cf8fa29d7ae9b37,var_a2c2c81c60e69fda9995,cust_7068aff345862ada961b,4,Solid daily gear. Fit was true to size for me.,neutral,true_to_size,2026-05-13T23:41:54.000Z
rev_3defca4a4a33fb778393,prod_0189531a36c049171820,var_00c1c82f6d8a8b24ddf5,cust_638082418b811a004e60,5,Great race day option and the color looks sharp.,positive,true_to_size,2026-05-13T11:36:00.000Z
rev_f44b87c9a8200ccae2cd,prod_ee93d55d30addeff6954,var_85fb0baa8d121f327944,cust_4b4ed8006728ba36de20,3,Loved the fabric and bought a second color.,positive,true_to_size,2026-05-24T13:52:15.000Z
rev_65d8870a30bd774738e6,prod_1aac77da65d619e6240f,var_30a71ca69a0597e20603,cust_821bda0bd0aa72b0d0eb,4,"Lightweight feel, but I would size up next time.",positive,true_to_size,2026-05-18T21:55:07.000Z
rev_e523d8cff7897b837da9,prod_30d7a0ddc2ef16ba66b9,var_cb896475831a28934bfe,cust_6669dbf029bc62f7209b,5,Solid daily gear. Fit was true to size for me.,positive,true_to_size,2026-05-20T20:03:00.000Z
rev_b5e81b9b6077532633f3,prod_438a44848bc196e6d975,var_823a189d514c6e10865d,cust_29aa550b3515bebf5110,4,Great race day option and the color looks sharp.,positive,runs_small,2026-05-18T18:01:39.000Z
rev_e00c40c7100efb3ba2d8,prod_1aac77da65d619e6240f,var_3a2e554b388bcfe86ab3,cust_2a3f4a0c5cd3102ad2b6,5,"Good quality, but delivery took longer than expected.",neutral,true_to_size,2026-05-16T21:25:38.000Z
rev_89c69a6f956c703ee2fb,prod_d43b2cf8fa29d7ae9b37,var_a2c2c81c60e69fda9995,cust_e02e96943f1433bc731c,4,"Good quality, but delivery took longer than expected.",positive,true_to_size,2026-05-20T23:35:20.000Z
rev_5cb1404db5dfebda2926,prod_ee93d55d30addeff6954,var_acf7ad33d8cefca798db,cust_c86df0d536073dcc0c49,4,Loved the fabric and bought a second color.,neutral,runs_small,2026-05-10T07:34:25.000Z
rev_99a00c73972745cae104,prod_438a44848bc196e6d975,var_68f5766a025554c3eaa9,cust_3c55eb51dd1974d3436c,4,Loved the fabric and bought a second color.,negative,true_to_size,2026-05-18T18:04:05.000Z
rev_cb89969465933d22e33c,prod_d43b2cf8fa29d7ae9b37,var_aa050b328bd26312a85e,cust_d035c9e34cd3c3bf0acf,5,Comfortable on long runs and held up well after washing.,positive,runs_large,2026-05-15T17:43:18.000Z
rev_cffb566f256d01b159d9,prod_0189531a36c049171820,var_e7d27b69dfb62d802fec,cust_f82cef94082cec944669,4,Great race day option and the color looks sharp.,negative,true_to_size,2026-05-14T17:18:27.000Z
rev_1f3886c7c0bf21e79244,prod_4fb11ac857411bda88a4,var_70e1c4a0d7096208c340,cust_cb5fca02f0f201d026d1,5,Solid daily gear. Fit was true to size for me.,positive,true_to_size,2026-05-24T14:36:57.000Z
rev_acea6aea993cda062725,prod_438a44848bc196e6d975,var_05e312d19f2d967b02ae,cust_ea2310d9b0beaecead4a,3,Great race day option and the color looks sharp.,negative,true_to_size,2026-05-15T11:50:29.000Z
rev_f39c0c2445740fc5f1b7,prod_30d7a0ddc2ef16ba66b9,var_cb896475831a28934bfe,cust_b46fe354753ef5fcce43,5,"Lightweight feel, but I would size up next time.",neutral,runs_small,2026-05-15T06:47:55.000Z
rev_7e82f779381626ad98e6,prod_438a44848bc196e6d975,var_05e312d19f2d967b02ae,cust_600a5a577e4f51dddba3,3,Comfortable on long runs and held up well after washing.,neutral,true_to_size,2026-05-20T14:46:47.000Z
rev_5eb282ed62d801c4fedf,prod_0189531a36c049171820,var_7657acb4edd171a3e158,cust_d12bdeb82f914ea438aa,4,"Lightweight feel, but I would size up next time.",positive,true_to_size,2026-05-11T17:48:37.000Z
rev_38d9cc9c8831f5bedc93,prod_0189531a36c049171820,var_e1d35731895df46c299d,cust_e715db4878b0d61d549c,5,Great race day option and the color looks sharp.,positive,true_to_size,2026-05-21T19:24:44.000Z
rev_7a40ddf75e56108895c3,prod_d43b2cf8fa29d7ae9b37,var_a63023dcf36046e5dc4e,cust_6b27d2ac0e52d35bbab1,4,Solid daily gear. Fit was true to size for me.,positive,true_to_size,2026-05-20T18:02:55.000Z
rev_dfb43b28dddc8caafd2e,prod_0189531a36c049171820,var_b328308955a099219aba,cust_1da7eb92b6a2d449d6a3,4,Comfortable on long runs and held up well after washing.,positive,true_to_size,2026-05-18T21:05:47.000Z
rev_bdc60d1cc13269a8c174,prod_1aac77da65d619e6240f,var_19fa5bf87e2a73901ef4,cust_324906abad94839ebe40,4,Solid daily gear. Fit was true to size for me.,neutral,true_to_size,2026-05-23T23:37:56.000Z
rev_3f9e6e23e82bd77076eb,prod_2efa0aed0d6e67ecae58,var_53840b82f1f41986b97b,cust_6ba78c22bcafa9a5a4db,5,Loved the fabric and bought a second color.,positive,true_to_size,2026-05-20T11:52:27.000Z
rev_2afb103d6b33a8f30df9,prod_438a44848bc196e6d975,var_2ea4bbd80d521a5e2104,cust_9166ac8672f599facee3,4,Solid daily gear. Fit was true to size for me.,positive,true_to_size,2026-05-11T14:59:50.000Z
rev_859db512a8122c764bbb,prod_d43b2cf8fa29d7ae9b37,var_1375ba8c6f393210c436,cust_ba1c18ca394f7dafce11,1,"Good quality, but delivery took longer than expected.",positive,true_to_size,2026-05-26T15:31:25.000Z
rev_4c7a3ea75c16bbfd232e,prod_72dfeba4701d415d317a,var_c1969c0733b4dc908af7,cust_b58ad75e0510ac038909,5,Loved the fabric and bought a second color.,positive,true_to_size,2026-05-15T15:01:47.000Z
rev_caec6e2cfee5528157ca,prod_438a44848bc196e6d975,var_05e312d19f2d967b02ae,cust_bc6c1c22e634feab6593,5,Comfortable on long runs and held up well after washing.,neutral,runs_large,2026-05-20T13:51:47.000Z
rev_80fb20af8a7352ec8ece,prod_438a44848bc196e6d975,var_eaa58626775f5e10787c,cust_5cd00214a3d7776aa2ed,4,Comfortable on long runs and held up well after washing.,positive,true_to_size,2026-05-27T11:52:17.000Z
rev_4d59c6d3f9cd3fbc035b,prod_d43b2cf8fa29d7ae9b37,var_2abdb293ed839904df8a,cust_532c9248db1677938be9,4,Great race day option and the color looks sharp.,positive,runs_small,2026-05-12T14:47:46.000Z
rev_0ee534b86e3c3375111d,prod_2efa0aed0d6e67ecae58,var_7696cc7d0631b8c9ee6f,cust_532c9248db1677938be9,5,"Good quality, but delivery took longer than expected.",positive,true_to_size,2026-05-12T15:25:02.000Z
rev_6373e05fbeaf336bd6f5,prod_1aac77da65d619e6240f,var_e91175ca45ab8fc349dc,cust_672eafd8e3cfdbdc983a,4,Solid daily gear. Fit was true to size for me.,positive,true_to_size,2026-05-19T21:11:23.000Z
rev_5edb1514f0243b7894e0,prod_ee93d55d30addeff6954,var_0b6ca25661b3bea06ed9,cust_672eafd8e3cfdbdc983a,5,"Good quality, but delivery took longer than expected.",neutral,true_to_size,2026-05-18T21:21:34.000Z
rev_107489ae89caf47a8c0d,prod_ee93d55d30addeff6954,var_b3220a2f29d9e3096a2f,cust_92a36a8de39f0876e146,5,"Good quality, but delivery took longer than expected.",positive,true_to_size,2026-05-15T11:46:13.000Z
rev_9cc6ed566c7deb136f8a,prod_4fb11ac857411bda88a4,var_71823e970238e186821c,cust_ce05675131a95a4c682c,5,Loved the fabric and bought a second color.,negative,runs_large,2026-05-18T11:06:12.000Z
rev_4a4d6340efbe7cc885ae,prod_d43b2cf8fa29d7ae9b37,var_22ec18309fa5f5e5288d,cust_317faf08907eae1755e8,5,Loved the fabric and bought a second color.,positive,true_to_size,2026-05-12T07:49:30.000Z
rev_23ec86bec5b74f18b52f,prod_ea26883fb1deabd15141,var_8d5d2d5c13ed45a481ad,cust_77039abc33b9b31063db,5,Great race day option and the color looks sharp.,positive,true_to_size,2026-05-22T09:16:16.000Z
rev_1058bd40b4b314e9cf78,prod_2efa0aed0d6e67ecae58,var_3faf67b40721672e3de6,cust_b4d36cf180adc64d0cd2,2,"Good quality, but delivery took longer than expected.",negative,true_to_size,2026-05-14T22:22:59.000Z
rev_2c7208048743fbf9df93,prod_438a44848bc196e6d975,var_84b95c9fb4b7809f8a34,cust_29aa550b3515bebf5110,3,Great race day option and the color looks sharp.,negative,true_to_size,2026-05-17T10:57:57.000Z
rev_6464319ea832c26e78f5,prod_72dfeba4701d415d317a,var_8a23a15f6866bdee9409,cust_de3492a1396cb8fbf38c,1,Comfortable on long runs and held up well after washing.,positive,true_to_size,2026-05-21T17:15:10.000Z
rev_674e24841f920510ab5c,prod_ebe756215bbfcde882c1,var_d93959e68a9c1ed24606,cust_dcbfa9316213a457f353,3,Great race day option and the color looks sharp.,positive,runs_small,2026-05-17T07:21:41.000Z
rev_52fca1fe0f78deac4c0e,prod_0189531a36c049171820,var_b5d905be4efb894192b7,cust_b2fa3d71846a53f78ef0,4,"Lightweight feel, but I would size up next time.",neutral,true_to_size,2026-05-25T16:19:59.000Z
rev_037512f997cce5f57781,prod_0189531a36c049171820,var_360731b0a803c24bfd69,cust_454df751e1e6525606ba,5,"Lightweight feel, but I would size up next time.",positive,runs_small,2026-05-27T22:55:46.000Z
rev_6c282acbc31cc77a9713,prod_0189531a36c049171820,var_b5d905be4efb894192b7,cust_ba8ae7df1d3c031108d5,5,Solid daily gear. Fit was true to size for me.,positive,true_to_size,2026-05-14T11:56:34.000Z
rev_a8a2b595bc57760f03e6,prod_438a44848bc196e6d975,var_508fbb721d582106874e,cust_f58fa9b88f12ca902ce9,5,Comfortable on long runs and held up well after washing.,neutral,true_to_size,2026-05-13T13:14:37.000Z
rev_d56d3b9d2a65f90aebae,prod_1aac77da65d619e6240f,var_5229b1982481efd531f3,cust_7f8f97a83e424d4c23d7,4,Great race day option and the color looks sharp.,positive,true_to_size,2026-05-12T17:51:43.000Z
rev_df521a7faf63b7600b1a,prod_4fb11ac857411bda88a4,var_48589628c217474fe88e,cust_8fc9f50c4e56b3c9fd37,5,"Good quality, but delivery took longer than expected.",negative,true_to_size,2026-05-12T12:56:00.000Z
rev_b6bda2166b32e5fef98e,prod_0189531a36c049171820,var_93c4efb5105239106e76,cust_b19d0b34e94f9318acbe,4,"Good quality, but delivery took longer than expected.",neutral,runs_small,2026-05-14T06:12:45.000Z
rev_ca445d9cdee59f15682d,prod_438a44848bc196e6d975,var_6820abf40d03602f4536,cust_358c8dc6b4439a71c74c,5,"Good quality, but delivery took longer than expected.",neutral,true_to_size,2026-05-21T22:28:27.000Z
rev_41efa26b430f6b7e8011,prod_0189531a36c049171820,var_e1d35731895df46c299d,cust_6fb45b9045e30e1881ea,5,Loved the fabric and bought a second color.,positive,true_to_size,2026-05-28T08:19:26.000Z
rev_ebde51065d0e931cb3a6,prod_ee93d55d30addeff6954,var_efeb55e5136f27ed409c,cust_328212cdaf4efe2fe873,5,Comfortable on long runs and held up well after washing.,positive,true_to_size,2026-05-26T18:02:16.000Z
rev_47c2a762ed8c6601201b,prod_ee93d55d30addeff6954,var_0dc2751ef1e6063b7445,cust_16dc6b21cf8de25a266c,5,Loved the fabric and bought a second color.,neutral,runs_small,2026-05-28T14:24:25.000Z
rev_f86b5327af506b99b8f0,prod_438a44848bc196e6d975,var_164a5b158bfc49dcbc82,cust_9f0976672bddfd04ee47,2,Solid daily gear. Fit was true to size for me.,neutral,true_to_size,2026-05-26T11:57:37.000Z
rev_93267399d2eebf742eb7,prod_0189531a36c049171820,var_7c8a95c30a2e093e0468,cust_dd4a1010131cd53a9a6d,3,Loved the fabric and bought a second color.,positive,true_to_size,2026-05-15T21:29:22.000Z
rev_40211877b9b771975816,prod_30d7a0ddc2ef16ba66b9,var_5ad21b0b072b59385182,cust_848ebf52158799e13ecc,2,Solid daily gear. Fit was true to size for me.,neutral,runs_large,2026-05-25T22:56:16.000Z
rev_5686155c64063fd7fb10,prod_2efa0aed0d6e67ecae58,var_d045b09c714a135c2f0a,cust_9b0c7598f1c91b2c5c57,4,Comfortable on long runs and held up well after washing.,positive,true_to_size,2026-05-19T23:36:01.000Z
rev_6944c4bdc7e04611a64e,prod_ee93d55d30addeff6954,var_acf7ad33d8cefca798db,cust_88349cb3d9457e7a1750,5,Great race day option and the color looks sharp.,positive,true_to_size,2026-05-17T14:42:03.000Z
rev_a78f9fecbe311aedcb81,prod_ea26883fb1deabd15141,var_bc45956a6234980b8431,cust_3a63c7066554b538fc3c,4,Comfortable on long runs and held up well after washing.,neutral,true_to_size,2026-05-15T08:49:47.000Z
rev_7d8ca8821067ca68a8be,prod_438a44848bc196e6d975,var_c363351edb0ceb1afad6,cust_21959317a9e84530421a,2,Solid daily gear. Fit was true to size for me.,positive,true_to_size,2026-05-25T08:01:41.000Z
rev_18d09d3773dbf91c5e69,prod_72dfeba4701d415d317a,var_a0b00e2faaec9758659d,cust_4b6e4f8d11c4861e7703,4,Loved the fabric and bought a second color.,positive,true_to_size,2026-05-29T07:35:47.000Z
rev_a162653bd83c5a34a70e,prod_2efa0aed0d6e67ecae58,var_7f3a3296ffbd820f7f55,cust_c3278c96923e0f593b7a,5,"Lightweight feel, but I would size up next time.",negative,true_to_size,2026-05-17T18:43:18.000Z
rev_bee8442227e0cfd2454b,prod_d43b2cf8fa29d7ae9b37,var_1281ece6b89ebbdd0340,cust_f9eadae9668808f62fee,5,Solid daily gear. Fit was true to size for me.,negative,true_to_size,2026-05-19T06:56:00.000Z
rev_0369e5842bdefbbaa378,prod_d43b2cf8fa29d7ae9b37,var_4bc34e01cda1012288f6,cust_9343b4e59f454f6aa942,3,Solid daily gear. Fit was true to size for me.,neutral,true_to_size,2026-05-14T23:54:38.000Z
rev_374043f297effa0a9480,prod_1aac77da65d619e6240f,var_b26eea452ddb91e6275c,cust_146342b7daf282ee6c93,4,Solid daily gear. Fit was true to size for me.,neutral,true_to_size,2026-05-18T23:07:57.000Z
rev_73aff6563d426d659027,prod_0189531a36c049171820,var_a11d1e73dd135e3f1cb9,cust_1650858083de2eff17d1,5,Comfortable on long runs and held up well after washing.,positive,true_to_size,2026-05-25T16:09:34.000Z
rev_47fc5e89690d9f910ff4,prod_1aac77da65d619e6240f,var_aa467d7577abf3fbc60e,cust_67971365986f9e10a7e9,4,Solid daily gear. Fit was true to size for me.,positive,true_to_size,2026-05-24T22:47:02.000Z
rev_9f332b8c3639c86eda28,prod_d43b2cf8fa29d7ae9b37,var_a2c2c81c60e69fda9995,cust_12626339d0e6ee32f5f4,5,Loved the fabric and bought a second color.,positive,runs_small,2026-05-25T16:47:35.000Z
rev_a4fad34939bdbd1b70b2,prod_2efa0aed0d6e67ecae58,var_8ab4fd713004558e9200,cust_096db5862a733f30b5e3,4,Great race day option and the color looks sharp.,positive,true_to_size,2026-05-22T16:04:02.000Z
rev_de9bee9c1f77880a5a43,prod_1aac77da65d619e6240f,var_4ec6f48b0a97467baa73,cust_60d60d9117cc179601c2,4,Great race day option and the color looks sharp.,positive,true_to_size,2026-05-16T14:40:50.000Z
rev_96615e49db79a7e6e396,prod_0189531a36c049171820,var_b9ed5b404fd99996ec9f,cust_c0ca8425f6e3bdb32794,5,Solid daily gear. Fit was true to size for me.,positive,true_to_size,2026-05-17T12:37:36.000Z
rev_602d55650908d2ce0512,prod_ea26883fb1deabd15141,var_ad88e442b4ec9a747624,cust_c0ca8425f6e3bdb32794,3,"Lightweight feel, but I would size up next time.",neutral,runs_small,2026-05-25T10:08:30.000Z
rev_ea5f6264ee967dad1889,prod_438a44848bc196e6d975,var_d50ecabaab63713dbe3c,cust_81a8fff222fa3c7b00ab,4,Comfortable on long runs and held up well after washing.,negative,true_to_size,2026-05-25T13:38:00.000Z
rev_1feff2586085094a6e24,prod_d43b2cf8fa29d7ae9b37,var_41628dba54c9c6861c9d,cust_9d86864136ccf2f11d6e,5,Loved the fabric and bought a second color.,negative,runs_small,2026-05-22T21:44:56.000Z
rev_e2ea3de9e82c596c0325,prod_1aac77da65d619e6240f,var_9818589b07d9187961de,cust_708f9bf39e79c6ff7714,5,Great race day option and the color looks sharp.,negative,runs_small,2026-05-19T11:36:57.000Z
rev_ad7b0360191d08d993ae,prod_438a44848bc196e6d975,var_d1592d795041e81f6c4e,cust_708f9bf39e79c6ff7714,5,Solid daily gear. Fit was true to size for me.,positive,runs_large,2026-05-19T12:23:51.000Z
rev_50e7e8af9da5980d4f04,prod_d43b2cf8fa29d7ae9b37,var_13c3ed1f6d0b19413901,cust_4ce995410d5e03e5ecfb,5,Great race day option and the color looks sharp.,negative,true_to_size,2026-05-28T21:32:54.000Z
rev_902688ee211426bd07e8,prod_438a44848bc196e6d975,var_17ee5bcff06d14279787,cust_aa4f00791aa23ef3dc02,4,Great race day option and the color looks sharp.,positive,true_to_size,2026-05-22T08:16:43.000Z
rev_50749d07b0f7b6401b52,prod_1aac77da65d619e6240f,var_19b6c0119781ca26cfab,cust_95bdce78df645b786700,5,Loved the fabric and bought a second color.,positive,runs_large,2026-05-15T14:57:38.000Z
rev_1da84669899a1983265a,prod_30d7a0ddc2ef16ba66b9,var_5ad21b0b072b59385182,cust_0474dbc1c1e2e6e55779,4,Great race day option and the color looks sharp.,neutral,runs_large,2026-05-22T13:44:53.000Z
rev_48bc03d32d89cdf7862e,prod_72dfeba4701d415d317a,var_be4c5e4aeb2733383b86,cust_883e0afcbfdfa57c2ed5,5,Loved the fabric and bought a second color.,negative,true_to_size,2026-05-20T22:17:25.000Z
rev_671a6d7eb325a3dc70f0,prod_ea26883fb1deabd15141,var_def87b80ab2972f8be9d,cust_883e0afcbfdfa57c2ed5,5,"Good quality, but delivery took longer than expected.",positive,true_to_size,2026-05-23T11:44:32.000Z
rev_96f9d6d36389c0cb11dc,prod_438a44848bc196e6d975,var_e117db91e6327b985328,cust_0d361f99291bdca70b61,4,Comfortable on long runs and held up well after washing.,positive,true_to_size,2026-05-20T23:33:31.000Z
rev_787ea82bfa3b3c3ddd48,prod_2efa0aed0d6e67ecae58,var_e03ac89cc365fa42f93c,cust_27be33b07486fcd4d44b,4,Comfortable on long runs and held up well after washing.,positive,runs_large,2026-05-25T18:15:32.000Z
rev_dd90ec790cfc77b5c494,prod_1aac77da65d619e6240f,var_e91175ca45ab8fc349dc,cust_e907bd68181a139244e9,3,Solid daily gear. Fit was true to size for me.,positive,true_to_size,2026-05-21T22:51:44.000Z
rev_e0ee933ba6ac99317412,prod_72dfeba4701d415d317a,var_0088bda42ae04ba0e6f0,cust_148ca07f01ffc8e32a81,1,"Lightweight feel, but I would size up next time.",positive,runs_large,2026-05-19T14:32:32.000Z
rev_5c1d9c08e0daf77b7e90,prod_2efa0aed0d6e67ecae58,var_6dfdc29a2a61c6f5087f,cust_8572b8e7c35750776095,5,Comfortable on long runs and held up well after washing.,positive,runs_large,2026-05-24T22:48:05.000Z
rev_c891f8005bdca0ab25cc,prod_438a44848bc196e6d975,var_cca84c818b8d1dc7a408,cust_b18f91f3caad39c9b91b,5,Solid daily gear. Fit was true to size for me.,positive,true_to_size,2026-05-22T20:06:06.000Z
rev_a2960fbd0ef5341f924f,prod_ee93d55d30addeff6954,var_0dc2751ef1e6063b7445,cust_41cc656ffc0993394135,5,"Good quality, but delivery took longer than expected.",neutral,true_to_size,2026-05-20T16:47:19.000Z
rev_a49ec4462086bde87ffa,prod_72dfeba4701d415d317a,var_7a9bd3c5007019c19bfe,cust_eb63894240166165d8fa,5,Great race day option and the color looks sharp.,negative,true_to_size,2026-05-28T16:09:03.000Z
rev_5fa415e6be32f65ef7ca,prod_438a44848bc196e6d975,var_b11b6b090279cfa04155,cust_0c917c98c3c439186ccf,3,Solid daily gear. Fit was true to size for me.,positive,runs_small,2026-05-29T21:39:00.000Z
rev_6066a2d7551666c6bb3b,prod_ea26883fb1deabd15141,var_bc45956a6234980b8431,cust_dfb85d530b9d4f97aca6,4,Comfortable on long runs and held up well after washing.,positive,true_to_size,2026-05-19T18:42:45.000Z
rev_50de8fbfe8c8087d51bf,prod_d43b2cf8fa29d7ae9b37,var_caae1453b01f7b10b548,cust_969040b3265b6dad4c3f,5,Solid daily gear. Fit was true to size for me.,positive,true_to_size,2026-05-20T06:28:15.000Z
rev_7a427b5423979516b404,prod_ee93d55d30addeff6954,var_30fe308642c7372a4c55,cust_2223a18de2ba6ece6af3,5,Great race day option and the color looks sharp.,positive,true_to_size,2026-05-22T11:57:18.000Z
rev_9f507622ffb8e9560fe6,prod_438a44848bc196e6d975,var_410af979ba0b61e8b1fa,cust_2223a18de2ba6ece6af3,5,"Lightweight feel, but I would size up next time.",positive,runs_small,2026-05-20T12:07:53.000Z
rev_316cdaa29d3934569291,prod_0189531a36c049171820,var_324e13c984d9aaab9604,cust_e28d262b6c41006b34a2,3,Great race day option and the color looks sharp.,positive,runs_small,2026-05-28T13:59:34.000Z
rev_c2c9885bf4eabd7b8a7d,prod_d43b2cf8fa29d7ae9b37,var_e8598f4784994d3f8438,cust_a1390d6e7e5e5660114c,2,Great race day option and the color looks sharp.,neutral,runs_large,2026-05-31T21:13:04.000Z
rev_7813a5466aecc91448e9,prod_d43b2cf8fa29d7ae9b37,var_4bc34e01cda1012288f6,cust_b53babc7d1a2435f5c82,5,Great race day option and the color looks sharp.,positive,true_to_size,2026-05-17T07:14:17.000Z
rev_b115b95a1ba54ec10384,prod_1aac77da65d619e6240f,var_4ec6f48b0a97467baa73,cust_ac438756e3abf72024b7,2,Comfortable on long runs and held up well after washing.,neutral,runs_large,2026-05-23T21:45:07.000Z
rev_adbdcffc6a6339519f9a,prod_0189531a36c049171820,var_00df6f028ceddde26b68,cust_ac438756e3abf72024b7,5,Great race day option and the color looks sharp.,positive,true_to_size,2026-05-26T17:43:08.000Z
rev_69beb1f34ba0a29b957f,prod_72dfeba4701d415d317a,var_439e4a3b1ded76626bcc,cust_79ebd47d148cd44fe68e,4,"Lightweight feel, but I would size up next time.",positive,true_to_size,2026-05-27T14:23:28.000Z
rev_b28e4c8820f96d1ec1f1,prod_1aac77da65d619e6240f,var_0249455f35a9dd408d40,cust_79ebd47d148cd44fe68e,5,Great race day option and the color looks sharp.,positive,true_to_size,2026-05-25T07:43:19.000Z
rev_aa677a95be74918a29fd,prod_d43b2cf8fa29d7ae9b37,var_e8598f4784994d3f8438,cust_205b245739f0e69b684c,3,Loved the fabric and bought a second color.,positive,true_to_size,2026-05-29T13:26:53.000Z
rev_6ed0c5d1cfb410fd0ca6,prod_ee93d55d30addeff6954,var_1c227362843cad63ec2d,cust_328212cdaf4efe2fe873,5,"Good quality, but delivery took longer than expected.",positive,true_to_size,2026-05-31T17:14:16.000Z
rev_992d89bd90d6ba2ce434,prod_ee93d55d30addeff6954,var_269576cae5504f7beee6,cust_d28d498b975090359f39,4,"Good quality, but delivery took longer than expected.",positive,true_to_size,2026-05-18T12:00:52.000Z
rev_3e82c45fade950fc4fad,prod_4fb11ac857411bda88a4,var_e49c1d617edcf65ee83c,cust_532c9248db1677938be9,5,Solid daily gear. Fit was true to size for me.,negative,runs_large,2026-05-25T12:30:39.000Z
rev_5592cf1adf1193d577ab,prod_d43b2cf8fa29d7ae9b37,var_3cc406399bed25270f9e,cust_2434cba35e2dba98f54b,3,Solid daily gear. Fit was true to size for me.,neutral,runs_small,2026-05-20T11:05:15.000Z
rev_d0d9e8fe63b04b0204c9,prod_2efa0aed0d6e67ecae58,var_8031b1936b5e05c16a08,cust_ce27dd2c8c7bf358adda,4,Loved the fabric and bought a second color.,positive,true_to_size,2026-05-26T17:34:29.000Z
rev_9ba3265da5106a0f1103,prod_0189531a36c049171820,var_b30af374f3e8523449d6,cust_0e0ecc1fbbcb18096d03,4,Loved the fabric and bought a second color.,negative,true_to_size,2026-05-30T15:44:55.000Z
rev_a5ae8f90af8e65f9e287,prod_4fb11ac857411bda88a4,var_dc811c3db2dffa2b4d77,cust_d4d6c42da940e0d93798,5,"Good quality, but delivery took longer than expected.",positive,true_to_size,2026-05-25T15:37:05.000Z
rev_3aa3043141d00a227911,prod_0189531a36c049171820,var_7657acb4edd171a3e158,cust_a3015f1f870b5fca5351,5,Solid daily gear. Fit was true to size for me.,positive,runs_large,2026-05-19T21:58:15.000Z
rev_fab93af9c0d073cfba93,prod_4fb11ac857411bda88a4,var_0298ed73b20b2a58ddc3,cust_79dddac521532c5fb78d,5,Great race day option and the color looks sharp.,positive,true_to_size,2026-05-27T19:09:01.000Z
rev_abde0d0c879acb0b0ced,prod_0189531a36c049171820,var_00c1c82f6d8a8b24ddf5,cust_148ca07f01ffc8e32a81,3,Great race day option and the color looks sharp.,negative,true_to_size,2026-05-26T19:43:41.000Z
rev_61281f8d02b9beda00ef,prod_ee93d55d30addeff6954,var_61a3d99f3dd57555f061,cust_b7f12d1decc1c27900b2,5,Great race day option and the color looks sharp.,positive,true_to_size,2026-05-27T21:52:36.000Z
rev_243f9ed90d76fbb7b0b9,prod_2efa0aed0d6e67ecae58,var_d045b09c714a135c2f0a,cust_4704ca2e3b3455ed9faa,4,Solid daily gear. Fit was true to size for me.,positive,true_to_size,2026-05-30T09:06:58.000Z
rev_5f59e419a373d57bde95,prod_d43b2cf8fa29d7ae9b37,var_e458e9983f2d79d6ed15,cust_02b2d8f5896719877045,5,Great race day option and the color looks sharp.,positive,true_to_size,2026-05-22T17:54:39.000Z
rev_caffd14e487c17f90e51,prod_72dfeba4701d415d317a,var_4aeb79589687b461e96f,cust_ae5320e12f95a3eb2700,5,"Lightweight feel, but I would size up next time.",positive,true_to_size,2026-05-24T17:46:49.000Z
rev_db0fd624710d98c044b1,prod_2efa0aed0d6e67ecae58,var_1a3c43e3bd57b167f4c1,cust_d28d498b975090359f39,4,"Lightweight feel, but I would size up next time.",positive,true_to_size,2026-05-19T06:58:04.000Z
rev_71477bde62504450bccf,prod_2efa0aed0d6e67ecae58,var_d045b09c714a135c2f0a,cust_61dd37bd95a5811a0f52,5,"Lightweight feel, but I would size up next time.",negative,true_to_size,2026-05-29T18:32:06.000Z
rev_95479ce34c6272dca2f8,prod_d43b2cf8fa29d7ae9b37,var_a2c2c81c60e69fda9995,cust_4a90b33997f0b18abe93,4,"Lightweight feel, but I would size up next time.",positive,runs_small,2026-05-24T14:29:09.000Z
rev_cc4b5c5ad42fcf066128,prod_d43b2cf8fa29d7ae9b37,var_f3e3682f5daf474543ab,cust_324906abad94839ebe40,4,"Good quality, but delivery took longer than expected.",positive,true_to_size,2026-05-23T18:03:05.000Z
rev_bebf566bb695468da20d,prod_438a44848bc196e6d975,var_5579d3dcd9580bd272b2,cust_1e2118802daa0150652c,3,"Good quality, but delivery took longer than expected.",positive,true_to_size,2026-05-20T11:35:46.000Z
rev_9d174ca6d00d9ba6e8f0,prod_0189531a36c049171820,var_3827fef61cdfb42fbde9,cust_85178ca85aaa08bf4e41,4,Solid daily gear. Fit was true to size for me.,negative,runs_small,2026-05-31T19:33:41.000Z
rev_028adf22c64deb57b5fb,prod_72dfeba4701d415d317a,var_abf4b066285529554ec5,cust_98ae21d754d2504be618,5,"Lightweight feel, but I would size up next time.",neutral,runs_small,2026-05-22T20:13:52.000Z
rev_0aaf7d3e0e210d714577,prod_72dfeba4701d415d317a,var_8856a9a1708ad62e3b1d,cust_1945730f32e721c2949d,5,Loved the fabric and bought a second color.,positive,true_to_size,2026-05-30T20:29:42.000Z
rev_edb7d5a241b2c52a891d,prod_d43b2cf8fa29d7ae9b37,var_02fb794660a1ff5b5481,cust_4259c249b7707860177c,5,Loved the fabric and bought a second color.,negative,true_to_size,2026-05-25T08:08:39.000Z
rev_8361ab82b63a0d99fa2a,prod_1aac77da65d619e6240f,var_827c52ca8f98abbcdae2,cust_f852f11543c8549fd0b2,5,Solid daily gear. Fit was true to size for me.,positive,runs_large,2026-05-20T08:56:55.000Z
rev_a883b17329e9fdcd541c,prod_438a44848bc196e6d975,var_b11b6b090279cfa04155,cust_7703f01d22bc49fcfb16,4,"Lightweight feel, but I would size up next time.",positive,true_to_size,2026-05-29T13:10:32.000Z
rev_b8cd46f10b4208f45720,prod_d43b2cf8fa29d7ae9b37,var_c313512d9379d00efca9,cust_600a5a577e4f51dddba3,5,"Good quality, but delivery took longer than expected.",positive,true_to_size,2026-05-25T18:22:22.000Z
rev_a0dc989a037b7d421045,prod_4fb11ac857411bda88a4,var_6bfb37f2e216be599dfb,cust_78575a57479735a728ea,3,Solid daily gear. Fit was true to size for me.,positive,true_to_size,2026-06-03T11:47:46.000Z
rev_d4cf34fcffa5434c843a,prod_1aac77da65d619e6240f,var_30a71ca69a0597e20603,cust_e91a91362fd5a9f80bcb,5,Solid daily gear. Fit was true to size for me.,positive,true_to_size,2026-06-03T12:23:10.000Z
rev_81bbcd9ab8646c6c8d75,prod_ee93d55d30addeff6954,var_0b6ca25661b3bea06ed9,cust_7cedb95a78e355ba00a5,4,Loved the fabric and bought a second color.,positive,true_to_size,2026-05-27T17:43:07.000Z
rev_5f4ad98567169b0a0596,prod_438a44848bc196e6d975,var_6255fbba1fc1f01b7ee9,cust_7cedb95a78e355ba00a5,5,Loved the fabric and bought a second color.,positive,runs_large,2026-05-20T23:32:58.000Z
rev_04c6035c7a8e0b5fc398,prod_1aac77da65d619e6240f,var_3a2e554b388bcfe86ab3,cust_e94912248fd38e1e5847,3,Loved the fabric and bought a second color.,neutral,true_to_size,2026-05-22T11:12:49.000Z
rev_c86a1050e3f46d6ab536,prod_2efa0aed0d6e67ecae58,var_0cf84000f5859801c60f,cust_e94912248fd38e1e5847,5,Loved the fabric and bought a second color.,positive,true_to_size,2026-05-19T11:04:54.000Z
rev_9b2a45193808c25488ce,prod_0189531a36c049171820,var_93c4efb5105239106e76,cust_c09335b491037a6b0c16,5,"Good quality, but delivery took longer than expected.",negative,true_to_size,2026-05-19T09:16:29.000Z
rev_c2821e53a5c1574cb860,prod_ee93d55d30addeff6954,var_0dc2751ef1e6063b7445,cust_95bdce78df645b786700,5,Comfortable on long runs and held up well after washing.,positive,runs_small,2026-05-22T10:07:39.000Z
rev_4c185d7914addc9ca0c5,prod_1aac77da65d619e6240f,var_827c52ca8f98abbcdae2,cust_95bdce78df645b786700,2,"Lightweight feel, but I would size up next time.",neutral,true_to_size,2026-05-20T21:35:28.000Z
rev_4f310e78a401f112a766,prod_438a44848bc196e6d975,var_c87f257a229ce7eafa08,cust_146342b7daf282ee6c93,5,Great race day option and the color looks sharp.,positive,true_to_size,2026-06-02T14:20:27.000Z
rev_3dc5074f20e09580d03e,prod_2efa0aed0d6e67ecae58,var_53840b82f1f41986b97b,cust_e6eab57226dd0905819b,5,Loved the fabric and bought a second color.,positive,true_to_size,2026-05-24T11:18:23.000Z
rev_87f7965421230442b9f4,prod_438a44848bc196e6d975,var_70d6578905075ca6871b,cust_afe4fce87e3560ba0f06,1,"Lightweight feel, but I would size up next time.",positive,runs_small,2026-06-01T14:49:05.000Z
rev_f18ec52fc6e7a2dfc954,prod_2efa0aed0d6e67ecae58,var_f6d3f9a9c8e4616f6c5c,cust_afe4fce87e3560ba0f06,5,"Lightweight feel, but I would size up next time.",positive,true_to_size,2026-05-26T14:08:46.000Z
rev_7fa25e1db115c49f4844,prod_0189531a36c049171820,var_cad1bc675f38c394a994,cust_26c9805d72651d9debe5,5,Comfortable on long runs and held up well after washing.,negative,true_to_size,2026-05-30T16:06:54.000Z
rev_e3a5f33d9d4c149fe225,prod_438a44848bc196e6d975,var_c87f257a229ce7eafa08,cust_fc71eba4ce9e9d096321,5,Great race day option and the color looks sharp.,positive,runs_small,2026-06-02T13:30:11.000Z
rev_f2137da5b3b164176fa8,prod_4fb11ac857411bda88a4,var_70e1c4a0d7096208c340,cust_02a3421794224a3ecc5a,3,Loved the fabric and bought a second color.,negative,true_to_size,2026-05-29T18:30:49.000Z
rev_3fd6f09e30e005e36f3c,prod_0189531a36c049171820,var_93c4efb5105239106e76,cust_ffb3f9890dbe19a1dc22,4,"Lightweight feel, but I would size up next time.",positive,runs_large,2026-05-28T22:32:33.000Z
rev_db70d67df6bfc5920498,prod_d43b2cf8fa29d7ae9b37,var_5db963bcd8fbf81b2e05,cust_8401ae7e55bfdd148914,4,Great race day option and the color looks sharp.,positive,runs_large,2026-05-27T22:51:43.000Z
rev_86f44ffadb042849e607,prod_72dfeba4701d415d317a,var_082ccc283fa2bea80c16,cust_8000ff7bb6f589df309d,4,"Lightweight feel, but I would size up next time.",positive,true_to_size,2026-06-01T12:01:21.000Z
rev_f93ce6100f4569e52db2,prod_ee93d55d30addeff6954,var_075418ff0be5cdb7558e,cust_03f81a00b8ec62a76e94,5,Loved the fabric and bought a second color.,positive,true_to_size,2026-05-30T17:20:00.000Z
rev_f2f8a8dfccc8fdb122d7,prod_438a44848bc196e6d975,var_b205c40ad363b680ec58,cust_fdc60564fd0dc66b21d0,5,Comfortable on long runs and held up well after washing.,neutral,true_to_size,2026-06-04T22:20:25.000Z
rev_4b34b5f0b6c92c4d2742,prod_72dfeba4701d415d317a,var_0088bda42ae04ba0e6f0,cust_c000315730f827c1278d,4,"Good quality, but delivery took longer than expected.",positive,true_to_size,2026-05-31T15:48:54.000Z
rev_e4d65a714682dfb3d4b6,prod_ee93d55d30addeff6954,var_23eb40a02aea71235f7f,cust_725b82e629cffbd7d020,4,Loved the fabric and bought a second color.,positive,runs_large,2026-05-21T21:17:13.000Z
rev_89344a5b595df3a18ec8,prod_4fb11ac857411bda88a4,var_fad911836ba0bc2d17e3,cust_a1ea74509dda3099b851,4,Loved the fabric and bought a second color.,positive,true_to_size,2026-05-29T21:37:48.000Z
rev_942c5efa6d17c56540b4,prod_ea26883fb1deabd15141,var_ad88e442b4ec9a747624,cust_a1ea74509dda3099b851,5,"Good quality, but delivery took longer than expected.",negative,true_to_size,2026-05-29T14:11:42.000Z
rev_cf228f8da8b3d737f058,prod_0189531a36c049171820,var_b328308955a099219aba,cust_8a1354d33d0acff52b54,2,Comfortable on long runs and held up well after washing.,positive,true_to_size,2026-05-31T13:09:57.000Z
rev_af52b47d9346a4b01c5c,prod_ea26883fb1deabd15141,var_bc45956a6234980b8431,cust_8a1354d33d0acff52b54,5,Great race day option and the color looks sharp.,neutral,true_to_size,2026-06-04T07:37:05.000Z
rev_328cf110b2cc3eb73275,prod_4fb11ac857411bda88a4,var_58a00b869159191e4ac9,cust_049f523232ece4049e9e,5,Loved the fabric and bought a second color.,positive,true_to_size,2026-06-02T19:02:52.000Z
rev_ae1da379b1a974a71c2f,prod_d43b2cf8fa29d7ae9b37,var_89efa340b18949bb9c2f,cust_cce75e8b4a0e1584bf8d,5,Solid daily gear. Fit was true to size for me.,positive,runs_large,2026-06-03T21:03:03.000Z
rev_3378ac78bf79af7fb65b,prod_438a44848bc196e6d975,var_5579d3dcd9580bd272b2,cust_dfb85d530b9d4f97aca6,5,Loved the fabric and bought a second color.,negative,true_to_size,2026-05-23T21:54:32.000Z
rev_ec0e9a5a890492dee0bf,prod_2efa0aed0d6e67ecae58,var_53840b82f1f41986b97b,cust_95ed0dd9139ab9d80b05,5,"Lightweight feel, but I would size up next time.",neutral,true_to_size,2026-05-21T08:46:59.000Z
rev_9f66824f9f0b32a736bf,prod_d43b2cf8fa29d7ae9b37,var_b35ae4d77d0efb3389d3,cust_302d1e99cd13756d9ebd,4,"Good quality, but delivery took longer than expected.",positive,true_to_size,2026-05-23T13:51:21.000Z
rev_d417b766520d255ec597,prod_72dfeba4701d415d317a,var_a4481e5f98f473cda093,cust_ec641c85978c2b46c333,5,Solid daily gear. Fit was true to size for me.,neutral,true_to_size,2026-06-02T10:44:41.000Z
rev_9ab10b4312b15a8788a5,prod_438a44848bc196e6d975,var_17ee5bcff06d14279787,cust_148ca07f01ffc8e32a81,2,Solid daily gear. Fit was true to size for me.,neutral,true_to_size,2026-05-29T11:06:52.000Z
rev_a2c4d38fc6aaaf08d449,prod_0189531a36c049171820,var_03627cfde38743cff6a4,cust_324906abad94839ebe40,4,Solid daily gear. Fit was true to size for me.,positive,true_to_size,2026-05-31T14:40:25.000Z
rev_8b7acabd7be751a71f38,prod_ee93d55d30addeff6954,var_43a5f128559af0f8f854,cust_0f2b246cdb7bd6fc7d5e,4,Solid daily gear. Fit was true to size for me.,positive,runs_large,2026-06-04T06:38:41.000Z
rev_fc73dc715ead5dfa6b3e,prod_ee93d55d30addeff6954,var_1b8f63ab3f5e208113ca,cust_7476b81c52a1674cb4cb,4,Loved the fabric and bought a second color.,neutral,true_to_size,2026-05-25T20:03:12.000Z
rev_1f7271507ff0bbe3f29b,prod_0189531a36c049171820,var_00df6f028ceddde26b68,cust_47d70355cc71a40a30d6,5,Loved the fabric and bought a second color.,neutral,true_to_size,2026-05-23T12:59:33.000Z
rev_762811a9808c856c2513,prod_72dfeba4701d415d317a,var_e55f60ce5370c732b493,cust_abc53a8a715b6a1e1f69,5,"Lightweight feel, but I would size up next time.",positive,true_to_size,2026-05-29T17:39:31.000Z
rev_d5bb55ef87402784a00c,prod_d43b2cf8fa29d7ae9b37,var_5db963bcd8fbf81b2e05,cust_2b8c8982e212731bc533,4,"Good quality, but delivery took longer than expected.",positive,true_to_size,2026-05-31T07:31:32.000Z
rev_a1bb2540924d868639e3,prod_1aac77da65d619e6240f,var_30c9251395a079628b82,cust_0ed8beec17ad4e67b7bf,5,Comfortable on long runs and held up well after washing.,positive,runs_large,2026-05-31T14:13:39.000Z
rev_944cea194dd718da937b,prod_ee93d55d30addeff6954,var_2d63af5c80cedd103436,cust_8aefe6f60c7832c04db8,5,"Lightweight feel, but I would size up next time.",positive,true_to_size,2026-05-27T17:32:12.000Z
rev_34ff2be794789089e70d,prod_ebe756215bbfcde882c1,var_477f71369f8ec76bae72,cust_ae71e60e07e132e817be,5,Loved the fabric and bought a second color.,neutral,runs_small,2026-05-23T22:40:32.000Z
rev_01906ef2670c9a20e61e,prod_ebe756215bbfcde882c1,var_0c2a56074856654cc09c,cust_b1d3964929bc66978b7f,4,Comfortable on long runs and held up well after washing.,neutral,runs_large,2026-05-24T16:23:55.000Z
rev_6cdee00177f2c8a1fcdc,prod_0189531a36c049171820,var_22afdc3bc66d8c370224,cust_4704ca2e3b3455ed9faa,4,"Lightweight feel, but I would size up next time.",positive,true_to_size,2026-05-22T21:35:54.000Z
rev_820d9d0d9dd537aca617,prod_d87cfc68d1aef053d198,var_199bb1069f0216fdcbf6,cust_fd1289f43a768f6a571b,5,Loved the fabric and bought a second color.,positive,true_to_size,2026-05-21T20:12:27.000Z
rev_bdbd09926f3eb1dafa8e,prod_72dfeba4701d415d317a,var_4aeb79589687b461e96f,cust_fbf68df4bc3cd49a2fb6,1,Comfortable on long runs and held up well after washing.,positive,runs_small,2026-05-24T16:53:28.000Z
rev_1a314635d011fe49570a,prod_2efa0aed0d6e67ecae58,var_b54607373ac7bafb02f6,cust_6128d38cd56e86719f23,2,Great race day option and the color looks sharp.,neutral,true_to_size,2026-05-29T13:34:47.000Z
rev_de6e027cd41ecfc4d5e6,prod_438a44848bc196e6d975,var_b11b6b090279cfa04155,cust_cdf9e06f23e0c5d542fd,5,Solid daily gear. Fit was true to size for me.,positive,true_to_size,2026-05-23T23:19:07.000Z
rev_d57a45922c20f0c59b99,prod_2efa0aed0d6e67ecae58,var_1e08d41c5ab96cce1ce2,cust_b709d29d7368333d67c1,3,Great race day option and the color looks sharp.,positive,true_to_size,2026-05-21T18:43:09.000Z
rev_fa0d9429b1af8fe031d3,prod_ee93d55d30addeff6954,var_30fe308642c7372a4c55,cust_1e77ca5512954599d49f,5,Loved the fabric and bought a second color.,positive,true_to_size,2026-05-24T07:26:30.000Z
rev_14d49b95cd16b1af06f5,prod_1aac77da65d619e6240f,var_44f43fafea7f397d29fa,cust_eb1d6b950b6a4f305bc4,3,"Lightweight feel, but I would size up next time.",positive,true_to_size,2026-05-22T07:56:48.000Z
rev_828de63b6a61160cef35,prod_d43b2cf8fa29d7ae9b37,var_13c3ed1f6d0b19413901,cust_1e2118802daa0150652c,4,Great race day option and the color looks sharp.,positive,true_to_size,2026-05-22T19:52:39.000Z
rev_0440437c6a03a76f717e,prod_1aac77da65d619e6240f,var_e68010c463448ce42243,cust_d70e68cfa7d68a1a767a,2,"Lightweight feel, but I would size up next time.",positive,true_to_size,2026-05-30T15:28:44.000Z
rev_48c3f67499550299ad13,prod_1aac77da65d619e6240f,var_f4e84136e702c56fc319,cust_12a526bbe4e09eaf89e6,2,"Good quality, but delivery took longer than expected.",positive,true_to_size,2026-05-30T07:53:20.000Z
rev_b39707d83afd978b6160,prod_1aac77da65d619e6240f,var_e91175ca45ab8fc349dc,cust_16fcce8bad58452d4d48,5,Solid daily gear. Fit was true to size for me.,negative,true_to_size,2026-06-05T17:07:30.000Z
rev_c0421272fa9c2428ead0,prod_438a44848bc196e6d975,var_05e312d19f2d967b02ae,cust_e907bd68181a139244e9,4,Solid daily gear. Fit was true to size for me.,positive,true_to_size,2026-05-31T22:17:26.000Z
rev_ca226f573d6ac9c22706,prod_ee93d55d30addeff6954,var_0f755faccbe419124cf5,cust_328212cdaf4efe2fe873,5,Loved the fabric and bought a second color.,positive,true_to_size,2026-05-25T22:41:00.000Z
rev_bf8beca009403a471be2,prod_438a44848bc196e6d975,var_64d39327630553f2e1b9,cust_7cb6891c74a5e76c5c9e,3,"Good quality, but delivery took longer than expected.",negative,true_to_size,2026-06-05T08:06:20.000Z
rev_55b3d967c81f25709017,prod_0189531a36c049171820,var_a11d1e73dd135e3f1cb9,cust_71eeefa5841d2532ce23,2,Great race day option and the color looks sharp.,negative,true_to_size,2026-05-31T12:28:08.000Z
rev_1aea66c31c02875c4ea6,prod_0189531a36c049171820,var_1bc3cc6be2d148f68d07,cust_71eeefa5841d2532ce23,2,"Lightweight feel, but I would size up next time.",positive,runs_small,2026-05-24T23:39:41.000Z
rev_8f895ae07424f6f8dd4d,prod_d43b2cf8fa29d7ae9b37,var_db3c0fa83abed429ed33,cust_131a9d705181fd1aaa6b,5,"Lightweight feel, but I would size up next time.",neutral,true_to_size,2026-06-01T13:58:16.000Z
rev_e15b1842ac94ff34bc4b,prod_438a44848bc196e6d975,var_6255fbba1fc1f01b7ee9,cust_3fe202bb5392f3e22d63,5,"Lightweight feel, but I would size up next time.",positive,true_to_size,2026-05-27T14:05:28.000Z
rev_a17cce4b4c1167edb5b5,prod_d43b2cf8fa29d7ae9b37,var_02fb794660a1ff5b5481,cust_1975994da3f25777d5ca,5,Loved the fabric and bought a second color.,neutral,true_to_size,2026-06-02T15:14:15.000Z
rev_6cf707dd4e5557cbe84e,prod_0189531a36c049171820,var_51f120a7b2c0d86f9a2b,cust_ef158f1ad9c23296023f,5,"Good quality, but delivery took longer than expected.",neutral,true_to_size,2026-05-28T17:35:51.000Z
rev_2bd7d0be8e5e8fc57d7f,prod_438a44848bc196e6d975,var_e117db91e6327b985328,cust_ef158f1ad9c23296023f,3,Loved the fabric and bought a second color.,neutral,true_to_size,2026-05-27T07:58:07.000Z
rev_ec7bd2a566537e4d3978,prod_72dfeba4701d415d317a,var_abf4b066285529554ec5,cust_76befa87c034cfe3205d,5,Comfortable on long runs and held up well after washing.,positive,runs_small,2026-05-22T16:20:32.000Z
rev_42cade7be372c84afd54,prod_72dfeba4701d415d317a,var_a0b00e2faaec9758659d,cust_16fcce8bad58452d4d48,5,Loved the fabric and bought a second color.,neutral,true_to_size,2026-05-23T23:13:00.000Z
rev_e0f367138f16a536891c,prod_0189531a36c049171820,var_7657acb4edd171a3e158,cust_43873c4e206e88c0cbc4,5,"Good quality, but delivery took longer than expected.",positive,true_to_size,2026-06-01T06:26:40.000Z
rev_126cf5e50c5805d36a66,prod_2efa0aed0d6e67ecae58,var_7696cc7d0631b8c9ee6f,cust_f42b72156fc953eafc35,4,Solid daily gear. Fit was true to size for me.,negative,runs_small,2026-05-25T18:56:59.000Z
rev_c9efdc35ead62727c25a,prod_438a44848bc196e6d975,var_823a189d514c6e10865d,cust_ddd9bd70b9465e68d869,2,Comfortable on long runs and held up well after washing.,positive,runs_small,2026-06-04T18:15:19.000Z
rev_3db3a19a20ef3632793a,prod_ea26883fb1deabd15141,var_a56e028f2685d369a8a2,cust_bc197dd05738d93a37eb,4,Comfortable on long runs and held up well after washing.,neutral,true_to_size,2026-06-02T21:42:26.000Z
rev_b30acb32ee3f2fd78b16,prod_d87cfc68d1aef053d198,var_199bb1069f0216fdcbf6,cust_459bed70c7a56fffea43,3,Great race day option and the color looks sharp.,negative,true_to_size,2026-05-23T15:58:52.000Z
rev_4b86b5ea4fe7e36418dc,prod_72dfeba4701d415d317a,var_8856a9a1708ad62e3b1d,cust_4376e7802459d8d277dc,5,Loved the fabric and bought a second color.,positive,true_to_size,2026-06-04T06:09:36.000Z
rev_19302e61fcaec0e5d346,prod_ebe756215bbfcde882c1,var_84ff60b1ac8610102053,cust_79ebd47d148cd44fe68e,5,Solid daily gear. Fit was true to size for me.,positive,true_to_size,2026-05-27T21:55:00.000Z
rev_84b0bdc4458326b96e9c,prod_1aac77da65d619e6240f,var_582d11378691a5a6e4e9,cust_f0009f174ea759e5ee0c,5,Comfortable on long runs and held up well after washing.,neutral,true_to_size,2026-05-30T16:18:25.000Z
rev_e035b8adcb4d4a7b4012,prod_ebe756215bbfcde882c1,var_5d625c4bbaa3b689d1db,cust_fbf68df4bc3cd49a2fb6,5,Comfortable on long runs and held up well after washing.,positive,runs_large,2026-05-23T06:57:36.000Z
rev_fc9249c2e5566933cd4a,prod_d43b2cf8fa29d7ae9b37,var_17f58fc6b2961004e931,cust_e2f141f1a653eb3899c5,5,Great race day option and the color looks sharp.,negative,true_to_size,2026-05-23T16:29:31.000Z
rev_4b8f0d241fb02eb279dc,prod_d43b2cf8fa29d7ae9b37,var_87fdb4d38460cd899505,cust_d6c6551e7b34f80b3720,4,"Lightweight feel, but I would size up next time.",neutral,runs_small,2026-06-06T07:50:50.000Z
rev_4d5d168800e9e4ec6e4c,prod_438a44848bc196e6d975,var_05e312d19f2d967b02ae,cust_79249c6fbf9f8e7e4a5f,5,Solid daily gear. Fit was true to size for me.,positive,true_to_size,2026-05-23T14:22:44.000Z
rev_e0eb0368d6c0680bce84,prod_ea26883fb1deabd15141,var_c95ef6026df6ba67eec8,cust_da41489b1a96bf8bee8b,5,"Good quality, but delivery took longer than expected.",positive,true_to_size,2026-05-27T12:32:20.000Z
rev_8d14378d7ccecdf218b5,prod_d43b2cf8fa29d7ae9b37,var_02fb794660a1ff5b5481,cust_7f32bf644f98a025c079,4,Great race day option and the color looks sharp.,positive,runs_large,2026-05-25T18:58:10.000Z
rev_e7811be2b025f9e240ff,prod_4fb11ac857411bda88a4,var_fad911836ba0bc2d17e3,cust_7476b81c52a1674cb4cb,5,Loved the fabric and bought a second color.,positive,runs_small,2026-05-28T11:35:39.000Z
rev_f655840519d87b9d8e46,prod_ee93d55d30addeff6954,var_2fe8bce190c7eb41dfc8,cust_97610aadea7136204d4d,5,"Lightweight feel, but I would size up next time.",neutral,true_to_size,2026-06-03T23:55:49.000Z
rev_0748bcf04d31121cb19f,prod_ee93d55d30addeff6954,var_422a1ef6d8410f6c318d,cust_6ee5d1c37effb11b3fee,5,"Lightweight feel, but I would size up next time.",positive,true_to_size,2026-06-06T08:07:07.000Z
rev_3b4ba0e4bc5b35368a0b,prod_0189531a36c049171820,var_6b0100cdc1ef1031469b,cust_cff72b082ba654543c6b,5,Loved the fabric and bought a second color.,positive,true_to_size,2026-05-28T09:15:43.000Z
rev_af2ab75d2bb2579b43e7,prod_d43b2cf8fa29d7ae9b37,var_a02a8c90a7e79350209b,cust_e4a16d70fa9ee1870e36,5,Comfortable on long runs and held up well after washing.,negative,true_to_size,2026-05-25T17:40:37.000Z
rev_c2fb659e6fdeabecb1b6,prod_72dfeba4701d415d317a,var_8856a9a1708ad62e3b1d,cust_ff2676feb3e61f526f30,3,Great race day option and the color looks sharp.,positive,true_to_size,2026-06-06T16:30:27.000Z
rev_c8b6c255dd0b1934b2de,prod_1aac77da65d619e6240f,var_e865328517c3330f1431,cust_8914d7e21cd95b4c29e6,4,"Good quality, but delivery took longer than expected.",positive,runs_small,2026-05-25T11:19:21.000Z
rev_fdbbc7076a22e1b36dc0,prod_0189531a36c049171820,var_a11d1e73dd135e3f1cb9,cust_7d3c8770ad457822d5d3,5,Great race day option and the color looks sharp.,positive,runs_small,2026-06-08T14:47:33.000Z
rev_3104907f73c3fdb60c49,prod_72dfeba4701d415d317a,var_0088bda42ae04ba0e6f0,cust_886829aca3fe4648bbb1,4,Great race day option and the color looks sharp.,positive,true_to_size,2026-06-01T07:38:38.000Z
rev_ad98a2f452dbc34d9ccf,prod_438a44848bc196e6d975,var_d7120c7c2177c417b214,cust_0e7ef888d5356cdf8673,5,Loved the fabric and bought a second color.,neutral,true_to_size,2026-06-01T12:20:40.000Z
rev_8985e5cb39b883b13108,prod_1aac77da65d619e6240f,var_582d11378691a5a6e4e9,cust_2a3f4a0c5cd3102ad2b6,4,Great race day option and the color looks sharp.,negative,runs_small,2026-06-08T11:05:16.000Z
rev_aae646cdd05720b1aad9,prod_4fb11ac857411bda88a4,var_fad911836ba0bc2d17e3,cust_e2fed628ca868573c00a,4,Comfortable on long runs and held up well after washing.,positive,runs_small,2026-05-27T07:51:20.000Z
rev_20769915842a1f412955,prod_ebe756215bbfcde882c1,var_5d625c4bbaa3b689d1db,cust_8fb1d19dd4464026d68d,5,Loved the fabric and bought a second color.,positive,runs_small,2026-06-02T17:48:53.000Z
rev_504db9c91bd7b2d9ac5b,prod_2efa0aed0d6e67ecae58,var_e03ac89cc365fa42f93c,cust_bdabe3cad86f50f47fbc,4,Great race day option and the color looks sharp.,negative,true_to_size,2026-05-26T07:39:20.000Z
rev_a60830e9f5ee0d9ab083,prod_ea26883fb1deabd15141,var_a56e028f2685d369a8a2,cust_9c06b6eb316da9d9d4a2,4,Loved the fabric and bought a second color.,positive,true_to_size,2026-06-04T06:32:39.000Z
rev_531be5c86a09b91a32a9,prod_72dfeba4701d415d317a,var_cf614c1f8ce5ad152f86,cust_2edc60c4ffe36eb2e303,4,Solid daily gear. Fit was true to size for me.,neutral,runs_small,2026-06-05T17:39:14.000Z
rev_e0c9df3b2033fb2f4b9e,prod_d87cfc68d1aef053d198,var_199bb1069f0216fdcbf6,cust_5e01623a54cec6aed496,5,Great race day option and the color looks sharp.,positive,runs_small,2026-06-07T16:13:28.000Z
rev_7597ccd3a20558fc65ad,prod_72dfeba4701d415d317a,var_c1969c0733b4dc908af7,cust_127030e3a2bfb7c2bf0d,5,"Good quality, but delivery took longer than expected.",positive,true_to_size,2026-06-01T11:21:35.000Z
rev_9c9b55194baf9c0cf96f,prod_0189531a36c049171820,var_fcc7e2fc3cb72570cbfc,cust_e94912248fd38e1e5847,5,Loved the fabric and bought a second color.,neutral,true_to_size,2026-06-08T23:36:11.000Z
rev_c14df434317ed486ba69,prod_72dfeba4701d415d317a,var_9ae1b9494d9b24b6814d,cust_1141b2f561b6fa5c05f4,5,Great race day option and the color looks sharp.,negative,true_to_size,2026-05-27T08:08:25.000Z
rev_e9a1e686b0483c41bf79,prod_2efa0aed0d6e67ecae58,var_5e478e2b39c40398fb76,cust_c71c4ef3aaa1dd711e38,3,"Lightweight feel, but I would size up next time.",negative,runs_small,2026-06-08T17:59:03.000Z
rev_ee524d23ffefc54b79ec,prod_d43b2cf8fa29d7ae9b37,var_87fdb4d38460cd899505,cust_8aefe6f60c7832c04db8,4,Loved the fabric and bought a second color.,positive,true_to_size,2026-06-01T06:14:05.000Z
rev_ed2371e93332439883f8,prod_2efa0aed0d6e67ecae58,var_fe046aec4c2aa733984d,cust_517e87cad063bad3d80f,5,"Lightweight feel, but I would size up next time.",positive,true_to_size,2026-05-28T16:25:20.000Z
rev_fe30ab8a8b161c9b770e,prod_d43b2cf8fa29d7ae9b37,var_02fb794660a1ff5b5481,cust_6ee5d1c37effb11b3fee,5,Solid daily gear. Fit was true to size for me.,positive,true_to_size,2026-06-08T21:59:59.000Z
rev_19e56e9d13a08972bafc,prod_d43b2cf8fa29d7ae9b37,var_4bc34e01cda1012288f6,cust_e02e96943f1433bc731c,4,"Good quality, but delivery took longer than expected.",positive,true_to_size,2026-06-02T22:14:34.000Z
rev_7825ba09410b2bce30c4,prod_4fb11ac857411bda88a4,var_2683dc797f5a0706de2c,cust_b29113d188512badd20a,5,Solid daily gear. Fit was true to size for me.,positive,runs_small,2026-06-09T11:51:30.000Z
rev_9c80a46fbf6b6ed289d8,prod_2efa0aed0d6e67ecae58,var_93a3c087875d45eb3101,cust_1f0f8e583f1bbde338c6,5,Great race day option and the color looks sharp.,positive,true_to_size,2026-05-29T06:45:54.000Z
rev_823fe383eeceb64ea8aa,prod_2efa0aed0d6e67ecae58,var_6dfdc29a2a61c6f5087f,cust_65d84105833f8e53cfc7,5,"Good quality, but delivery took longer than expected.",neutral,true_to_size,2026-06-01T22:09:01.000Z
rev_ed0dbe3dac3d003af4c4,prod_4fb11ac857411bda88a4,var_71823e970238e186821c,cust_f0009f174ea759e5ee0c,3,"Good quality, but delivery took longer than expected.",positive,runs_large,2026-06-06T20:30:51.000Z
rev_5f6b53128dfc3bee8532,prod_d43b2cf8fa29d7ae9b37,var_aa050b328bd26312a85e,cust_80f386f2109fe9ec4f38,1,Solid daily gear. Fit was true to size for me.,positive,true_to_size,2026-06-01T16:18:13.000Z
rev_7cafbe84fed5a2ff2871,prod_0189531a36c049171820,var_b328308955a099219aba,cust_532c9248db1677938be9,5,Loved the fabric and bought a second color.,negative,true_to_size,2026-05-27T16:55:10.000Z
rev_2d52dad7c24098f6f3e9,prod_ee93d55d30addeff6954,var_0f755faccbe419124cf5,cust_fa8c78de4938f0b07df4,5,Comfortable on long runs and held up well after washing.,neutral,true_to_size,2026-06-10T17:06:24.000Z
rev_ae98277892a49b2269d7,prod_4fb11ac857411bda88a4,var_fc65fa629ab0cfab4741,cust_870255436536ad9e310b,4,Great race day option and the color looks sharp.,positive,runs_small,2026-06-03T10:47:32.000Z
rev_9b39a7f316374fec8305,prod_438a44848bc196e6d975,var_9714066032b1c68057b8,cust_b8c721c42efe65d80de1,3,"Good quality, but delivery took longer than expected.",positive,runs_small,2026-06-03T19:16:41.000Z
rev_30f19b543b2d6c1389e0,prod_1aac77da65d619e6240f,var_30c9251395a079628b82,cust_34591084e53ee07337a2,4,Comfortable on long runs and held up well after washing.,neutral,true_to_size,2026-06-02T14:25:29.000Z
rev_30e14ef9ab5ae3d541f2,prod_72dfeba4701d415d317a,var_a4481e5f98f473cda093,cust_34591084e53ee07337a2,4,"Good quality, but delivery took longer than expected.",positive,true_to_size,2026-05-30T19:48:52.000Z
rev_dcef99c1b745707246cc,prod_0189531a36c049171820,var_7657acb4edd171a3e158,cust_cff72b082ba654543c6b,4,Great race day option and the color looks sharp.,positive,true_to_size,2026-06-03T16:39:47.000Z
rev_4ef42ea76afbe0aaf93c,prod_72dfeba4701d415d317a,var_a4481e5f98f473cda093,cust_b7841da1a3d2662a5ee8,5,Solid daily gear. Fit was true to size for me.,negative,true_to_size,2026-06-07T14:26:48.000Z
rev_a022465d5ccb33d87627,prod_0189531a36c049171820,var_a11d1e73dd135e3f1cb9,cust_3fe202bb5392f3e22d63,4,Comfortable on long runs and held up well after washing.,positive,true_to_size,2026-05-30T07:26:36.000Z
rev_6023dd6fa93b56a43259,prod_30d7a0ddc2ef16ba66b9,var_5ad21b0b072b59385182,cust_6786ff64c0b3ce9a00a3,5,Great race day option and the color looks sharp.,positive,runs_large,2026-06-11T07:44:11.000Z
rev_06e4e3339aa5a4f64529,prod_72dfeba4701d415d317a,var_1a7a54f91d9a9784b173,cust_604cb742c2ad4709d416,4,Solid daily gear. Fit was true to size for me.,neutral,true_to_size,2026-05-30T09:44:10.000Z
rev_3792269e2fb7ab90f4b9,prod_0189531a36c049171820,var_fa3dbd5a2054f66ebda8,cust_9446a25910606338742b,5,"Lightweight feel, but I would size up next time.",negative,runs_small,2026-05-31T16:57:14.000Z
rev_8e4b77593be3b2b5c509,prod_0189531a36c049171820,var_a11d1e73dd135e3f1cb9,cust_f7f0ea7d8fe3bf203fb2,4,Solid daily gear. Fit was true to size for me.,neutral,true_to_size,2026-06-09T18:33:51.000Z
rev_882dbe9094f7c8517ebe,prod_1aac77da65d619e6240f,var_19b6c0119781ca26cfab,cust_0f2b246cdb7bd6fc7d5e,3,Loved the fabric and bought a second color.,negative,runs_large,2026-06-07T16:24:21.000Z
rev_50780d3abd272d49c4e0,prod_2efa0aed0d6e67ecae58,var_64183720fcbbbd913ed0,cust_7e527b76c1cf1c2c4080,2,Comfortable on long runs and held up well after washing.,negative,true_to_size,2026-05-27T23:45:03.000Z
rev_a24e36077b0c2f3065e0,prod_2efa0aed0d6e67ecae58,var_0072c3c72ae42a25b5f3,cust_33d48306f077f0b1817b,5,"Good quality, but delivery took longer than expected.",positive,true_to_size,2026-06-10T07:04:11.000Z
rev_0271f18a17f920fe543a,prod_ee93d55d30addeff6954,var_eb2f38cea72d24acd1c4,cust_04be9003980243189e66,5,Great race day option and the color looks sharp.,neutral,true_to_size,2026-06-09T22:43:23.000Z
rev_4e8c64eac3c52d4738cb,prod_2efa0aed0d6e67ecae58,var_c1d92c21012faefae3f8,cust_04be9003980243189e66,3,"Good quality, but delivery took longer than expected.",negative,true_to_size,2026-06-03T23:21:48.000Z
rev_82db709743aefb3bfd6d,prod_438a44848bc196e6d975,var_b205c40ad363b680ec58,cust_d5fd1bec62f1d3fa4437,5,Great race day option and the color looks sharp.,positive,runs_small,2026-05-31T10:03:29.000Z
rev_c3df78d9d9a7b4efd4a1,prod_1aac77da65d619e6240f,var_19fa5bf87e2a73901ef4,cust_d5fd1bec62f1d3fa4437,5,Loved the fabric and bought a second color.,positive,runs_large,2026-05-29T19:20:24.000Z
rev_4fe8766f3059384fb233,prod_72dfeba4701d415d317a,var_be4c5e4aeb2733383b86,cust_d898fb13ddb9f1e24f02,5,"Good quality, but delivery took longer than expected.",positive,true_to_size,2026-06-04T21:13:23.000Z
rev_7f0166a8e9a025fc724d,prod_d43b2cf8fa29d7ae9b37,var_aa050b328bd26312a85e,cust_6362b56fcebeefaeb334,4,Great race day option and the color looks sharp.,positive,true_to_size,2026-06-09T22:45:52.000Z
rev_c1d57adde582ba4870f8,prod_72dfeba4701d415d317a,var_a0b00e2faaec9758659d,cust_c9ff1fcc9f415d6bb6cb,4,"Lightweight feel, but I would size up next time.",neutral,true_to_size,2026-06-05T21:29:28.000Z
rev_875911e2e715a1a80ca2,prod_1aac77da65d619e6240f,var_811e9c78b377b4e4453c,cust_fdc60564fd0dc66b21d0,5,Comfortable on long runs and held up well after washing.,positive,true_to_size,2026-06-07T17:18:38.000Z
rev_d5b7991be01bbcf3b574,prod_1aac77da65d619e6240f,var_827c52ca8f98abbcdae2,cust_fdc60564fd0dc66b21d0,5,Solid daily gear. Fit was true to size for me.,neutral,true_to_size,2026-05-30T19:48:20.000Z
rev_47b69a55c92edd71b433,prod_4fb11ac857411bda88a4,var_b9b996a2b08ed40ea006,cust_b5157f2c9ef87de9c645,5,Solid daily gear. Fit was true to size for me.,positive,runs_large,2026-05-30T18:09:59.000Z
rev_a5689607cb6c74b78340,prod_ee93d55d30addeff6954,var_269576cae5504f7beee6,cust_eb63894240166165d8fa,4,Loved the fabric and bought a second color.,negative,true_to_size,2026-06-03T18:05:48.000Z
rev_8f95350f425d233d9343,prod_d43b2cf8fa29d7ae9b37,var_1fbd683f0c26c28d4200,cust_4b374231b25bece7e418,5,Great race day option and the color looks sharp.,positive,true_to_size,2026-06-09T21:55:33.000Z
rev_912a7414e4ea4103c46f,prod_d43b2cf8fa29d7ae9b37,var_d8747d212def9f4c3e80,cust_7a54ffb1f327d0d63c8f,1,Great race day option and the color looks sharp.,positive,runs_large,2026-06-06T12:39:48.000Z
rev_49da47200ef01358ac78,prod_438a44848bc196e6d975,var_05e312d19f2d967b02ae,cust_d6c6551e7b34f80b3720,3,Loved the fabric and bought a second color.,positive,true_to_size,2026-06-04T08:07:40.000Z
rev_2b1d543ce5d6d5b0175c,prod_d43b2cf8fa29d7ae9b37,var_a2c2c81c60e69fda9995,cust_870255436536ad9e310b,2,Great race day option and the color looks sharp.,positive,true_to_size,2026-06-01T13:49:55.000Z
rev_87ee068b349465e6da48,prod_1aac77da65d619e6240f,var_b18529e43b561104e73d,cust_ba8ae7df1d3c031108d5,5,"Lightweight feel, but I would size up next time.",positive,true_to_size,2026-06-12T13:46:17.000Z
rev_52339efa5286b1e638e8,prod_2efa0aed0d6e67ecae58,var_8ab4fd713004558e9200,cust_0da588e7b597018aa8c3,4,Comfortable on long runs and held up well after washing.,positive,true_to_size,2026-05-29T23:51:11.000Z
rev_49f68605bfcb1962604c,prod_ee93d55d30addeff6954,var_1c227362843cad63ec2d,cust_0da588e7b597018aa8c3,1,Comfortable on long runs and held up well after washing.,neutral,true_to_size,2026-06-08T07:58:48.000Z
rev_3c4d1d28a837c59802a8,prod_ee93d55d30addeff6954,var_30fe308642c7372a4c55,cust_8fc5b70337426947f216,5,Loved the fabric and bought a second color.,neutral,true_to_size,2026-06-08T11:38:28.000Z
rev_6d7d387c65621483b4ec,prod_ee93d55d30addeff6954,var_c9ae287d0fd94aec879d,cust_ce27dd2c8c7bf358adda,4,Solid daily gear. Fit was true to size for me.,neutral,runs_small,2026-06-03T20:12:52.000Z
rev_921265b1e682821656ed,prod_2efa0aed0d6e67ecae58,var_c1d92c21012faefae3f8,cust_ebabdc3945aecba58bf9,4,"Good quality, but delivery took longer than expected.",positive,true_to_size,2026-06-02T21:18:34.000Z
rev_9f65a227b981c9ae14e8,prod_ee93d55d30addeff6954,var_2d63af5c80cedd103436,cust_4c0a4603d303e9eb7d7c,3,"Good quality, but delivery took longer than expected.",positive,true_to_size,2026-06-10T19:25:28.000Z
rev_648e329aee42262580bf,prod_4fb11ac857411bda88a4,var_6bfb37f2e216be599dfb,cust_806fb93bdbc0a26050bd,5,Great race day option and the color looks sharp.,positive,true_to_size,2026-06-11T16:19:34.000Z
rev_b9b8b045677506bc45d2,prod_4fb11ac857411bda88a4,var_2683dc797f5a0706de2c,cust_7d6e3ddb19b67fb167c8,2,"Good quality, but delivery took longer than expected.",positive,true_to_size,2026-06-05T19:23:39.000Z
rev_e93007bf48807d7b31ad,prod_1aac77da65d619e6240f,var_5229b1982481efd531f3,cust_cae04617e88c53ca7bd4,5,"Good quality, but delivery took longer than expected.",positive,true_to_size,2026-06-10T16:29:11.000Z
rev_95bf72fd369c72cd4859,prod_d43b2cf8fa29d7ae9b37,var_3cc406399bed25270f9e,cust_debfee9380f646c4ea97,2,Great race day option and the color looks sharp.,neutral,runs_small,2026-06-14T23:23:30.000Z
rev_9b3724a48b513e8a119e,prod_2efa0aed0d6e67ecae58,var_499d2419d323a686d2c6,cust_debfee9380f646c4ea97,3,Solid daily gear. Fit was true to size for me.,positive,true_to_size,2026-06-07T12:56:34.000Z
rev_97d1cd1887fa7ac51803,prod_d43b2cf8fa29d7ae9b37,var_3cc406399bed25270f9e,cust_62188484039d0aa2add5,4,Great race day option and the color looks sharp.,positive,true_to_size,2026-06-02T17:35:51.000Z
rev_db99488765f41070c0f3,prod_1aac77da65d619e6240f,var_811e9c78b377b4e4453c,cust_9824afd3066858029c32,1,Comfortable on long runs and held up well after washing.,positive,true_to_size,2026-06-10T20:42:51.000Z
rev_34a0d55b2f1f289c7310,prod_0189531a36c049171820,var_7657acb4edd171a3e158,cust_26f7e5478b162db153de,5,"Lightweight feel, but I would size up next time.",neutral,true_to_size,2026-05-30T15:10:02.000Z
rev_5e33005cd6945f4ab0e1,prod_72dfeba4701d415d317a,var_261e93378c2ea03cf536,cust_65a409674f857024e522,5,Solid daily gear. Fit was true to size for me.,positive,true_to_size,2026-06-03T13:50:19.000Z
rev_91fe6c3052be30846d21,prod_1aac77da65d619e6240f,var_a6767a237b512235506f,cust_604cb742c2ad4709d416,4,Comfortable on long runs and held up well after washing.,positive,true_to_size,2026-06-02T14:02:08.000Z
rev_93e40f0325d59995ffd5,prod_1aac77da65d619e6240f,var_b0665991d9649a256643,cust_af2675cef33c04623c13,4,"Lightweight feel, but I would size up next time.",neutral,true_to_size,2026-06-02T14:09:23.000Z
rev_23a86e3f3f227234037a,prod_ee93d55d30addeff6954,var_9d18dbed26f272d168b2,cust_890c44303be9617524a7,2,Great race day option and the color looks sharp.,positive,true_to_size,2026-06-04T07:41:36.000Z
rev_093d9f2e08643a0448ed,prod_1aac77da65d619e6240f,var_3a2e554b388bcfe86ab3,cust_890c44303be9617524a7,2,Solid daily gear. Fit was true to size for me.,neutral,runs_small,2026-05-31T11:06:23.000Z
rev_6db07202b1848acccaee,prod_ee93d55d30addeff6954,var_a0efe0997b6073b5e9d5,cust_b23c34e8684aae09d1b5,5,Comfortable on long runs and held up well after washing.,negative,true_to_size,2026-06-01T23:35:46.000Z
rev_da2af83c238e03f0b29c,prod_ea26883fb1deabd15141,var_a18ec8356e2d553dbf65,cust_c4c2b4e1649dc683d9c3,2,Comfortable on long runs and held up well after washing.,positive,true_to_size,2026-06-11T16:03:06.000Z
rev_0ea771e69a79911459e0,prod_4fb11ac857411bda88a4,var_71823e970238e186821c,cust_a71691c59806bd1866cd,2,Loved the fabric and bought a second color.,negative,true_to_size,2026-06-05T11:15:10.000Z
rev_031bf14661f39de0551d,prod_0189531a36c049171820,var_360731b0a803c24bfd69,cust_1b39cf9fb28b55afb46b,4,Solid daily gear. Fit was true to size for me.,neutral,true_to_size,2026-06-08T18:52:42.000Z
rev_6fe3029a43b80df2633d,prod_72dfeba4701d415d317a,var_a0b00e2faaec9758659d,cust_1b39cf9fb28b55afb46b,4,"Lightweight feel, but I would size up next time.",positive,true_to_size,2026-06-03T06:10:25.000Z
rev_495c83000500dea80937,prod_4fb11ac857411bda88a4,var_94b54f7c484f05634866,cust_1e2118802daa0150652c,3,Great race day option and the color looks sharp.,positive,runs_large,2026-06-12T06:39:06.000Z
rev_f72decd6299ebed708ae,prod_4fb11ac857411bda88a4,var_71823e970238e186821c,cust_4ca05d5d9aed821890a6,4,"Lightweight feel, but I would size up next time.",positive,runs_small,2026-06-03T23:34:30.000Z
rev_ac277f2b2ef6f0e8d1b2,prod_1aac77da65d619e6240f,var_44f43fafea7f397d29fa,cust_19622178cc7d911e355f,5,"Good quality, but delivery took longer than expected.",positive,runs_small,2026-06-03T15:45:57.000Z
rev_6dec0dec1c2ba8bf5aa2,prod_d43b2cf8fa29d7ae9b37,var_03696f04943b92dadb38,cust_7db519b42f352665023d,5,Great race day option and the color looks sharp.,positive,true_to_size,2026-06-06T11:55:04.000Z
rev_c07a66547ba682cd33c1,prod_ee93d55d30addeff6954,var_b319dcd8931c568f8dde,cust_4702864399c9a73091a9,5,"Lightweight feel, but I would size up next time.",positive,runs_small,2026-06-09T11:39:08.000Z
rev_7607736550acc1e0b59a,prod_4fb11ac857411bda88a4,var_e49c1d617edcf65ee83c,cust_fad144248cd02ec15ecb,4,Loved the fabric and bought a second color.,neutral,true_to_size,2026-06-13T18:04:37.000Z
rev_89473f4c9f59e4eadd01,prod_4fb11ac857411bda88a4,var_2683dc797f5a0706de2c,cust_be2f7dd5e125f680019d,4,Loved the fabric and bought a second color.,neutral,runs_small,2026-06-12T18:29:15.000Z
rev_07035d72d61ae90620dc,prod_ee93d55d30addeff6954,var_9cd2bb280dce3fa2e76b,cust_31b8ebfb1e307d66a731,4,"Lightweight feel, but I would size up next time.",positive,runs_small,2026-06-07T17:35:37.000Z
rev_38d1b7fd9e95cb2d8672,prod_d43b2cf8fa29d7ae9b37,var_320e93b779cc3f59b69d,cust_0c17b7db8294af765da8,4,Great race day option and the color looks sharp.,positive,true_to_size,2026-06-12T07:10:06.000Z
rev_7c824bbda0a9d9d98481,prod_d43b2cf8fa29d7ae9b37,var_1281ece6b89ebbdd0340,cust_3cb2859167127d1ecf17,5,"Lightweight feel, but I would size up next time.",neutral,true_to_size,2026-05-31T12:11:46.000Z
rev_9cce5fb3499ae4b9b367,prod_2efa0aed0d6e67ecae58,var_64183720fcbbbd913ed0,cust_3cb2859167127d1ecf17,5,"Good quality, but delivery took longer than expected.",positive,true_to_size,2026-06-15T12:04:44.000Z
rev_e7d89961585e49f22a38,prod_d43b2cf8fa29d7ae9b37,var_7d1ebbe12c99beb1f424,cust_7c9fd1a9289807b7febd,5,Great race day option and the color looks sharp.,positive,true_to_size,2026-06-06T07:25:32.000Z
rev_28c91dc0614d72e21e74,prod_1aac77da65d619e6240f,var_30a71ca69a0597e20603,cust_b4499534000a704a1fb3,4,Great race day option and the color looks sharp.,negative,true_to_size,2026-06-13T17:22:13.000Z
rev_1688466110408e8ca43c,prod_438a44848bc196e6d975,var_b45c40adf3eb6d63798c,cust_b4499534000a704a1fb3,5,Loved the fabric and bought a second color.,positive,true_to_size,2026-06-12T12:59:21.000Z
rev_d48cb75f16c33603ce78,prod_0189531a36c049171820,var_ec38e216853971e3ca9c,cust_e907bd68181a139244e9,2,Comfortable on long runs and held up well after washing.,positive,true_to_size,2026-06-12T07:29:42.000Z
rev_3cbb4f436208d1ce7ed8,prod_0189531a36c049171820,var_fa3dbd5a2054f66ebda8,cust_66188d7ebd50d228c645,5,Solid daily gear. Fit was true to size for me.,positive,runs_large,2026-06-01T21:47:29.000Z
rev_3e6590b2f91f5eadbb13,prod_4fb11ac857411bda88a4,var_0298ed73b20b2a58ddc3,cust_b092439e3482162bb1f0,3,Solid daily gear. Fit was true to size for me.,positive,true_to_size,2026-06-05T11:14:41.000Z
rev_cf9c6c7fda709690055a,prod_72dfeba4701d415d317a,var_3095fdb99afdb37f42a9,cust_df2601c28cba876bf2ec,3,"Good quality, but delivery took longer than expected.",neutral,true_to_size,2026-06-06T15:55:18.000Z
rev_6333a1878db1c607a41f,prod_1aac77da65d619e6240f,var_811e9c78b377b4e4453c,cust_2d67f9fa87646a415b2a,3,Comfortable on long runs and held up well after washing.,positive,true_to_size,2026-06-04T17:16:55.000Z
rev_7277726e2634627673a3,prod_2efa0aed0d6e67ecae58,var_7563e95b2351a5fa4a08,cust_dad763cf348bf2ff97e3,2,Great race day option and the color looks sharp.,positive,true_to_size,2026-06-10T06:40:31.000Z
rev_7e647fe5db022d017208,prod_0189531a36c049171820,var_0f3bd97c57258221527f,cust_e05d43e992da10d31173,4,"Good quality, but delivery took longer than expected.",positive,true_to_size,2026-06-12T16:48:56.000Z
rev_93d66f76168994c12665,prod_2efa0aed0d6e67ecae58,var_fe046aec4c2aa733984d,cust_4b4ed8006728ba36de20,5,Loved the fabric and bought a second color.,positive,true_to_size,2026-06-03T11:04:38.000Z
rev_4797234dd4c2829d1d2c,prod_0189531a36c049171820,var_00c1c82f6d8a8b24ddf5,cust_3ad86aad95d7e4d4f597,4,Great race day option and the color looks sharp.,positive,true_to_size,2026-06-15T12:38:30.000Z
rev_cec5342f9025bf7bf5c3,prod_72dfeba4701d415d317a,var_a4481e5f98f473cda093,cust_ce05675131a95a4c682c,4,Comfortable on long runs and held up well after washing.,negative,true_to_size,2026-06-14T09:18:52.000Z
rev_8f112eb2f97bc3ffa52c,prod_2efa0aed0d6e67ecae58,var_d045b09c714a135c2f0a,cust_fa8c78de4938f0b07df4,3,"Good quality, but delivery took longer than expected.",positive,true_to_size,2026-06-06T10:59:10.000Z
rev_b0f05e8486e149b76533,prod_72dfeba4701d415d317a,var_8a23a15f6866bdee9409,cust_98ae21d754d2504be618,5,Solid daily gear. Fit was true to size for me.,positive,runs_small,2026-06-09T15:30:43.000Z
rev_a0a1181301b86759be93,prod_4fb11ac857411bda88a4,var_b9b996a2b08ed40ea006,cust_50ce895e7b75a0e49402,5,Solid daily gear. Fit was true to size for me.,positive,true_to_size,2026-06-14T06:26:16.000Z
rev_137d43baeecb57bd259b,prod_0189531a36c049171820,var_fcc7e2fc3cb72570cbfc,cust_50ce895e7b75a0e49402,4,"Good quality, but delivery took longer than expected.",positive,true_to_size,2026-06-06T11:52:14.000Z
rev_f3782a56f26f0c0ea509,prod_438a44848bc196e6d975,var_a7daae96f9b2f50dfdef,cust_b57e062ec53b53eca84e,5,"Good quality, but delivery took longer than expected.",positive,true_to_size,2026-06-13T17:33:40.000Z
rev_3b2e2089802a7d6d0988,prod_1aac77da65d619e6240f,var_3a2e554b388bcfe86ab3,cust_9c2bb20e5ce2c91502a9,4,Great race day option and the color looks sharp.,neutral,runs_large,2026-06-15T13:10:14.000Z
rev_d28ee7f80e1ad731729e,prod_ee93d55d30addeff6954,var_8d654d633876e75e4317,cust_7bab3b346baeef73851c,5,Comfortable on long runs and held up well after washing.,neutral,true_to_size,2026-06-08T06:56:37.000Z
rev_e9806657af297465e455,prod_4fb11ac857411bda88a4,var_79dbcc3eddbb79b3678b,cust_082613cd43cb7e237a28,4,"Good quality, but delivery took longer than expected.",positive,true_to_size,2026-06-13T10:13:11.000Z
rev_c8329b8f596803640a6d,prod_1aac77da65d619e6240f,var_19fa5bf87e2a73901ef4,cust_e5bea1a54f896ddffd6d,5,Loved the fabric and bought a second color.,positive,true_to_size,2026-06-16T12:32:29.000Z
rev_a08e5470411731085373,prod_ee93d55d30addeff6954,var_9d18dbed26f272d168b2,cust_6ed6f6c1248513294da0,5,Solid daily gear. Fit was true to size for me.,positive,runs_small,2026-06-08T20:12:11.000Z
rev_c0519406de98f7af7189,prod_72dfeba4701d415d317a,var_7a9bd3c5007019c19bfe,cust_3ff6c4bbf63c79ca19f6,3,Great race day option and the color looks sharp.,positive,true_to_size,2026-06-05T21:15:49.000Z
rev_e4527783735a2dab75b7,prod_ee93d55d30addeff6954,var_075418ff0be5cdb7558e,cust_2b9206fe34f5804c7c8c,3,Solid daily gear. Fit was true to size for me.,positive,runs_small,2026-06-05T18:05:24.000Z
rev_e38df122f1f282d8d23a,prod_1aac77da65d619e6240f,var_8ec37fcdee5f1140ec55,cust_b53934be340eefe6623a,5,"Lightweight feel, but I would size up next time.",negative,true_to_size,2026-06-13T13:37:58.000Z
rev_cd94be580866cd111177,prod_ebe756215bbfcde882c1,var_0c2a56074856654cc09c,cust_0f64501e560d8203713c,5,Comfortable on long runs and held up well after washing.,neutral,true_to_size,2026-06-05T23:27:39.000Z
rev_2f7fd118e65b4dabf668,prod_438a44848bc196e6d975,var_eaa58626775f5e10787c,cust_bb9afe8fe06698bc31d3,3,Comfortable on long runs and held up well after washing.,positive,runs_large,2026-06-07T07:57:11.000Z
rev_9cd30ff286535bbe3a55,prod_72dfeba4701d415d317a,var_439e4a3b1ded76626bcc,cust_9b92ffe4b949311eb3b3,5,Solid daily gear. Fit was true to size for me.,positive,true_to_size,2026-06-18T08:56:46.000Z
rev_5d51b4e824f8860cf06b,prod_72dfeba4701d415d317a,var_e55f60ce5370c732b493,cust_9b92ffe4b949311eb3b3,5,Comfortable on long runs and held up well after washing.,positive,true_to_size,2026-06-09T20:17:14.000Z
rev_2f144823523236414222,prod_4fb11ac857411bda88a4,var_77f9b98f706e27f8d8f9,cust_351d3e51a66b22b7a528,4,Solid daily gear. Fit was true to size for me.,positive,true_to_size,2026-06-04T21:51:40.000Z
rev_ab08188c38ce3a0becba,prod_72dfeba4701d415d317a,var_abf4b066285529554ec5,cust_95ed0dd9139ab9d80b05,4,"Lightweight feel, but I would size up next time.",negative,true_to_size,2026-06-03T07:08:22.000Z
rev_3eb16a03686a926b8d8f,prod_0189531a36c049171820,var_51f120a7b2c0d86f9a2b,cust_cfb8572f804437b42df7,4,Loved the fabric and bought a second color.,positive,runs_small,2026-06-13T16:33:17.000Z
rev_f79b14117d9ee8acd7d8,prod_438a44848bc196e6d975,var_68f5766a025554c3eaa9,cust_73004816c0e3710e5b89,5,Solid daily gear. Fit was true to size for me.,positive,runs_small,2026-06-08T21:51:06.000Z
rev_b9067f3c81e2f3501fa4,prod_ee93d55d30addeff6954,var_a0efe0997b6073b5e9d5,cust_340bda3e2ec09dbabb68,5,Comfortable on long runs and held up well after washing.,negative,true_to_size,2026-06-11T19:20:55.000Z
rev_da561e18bf0f44f42248,prod_72dfeba4701d415d317a,var_8856a9a1708ad62e3b1d,cust_e4a16d70fa9ee1870e36,3,Loved the fabric and bought a second color.,neutral,true_to_size,2026-06-14T15:53:27.000Z
rev_dae2daadd1d7a5857fd9,prod_d43b2cf8fa29d7ae9b37,var_3cc406399bed25270f9e,cust_e5ba58cd67eb9e4e75a3,5,Great race day option and the color looks sharp.,positive,true_to_size,2026-06-06T23:44:24.000Z
rev_2baba021bf2407ff0050,prod_d43b2cf8fa29d7ae9b37,var_87fdb4d38460cd899505,cust_e25e645eed3554faaa42,4,"Lightweight feel, but I would size up next time.",positive,true_to_size,2026-06-06T06:06:19.000Z
rev_25ed3910bef044905b47,prod_438a44848bc196e6d975,var_e117db91e6327b985328,cust_bf783e53f7f17448bbf9,5,Solid daily gear. Fit was true to size for me.,neutral,runs_small,2026-06-12T06:48:59.000Z
rev_7d5257e9b44b9c67378f,prod_30d7a0ddc2ef16ba66b9,var_5ad21b0b072b59385182,cust_f34243012af858727615,4,"Lightweight feel, but I would size up next time.",positive,true_to_size,2026-06-11T12:28:40.000Z
rev_ad9b41594ca0d5fdc16e,prod_2efa0aed0d6e67ecae58,var_d206780fbe564728bf65,cust_31695663512dddb15ad2,5,Comfortable on long runs and held up well after washing.,negative,true_to_size,2026-06-18T21:57:36.000Z
rev_06e6e215ccf967a7a145,prod_ea26883fb1deabd15141,var_a56e028f2685d369a8a2,cust_be24e8b526e4c1bb8cd9,5,Solid daily gear. Fit was true to size for me.,positive,true_to_size,2026-06-18T16:15:08.000Z
rev_db6c32c485ddc6111025,prod_1aac77da65d619e6240f,var_8ec37fcdee5f1140ec55,cust_af2675cef33c04623c13,5,Great race day option and the color looks sharp.,neutral,true_to_size,2026-06-09T10:11:03.000Z
rev_6ad83dd7ed27dfbe1594,prod_1aac77da65d619e6240f,var_b0665991d9649a256643,cust_47d70355cc71a40a30d6,5,Great race day option and the color looks sharp.,positive,runs_small,2026-06-14T23:23:04.000Z
rev_3397635b29342266f7b7,prod_d43b2cf8fa29d7ae9b37,var_db3c0fa83abed429ed33,cust_74263f855f88d4f15a6a,4,Loved the fabric and bought a second color.,positive,true_to_size,2026-06-12T18:32:44.000Z
rev_2ad7fced056e58aa9a23,prod_ea26883fb1deabd15141,var_bc45956a6234980b8431,cust_a2df6996fddfaed8abff,4,"Good quality, but delivery took longer than expected.",positive,true_to_size,2026-06-09T18:00:41.000Z
rev_2bdbb0c9313a79a48035,prod_0189531a36c049171820,var_b5d905be4efb894192b7,cust_0a9d0dece8b88d25cfec,4,"Good quality, but delivery took longer than expected.",negative,runs_small,2026-06-08T15:13:09.000Z
rev_1c22143e989cf96279db,prod_1aac77da65d619e6240f,var_30a71ca69a0597e20603,cust_be4bb82483fff1091a8b,4,Solid daily gear. Fit was true to size for me.,positive,true_to_size,2026-06-09T18:24:26.000Z
rev_3046919902225e964dd3,prod_72dfeba4701d415d317a,var_261e93378c2ea03cf536,cust_fae453b57216c3b0808e,2,Great race day option and the color looks sharp.,positive,true_to_size,2026-06-04T19:40:50.000Z
rev_0b22226d25a18c8d7a6b,prod_ee93d55d30addeff6954,var_76a3d7146b323dd2a889,cust_16dc6b21cf8de25a266c,5,Comfortable on long runs and held up well after washing.,negative,true_to_size,2026-06-11T18:16:56.000Z
rev_24c2365c0ec5dcd43f53,prod_ee93d55d30addeff6954,var_85fb0baa8d121f327944,cust_caf5cf1a671f26e918fd,4,Solid daily gear. Fit was true to size for me.,neutral,true_to_size,2026-06-10T22:24:11.000Z
rev_8d6db91faa994e68fcd0,prod_0189531a36c049171820,var_617730612696e695ed41,cust_e108bdb1c9f43111d6ba,4,Loved the fabric and bought a second color.,neutral,runs_small,2026-06-11T12:14:24.000Z
rev_db1a03c9ad54a61e1a02,prod_d43b2cf8fa29d7ae9b37,var_6f0cce9478da3e151612,cust_fb56b5356d04686704b3,5,Great race day option and the color looks sharp.,positive,true_to_size,2026-06-16T22:20:26.000Z
rev_8f9045e7ab60e84b6faa,prod_ea26883fb1deabd15141,var_bc45956a6234980b8431,cust_dbc8866a9a35b58dc975,5,Loved the fabric and bought a second color.,positive,true_to_size,2026-06-09T07:04:18.000Z
rev_c3c19570d3af8a8a6142,prod_0189531a36c049171820,var_324e13c984d9aaab9604,cust_47a9d21b8fac4d4dcef4,2,Comfortable on long runs and held up well after washing.,neutral,runs_large,2026-06-05T12:47:49.000Z
rev_cd3f99811e0c7c6d8c86,prod_ee93d55d30addeff6954,var_269576cae5504f7beee6,cust_fbe646c5e0481154026d,4,Great race day option and the color looks sharp.,neutral,true_to_size,2026-06-14T19:42:33.000Z
rev_4e5b7a65d7eb1dd1eea7,prod_0189531a36c049171820,var_b30af374f3e8523449d6,cust_1e2118802daa0150652c,4,"Lightweight feel, but I would size up next time.",neutral,true_to_size,2026-06-14T14:38:53.000Z
rev_fa35b0972b9e4a658e89,prod_d43b2cf8fa29d7ae9b37,var_03696f04943b92dadb38,cust_be24e8b526e4c1bb8cd9,4,Loved the fabric and bought a second color.,positive,true_to_size,2026-06-14T16:29:28.000Z
rev_f58cca37c236e0ed890c,prod_ea26883fb1deabd15141,var_8d5d2d5c13ed45a481ad,cust_806fb93bdbc0a26050bd,5,Great race day option and the color looks sharp.,neutral,true_to_size,2026-06-05T23:49:15.000Z
rev_eedf34dd1c3f9c5c20fa,prod_1aac77da65d619e6240f,var_4ec6f48b0a97467baa73,cust_89c8357fc6d5bb7d31b7,3,Loved the fabric and bought a second color.,positive,true_to_size,2026-06-10T21:23:05.000Z
rev_7827dd39a9d0a4efa6ff,prod_d43b2cf8fa29d7ae9b37,var_320e93b779cc3f59b69d,cust_769fb300006f72d34fc5,4,Loved the fabric and bought a second color.,positive,runs_small,2026-06-12T19:20:40.000Z
rev_52f25af6c08d6d835edc,prod_2efa0aed0d6e67ecae58,var_5414ce2508350e24da4d,cust_ac438756e3abf72024b7,5,Comfortable on long runs and held up well after washing.,positive,runs_small,2026-06-18T17:17:58.000Z
rev_90d7df034832722e1c07,prod_438a44848bc196e6d975,var_0b2b595a7dc5b15f1c86,cust_fccb6a7ada52004a4994,1,Great race day option and the color looks sharp.,positive,true_to_size,2026-06-09T23:39:36.000Z
rev_53471a24b095cf51d974,prod_0189531a36c049171820,var_fa3dbd5a2054f66ebda8,cust_280b0431adcd19f37327,5,Comfortable on long runs and held up well after washing.,positive,true_to_size,2026-06-14T16:56:43.000Z
rev_5a94d105ec49e0c50165,prod_72dfeba4701d415d317a,var_439e4a3b1ded76626bcc,cust_fdb5cfb37a3ef2144667,4,Loved the fabric and bought a second color.,positive,true_to_size,2026-06-12T13:30:15.000Z
rev_e648d21b33dc2fa860b2,prod_d43b2cf8fa29d7ae9b37,var_01a56d62607b13a33c4e,cust_0f2b246cdb7bd6fc7d5e,4,"Good quality, but delivery took longer than expected.",neutral,true_to_size,2026-06-07T19:39:41.000Z
rev_e254fbb802275f91d46f,prod_0189531a36c049171820,var_617730612696e695ed41,cust_c000315730f827c1278d,4,"Good quality, but delivery took longer than expected.",positive,true_to_size,2026-06-08T17:36:32.000Z
rev_a03d61c436b6d5f6a3d7,prod_72dfeba4701d415d317a,var_a8e55173ba8ba00fbb58,cust_ea591095ccacc8625c33,4,"Good quality, but delivery took longer than expected.",positive,true_to_size,2026-06-19T17:05:01.000Z
rev_f6e42bdcf8619915a92c,prod_1aac77da65d619e6240f,var_30a71ca69a0597e20603,cust_73004816c0e3710e5b89,5,Comfortable on long runs and held up well after washing.,positive,true_to_size,2026-06-12T10:15:20.000Z
rev_797c2f996dbab660650c,prod_d43b2cf8fa29d7ae9b37,var_87e530ced3270be98f36,cust_314cd058ebd80d16f1e6,3,Great race day option and the color looks sharp.,positive,true_to_size,2026-06-17T06:45:03.000Z
rev_3d4b24beacb5c2eeae54,prod_ee93d55d30addeff6954,var_c9ae287d0fd94aec879d,cust_f0b3f9bfa06e58b06abf,4,Great race day option and the color looks sharp.,positive,runs_small,2026-06-20T21:40:38.000Z
rev_17b63fbade55c4de75e3,prod_2efa0aed0d6e67ecae58,var_1a3c43e3bd57b167f4c1,cust_ce27dd2c8c7bf358adda,5,Great race day option and the color looks sharp.,positive,runs_large,2026-06-20T16:08:06.000Z
rev_673d9cec3c9b701920bd,prod_ee93d55d30addeff6954,var_61a3d99f3dd57555f061,cust_c37e423b53b546ea9ef8,5,Solid daily gear. Fit was true to size for me.,positive,true_to_size,2026-06-10T19:24:59.000Z
rev_cfb2964d59a38235b66d,prod_2efa0aed0d6e67ecae58,var_0072c3c72ae42a25b5f3,cust_95bad2c193ceab454169,4,"Lightweight feel, but I would size up next time.",neutral,true_to_size,2026-06-11T06:58:32.000Z
rev_067bc6ffe678d5fda5ca,prod_72dfeba4701d415d317a,var_439e4a3b1ded76626bcc,cust_95bad2c193ceab454169,5,"Good quality, but delivery took longer than expected.",positive,runs_large,2026-06-19T10:27:41.000Z
rev_5ede901dbb6b1d368c05,prod_ee93d55d30addeff6954,var_76a3d7146b323dd2a889,cust_5f2fc0389eb9d0281a61,4,"Lightweight feel, but I would size up next time.",positive,true_to_size,2026-06-14T13:03:09.000Z
rev_e2c364e9741e0987b93e,prod_72dfeba4701d415d317a,var_be4c5e4aeb2733383b86,cust_5f2fc0389eb9d0281a61,2,Great race day option and the color looks sharp.,positive,runs_large,2026-06-11T12:04:04.000Z
rev_8d526ddfdc7dc5e61b8a,prod_0189531a36c049171820,var_b30af374f3e8523449d6,cust_e25e645eed3554faaa42,5,Loved the fabric and bought a second color.,negative,true_to_size,2026-06-06T19:29:05.000Z
rev_09220a3edf4a0679922b,prod_4fb11ac857411bda88a4,var_03e26300920b777b60ce,cust_f774af6f0e09535b27d7,5,Solid daily gear. Fit was true to size for me.,positive,true_to_size,2026-06-07T19:39:04.000Z
rev_55f71ae30e0a5945f15d,prod_30d7a0ddc2ef16ba66b9,var_5ad21b0b072b59385182,cust_eed7aba40dca597e216e,5,Loved the fabric and bought a second color.,negative,true_to_size,2026-06-09T14:45:16.000Z
rev_258a000bab5f3be0cbca,prod_4fb11ac857411bda88a4,var_94b54f7c484f05634866,cust_d8f5c706944c8f4b2963,5,"Lightweight feel, but I would size up next time.",neutral,runs_large,2026-06-07T20:48:11.000Z
rev_69b8189a17ed48214894,prod_0189531a36c049171820,var_617730612696e695ed41,cust_d31732a6afdcc7e301fc,5,Great race day option and the color looks sharp.,positive,true_to_size,2026-06-13T23:00:20.000Z
rev_a22e511884b5a2c193fe,prod_ee93d55d30addeff6954,var_9f281e7cd219f0029526,cust_05f3790785af63cfdd45,3,"Good quality, but delivery took longer than expected.",positive,true_to_size,2026-06-21T12:15:36.000Z
rev_6e2f6e52c02c8722f0df,prod_ee93d55d30addeff6954,var_1c227362843cad63ec2d,cust_3b3d799588741cb48b01,3,Comfortable on long runs and held up well after washing.,positive,true_to_size,2026-06-18T22:29:32.000Z
rev_01b3cae2a7666ed6e942,prod_438a44848bc196e6d975,var_6255fbba1fc1f01b7ee9,cust_7f73c8ed3f139706a07f,4,Great race day option and the color looks sharp.,positive,true_to_size,2026-06-11T07:54:54.000Z
rev_52063b5903f3f4227d3a,prod_0189531a36c049171820,var_617730612696e695ed41,cust_f8699acf22e8e7b69243,2,Comfortable on long runs and held up well after washing.,positive,runs_small,2026-06-09T06:02:48.000Z
rev_9e4b2ad14a3f962f0a0f,prod_ebe756215bbfcde882c1,var_f9b6333510f3a2bddcce,cust_fd9594e3b3f027a477db,4,"Lightweight feel, but I would size up next time.",neutral,runs_small,2026-06-21T07:36:44.000Z
rev_2ad0f5c628546bdcd672,prod_ee93d55d30addeff6954,var_c491091d5ab7ff33db46,cust_fc9c75285535b4b79fcb,5,"Lightweight feel, but I would size up next time.",negative,runs_small,2026-06-14T15:31:41.000Z
rev_b543c07c7e18043c4a9c,prod_2efa0aed0d6e67ecae58,var_f6d3f9a9c8e4616f6c5c,cust_88afc6e4b63266701222,1,Solid daily gear. Fit was true to size for me.,positive,true_to_size,2026-06-16T22:55:22.000Z
rev_1a2e079e58f00d070e41,prod_4fb11ac857411bda88a4,var_48589628c217474fe88e,cust_294e4ced93f3435ed6da,5,Comfortable on long runs and held up well after washing.,negative,true_to_size,2026-06-14T18:41:05.000Z
rev_82fd9bc87cca1299c48c,prod_4fb11ac857411bda88a4,var_79dbcc3eddbb79b3678b,cust_fb55da4e365951a72329,3,"Lightweight feel, but I would size up next time.",neutral,true_to_size,2026-06-14T13:17:45.000Z
rev_153804c90950099b870f,prod_2efa0aed0d6e67ecae58,var_ffa3148e0ee7668d8f30,cust_3fe202bb5392f3e22d63,3,"Good quality, but delivery took longer than expected.",positive,true_to_size,2026-06-08T22:27:55.000Z
rev_02206df993fb727f2d80,prod_72dfeba4701d415d317a,var_261e93378c2ea03cf536,cust_da0c7d87cb59be41e7b6,5,Comfortable on long runs and held up well after washing.,positive,runs_small,2026-06-10T15:59:28.000Z
rev_df1b0351e0779b8a20d9,prod_30d7a0ddc2ef16ba66b9,var_5ad21b0b072b59385182,cust_95fc9b33f8815f7c8815,5,Comfortable on long runs and held up well after washing.,positive,true_to_size,2026-06-15T19:11:27.000Z
rev_f421ade334c69542c79d,prod_0189531a36c049171820,var_00df6f028ceddde26b68,cust_6ed6f6c1248513294da0,4,Comfortable on long runs and held up well after washing.,positive,true_to_size,2026-06-19T06:22:03.000Z
rev_b231d264b097e8369919,prod_ee93d55d30addeff6954,var_9f281e7cd219f0029526,cust_c69a802280738bcd9b6b,4,Comfortable on long runs and held up well after washing.,positive,runs_small,2026-06-14T19:05:03.000Z
rev_bc554f0108104cb7fa27,prod_1aac77da65d619e6240f,var_30c9251395a079628b82,cust_c69a802280738bcd9b6b,4,Comfortable on long runs and held up well after washing.,positive,true_to_size,2026-06-11T11:53:52.000Z
rev_fa3a9c2758ff63476ba3,prod_1aac77da65d619e6240f,var_44f43fafea7f397d29fa,cust_280b0431adcd19f37327,5,Great race day option and the color looks sharp.,positive,runs_large,2026-06-22T18:02:23.000Z
rev_b9d22093d748206325f8,prod_d43b2cf8fa29d7ae9b37,var_2abdb293ed839904df8a,cust_4be8bfa8c091044d3b9d,5,Comfortable on long runs and held up well after washing.,positive,true_to_size,2026-06-18T16:21:43.000Z
rev_81f3068d3a87b694120c,prod_2efa0aed0d6e67ecae58,var_d206780fbe564728bf65,cust_591fee24a68ac4c232de,5,Great race day option and the color looks sharp.,positive,runs_large,2026-06-14T06:49:53.000Z
rev_f19d56b946601c06acec,prod_ebe756215bbfcde882c1,var_d93959e68a9c1ed24606,cust_8fb219722e2d58fe8892,4,Great race day option and the color looks sharp.,positive,true_to_size,2026-06-13T11:18:42.000Z
rev_7bd55ca0e2310dfbd35d,prod_d43b2cf8fa29d7ae9b37,var_03696f04943b92dadb38,cust_47ab4d59fa8d4b6554e8,5,"Lightweight feel, but I would size up next time.",positive,true_to_size,2026-06-23T09:20:01.000Z
rev_676b4364017f08a9e262,prod_438a44848bc196e6d975,var_d50ecabaab63713dbe3c,cust_7f73c8ed3f139706a07f,5,"Lightweight feel, but I would size up next time.",positive,true_to_size,2026-06-17T08:53:17.000Z
rev_425bbf1b9a394cb238f9,prod_2efa0aed0d6e67ecae58,var_c5d4b04e619e436daff8,cust_5f2fc0389eb9d0281a61,5,Comfortable on long runs and held up well after washing.,neutral,true_to_size,2026-06-22T21:49:25.000Z
rev_5296eeed51b8edae6210,prod_0189531a36c049171820,var_617730612696e695ed41,cust_8dbbb261caa27bee69f5,5,Great race day option and the color looks sharp.,neutral,true_to_size,2026-06-17T19:23:33.000Z
rev_2da089bbb83a08a9f38e,prod_0189531a36c049171820,var_3827fef61cdfb42fbde9,cust_50efb1677703569406cb,3,Great race day option and the color looks sharp.,positive,true_to_size,2026-06-13T19:43:55.000Z
rev_791b6e062a18e19085c7,prod_d43b2cf8fa29d7ae9b37,var_89efa340b18949bb9c2f,cust_943da1d2ea84c35eb8d5,5,Comfortable on long runs and held up well after washing.,negative,true_to_size,2026-06-24T18:29:45.000Z
rev_fcb1e9a93283c82e602c,prod_2efa0aed0d6e67ecae58,var_f6d3f9a9c8e4616f6c5c,cust_9343b4e59f454f6aa942,4,"Lightweight feel, but I would size up next time.",positive,true_to_size,2026-06-11T06:23:13.000Z
rev_56bf75b90287d04b5a13,prod_72dfeba4701d415d317a,var_8a23a15f6866bdee9409,cust_f84fa3aa5db890b197a7,4,Solid daily gear. Fit was true to size for me.,positive,runs_small,2026-06-20T13:39:48.000Z
rev_ec123431067e437cad15,prod_4fb11ac857411bda88a4,var_dc811c3db2dffa2b4d77,cust_97f12f77fd6d57066f85,3,Comfortable on long runs and held up well after washing.,positive,true_to_size,2026-06-22T22:39:53.000Z
rev_43a0ef62aa3c8fad5be8,prod_438a44848bc196e6d975,var_d50ecabaab63713dbe3c,cust_0646f36ebee820fb65cd,5,"Good quality, but delivery took longer than expected.",positive,runs_large,2026-06-10T18:12:51.000Z
rev_045f1441bf25118901c6,prod_0189531a36c049171820,var_324e13c984d9aaab9604,cust_57783665d020fd1f4a6c,4,"Lightweight feel, but I would size up next time.",positive,true_to_size,2026-06-17T12:09:08.000Z
rev_8869718f603ae8d29380,prod_438a44848bc196e6d975,var_b205c40ad363b680ec58,cust_df37d1e9d455e7444df9,4,Great race day option and the color looks sharp.,negative,true_to_size,2026-06-23T06:56:27.000Z
rev_fee93c86f2c334f60a4d,prod_ea26883fb1deabd15141,var_ad88e442b4ec9a747624,cust_e2f141f1a653eb3899c5,5,Solid daily gear. Fit was true to size for me.,neutral,runs_small,2026-06-22T18:29:48.000Z
rev_bdcd9a217b0a55deac25,prod_4fb11ac857411bda88a4,var_0298ed73b20b2a58ddc3,cust_fa30208c1dc8796692bd,4,Loved the fabric and bought a second color.,negative,true_to_size,2026-06-13T15:52:52.000Z
rev_f000831c7ca3a28ab7ae,prod_2efa0aed0d6e67ecae58,var_e03ac89cc365fa42f93c,cust_2d67f9fa87646a415b2a,5,"Good quality, but delivery took longer than expected.",positive,true_to_size,2026-06-18T13:10:24.000Z
rev_fffa066ce32987e05e57,prod_ee93d55d30addeff6954,var_4859439609400df4e33c,cust_886829aca3fe4648bbb1,4,Great race day option and the color looks sharp.,positive,true_to_size,2026-06-09T20:59:20.000Z
rev_2c10ba5c9c7c5081d3cd,prod_d43b2cf8fa29d7ae9b37,var_41628dba54c9c6861c9d,cust_1392e4e24122cc023b60,5,Great race day option and the color looks sharp.,positive,true_to_size,2026-06-15T06:14:07.000Z
rev_6006ae3f0248a501a37d,prod_0189531a36c049171820,var_00df6f028ceddde26b68,cust_1392e4e24122cc023b60,5,Great race day option and the color looks sharp.,positive,true_to_size,2026-06-15T18:50:06.000Z
rev_74a80af89314673fc661,prod_2efa0aed0d6e67ecae58,var_1a3c43e3bd57b167f4c1,cust_e30e1f86e9189f658e1c,5,Great race day option and the color looks sharp.,positive,true_to_size,2026-06-19T13:58:29.000Z
rev_a895a156f09910ac2190,prod_0189531a36c049171820,var_93c4efb5105239106e76,cust_1ad7998afff84345bca8,4,Solid daily gear. Fit was true to size for me.,positive,runs_small,2026-06-13T22:30:52.000Z
rev_e0dbc536156b44b7ffb2,prod_d43b2cf8fa29d7ae9b37,var_89efa340b18949bb9c2f,cust_f336ad54cc31feee26ca,1,Great race day option and the color looks sharp.,positive,true_to_size,2026-06-20T23:45:51.000Z
rev_8d1bcc6b268e7a75788d,prod_438a44848bc196e6d975,var_84b95c9fb4b7809f8a34,cust_352cb84ff7e76e6e73d7,4,Great race day option and the color looks sharp.,positive,true_to_size,2026-06-20T12:01:32.000Z
rev_9796bc1bd0ed9a9e1242,prod_2efa0aed0d6e67ecae58,var_64183720fcbbbd913ed0,cust_77dbd70faafc3636acb8,5,"Lightweight feel, but I would size up next time.",positive,true_to_size,2026-06-20T19:04:49.000Z
rev_d8b43ca2c96e5fa97872,prod_d43b2cf8fa29d7ae9b37,var_87fdb4d38460cd899505,cust_77dbd70faafc3636acb8,5,"Lightweight feel, but I would size up next time.",negative,runs_large,2026-06-16T11:16:32.000Z
rev_e1cc53c8650f705a1c06,prod_d43b2cf8fa29d7ae9b37,var_d8747d212def9f4c3e80,cust_318e3efb744fc8f81300,4,Comfortable on long runs and held up well after washing.,negative,true_to_size,2026-06-25T09:17:38.000Z
rev_c05a75dc1239f9042096,prod_0189531a36c049171820,var_6590129bf85a309d3f8f,cust_6bb25e49c71547f0dab7,3,Solid daily gear. Fit was true to size for me.,negative,true_to_size,2026-06-16T10:17:05.000Z
rev_632718ae70a2416783dd,prod_438a44848bc196e6d975,var_5579d3dcd9580bd272b2,cust_97610aadea7136204d4d,5,Great race day option and the color looks sharp.,positive,runs_large,2026-06-14T15:45:06.000Z
rev_0858596640224a69e9da,prod_d43b2cf8fa29d7ae9b37,var_87fdb4d38460cd899505,cust_d9672cfb765d52be2e53,2,Solid daily gear. Fit was true to size for me.,positive,true_to_size,2026-06-11T13:30:45.000Z
rev_ede78b54815819580d74,prod_d43b2cf8fa29d7ae9b37,var_d3aca37c9bca975444e2,cust_d9672cfb765d52be2e53,4,Solid daily gear. Fit was true to size for me.,negative,true_to_size,2026-06-11T09:55:37.000Z
rev_7328234114f81dd0a1fd,prod_d43b2cf8fa29d7ae9b37,var_1fbd683f0c26c28d4200,cust_96abe667a8296531b8f6,2,Comfortable on long runs and held up well after washing.,neutral,runs_small,2026-06-19T21:57:24.000Z
rev_bed29fd795cd369cd344,prod_2efa0aed0d6e67ecae58,var_93a3c087875d45eb3101,cust_63868f4858180629f792,5,"Lightweight feel, but I would size up next time.",positive,runs_small,2026-06-22T17:08:54.000Z
rev_b5c70f6509a17f07ca1d,prod_d43b2cf8fa29d7ae9b37,var_2cc49091108ce06c317f,cust_63868f4858180629f792,2,"Good quality, but delivery took longer than expected.",positive,runs_large,2026-06-18T12:04:34.000Z
rev_6a35321ad6eafce27674,prod_4fb11ac857411bda88a4,var_b1841532494f148dfc95,cust_c09335b491037a6b0c16,5,Great race day option and the color looks sharp.,positive,runs_small,2026-06-16T14:12:06.000Z
rev_42710e6efbe206188464,prod_4fb11ac857411bda88a4,var_e49c1d617edcf65ee83c,cust_5f66771485b2fd4cd7b8,5,Great race day option and the color looks sharp.,positive,true_to_size,2026-06-22T13:22:47.000Z
rev_447f313189f472e9d69c,prod_d43b2cf8fa29d7ae9b37,var_320e93b779cc3f59b69d,cust_02131b8162e1f638e2ac,5,Great race day option and the color looks sharp.,neutral,true_to_size,2026-06-24T21:44:03.000Z
rev_f34f8ccedc18c596a41a,prod_ea26883fb1deabd15141,var_def87b80ab2972f8be9d,cust_1498cb75bea18562fa92,5,Comfortable on long runs and held up well after washing.,positive,true_to_size,2026-06-17T19:05:58.000Z
rev_b88781bc90ace5830ec0,prod_d43b2cf8fa29d7ae9b37,var_02fb794660a1ff5b5481,cust_b7f12d1decc1c27900b2,4,Solid daily gear. Fit was true to size for me.,negative,runs_small,2026-06-13T17:08:12.000Z
rev_6f20243dd9001a79ecbc,prod_ee93d55d30addeff6954,var_b319dcd8931c568f8dde,cust_4c1c2324c08968d5dcb0,5,"Lightweight feel, but I would size up next time.",negative,runs_small,2026-06-20T14:55:42.000Z
rev_43e21f4ec429eb5ea7e5,prod_0189531a36c049171820,var_6590129bf85a309d3f8f,cust_8aefe6f60c7832c04db8,3,"Lightweight feel, but I would size up next time.",positive,true_to_size,2026-06-20T18:50:48.000Z
rev_8db1785dfc890e0f2bb4,prod_d43b2cf8fa29d7ae9b37,var_db3c0fa83abed429ed33,cust_c076201ea091c0885c8f,4,Loved the fabric and bought a second color.,positive,true_to_size,2026-06-17T06:24:26.000Z
rev_ad723a472c4bb57d10ff,prod_ee93d55d30addeff6954,var_efeb55e5136f27ed409c,cust_1d2bb42b14b611606552,2,Great race day option and the color looks sharp.,positive,true_to_size,2026-06-17T10:11:11.000Z
rev_0f1acae0bd6e84834e06,prod_72dfeba4701d415d317a,var_a4481e5f98f473cda093,cust_1d2bb42b14b611606552,5,Solid daily gear. Fit was true to size for me.,negative,true_to_size,2026-06-17T08:27:33.000Z
rev_20c7611bb35aa091f712,prod_1aac77da65d619e6240f,var_582d11378691a5a6e4e9,cust_4ce995410d5e03e5ecfb,4,"Good quality, but delivery took longer than expected.",positive,true_to_size,2026-06-23T21:33:37.000Z
rev_b2b34f90de7b26d04152,prod_0189531a36c049171820,var_7c8a95c30a2e093e0468,cust_bc3d95a83d5aef127b24,4,"Lightweight feel, but I would size up next time.",positive,runs_small,2026-06-16T19:32:38.000Z
rev_7608a9d2edeeb0abcb01,prod_4fb11ac857411bda88a4,var_55e00ca073f61b9775de,cust_4afd70b2be97280e1cda,5,Loved the fabric and bought a second color.,neutral,runs_large,2026-06-16T19:38:02.000Z
rev_e07eb3dd862c05c64606,prod_4fb11ac857411bda88a4,var_58a00b869159191e4ac9,cust_ef158f1ad9c23296023f,5,Solid daily gear. Fit was true to size for me.,negative,true_to_size,2026-06-11T13:21:27.000Z
rev_ac8cfe30753ef8768ee5,prod_438a44848bc196e6d975,var_164a5b158bfc49dcbc82,cust_aa979732cc8efaf3918d,5,Solid daily gear. Fit was true to size for me.,positive,runs_small,2026-06-21T12:26:52.000Z
rev_89bd6c34dffb7d3f0cf7,prod_0189531a36c049171820,var_ec38e216853971e3ca9c,cust_3c63706c154e87820548,5,Great race day option and the color looks sharp.,positive,true_to_size,2026-06-19T20:36:53.000Z
rev_91d0032322f5f5c875a5,prod_438a44848bc196e6d975,var_cca84c818b8d1dc7a408,cust_02bc6b1ef167edacb901,4,"Lightweight feel, but I would size up next time.",positive,true_to_size,2026-06-19T20:33:25.000Z
rev_96e41d2ef71f18b11537,prod_4fb11ac857411bda88a4,var_55e00ca073f61b9775de,cust_41cc656ffc0993394135,2,Loved the fabric and bought a second color.,neutral,true_to_size,2026-06-11T14:38:08.000Z
rev_a67f15fe16b6b9bd6456,prod_72dfeba4701d415d317a,var_b93ffcc4df25b6049fd7,cust_c09335b491037a6b0c16,4,"Lightweight feel, but I would size up next time.",neutral,true_to_size,2026-06-26T11:41:53.000Z
rev_7731458e100b2ce24a84,prod_0189531a36c049171820,var_a11d1e73dd135e3f1cb9,cust_3161c693aab9c88880f2,2,"Good quality, but delivery took longer than expected.",positive,true_to_size,2026-06-12T21:02:47.000Z
rev_141b7c2a44ceb085f4f0,prod_1aac77da65d619e6240f,var_4ec6f48b0a97467baa73,cust_5cd00214a3d7776aa2ed,3,Loved the fabric and bought a second color.,positive,runs_small,2026-06-23T14:04:58.000Z
rev_7553651210b35a195be8,prod_0189531a36c049171820,var_00df6f028ceddde26b68,cust_5cd00214a3d7776aa2ed,4,Great race day option and the color looks sharp.,positive,true_to_size,2026-06-16T20:51:53.000Z
rev_abfa82ec05b9b5ae6b41,prod_ea26883fb1deabd15141,var_bc45956a6234980b8431,cust_8e7fe248868c31974a03,5,"Lightweight feel, but I would size up next time.",positive,true_to_size,2026-06-23T18:53:02.000Z
rev_ebe0d75e7a2fa2879348,prod_ee93d55d30addeff6954,var_269576cae5504f7beee6,cust_d1bff0cf103c76d9e68b,4,Great race day option and the color looks sharp.,positive,runs_large,2026-06-12T17:50:23.000Z
rev_95fc3e2393df373c5fbd,prod_72dfeba4701d415d317a,var_abf4b066285529554ec5,cust_4767a86568166fbb17e4,4,"Good quality, but delivery took longer than expected.",positive,runs_small,2026-06-13T23:52:00.000Z
rev_28c81c67dd8a19ebb3ab,prod_2efa0aed0d6e67ecae58,var_93a3c087875d45eb3101,cust_e7e5ebe5d9778b91d162,5,"Lightweight feel, but I would size up next time.",positive,true_to_size,2026-06-12T06:04:43.000Z
rev_8a97de2cd22a705b9783,prod_2efa0aed0d6e67ecae58,var_1e08d41c5ab96cce1ce2,cust_526656102421684d2e1c,4,"Good quality, but delivery took longer than expected.",positive,true_to_size,2026-06-26T17:57:48.000Z
rev_4702d5f740950f3f17af,prod_4fb11ac857411bda88a4,var_2683dc797f5a0706de2c,cust_526656102421684d2e1c,5,Loved the fabric and bought a second color.,positive,true_to_size,2026-06-24T10:14:37.000Z
rev_471b6b62b194e2b57357,prod_4fb11ac857411bda88a4,var_55e00ca073f61b9775de,cust_d2e44ea691d69bf4743b,4,Solid daily gear. Fit was true to size for me.,positive,true_to_size,2026-06-27T12:58:14.000Z
rev_990b8ff4c8b08852db23,prod_d43b2cf8fa29d7ae9b37,var_e458e9983f2d79d6ed15,cust_c1988e8f1cd8c73b3e22,4,Loved the fabric and bought a second color.,positive,true_to_size,2026-06-14T08:19:51.000Z
rev_b3d3b74255bac9987929,prod_0189531a36c049171820,var_fa3dbd5a2054f66ebda8,cust_12bec46211253dbbc359,4,"Good quality, but delivery took longer than expected.",negative,true_to_size,2026-06-17T21:30:42.000Z
rev_80181f5bced51c79f37d,prod_ee93d55d30addeff6954,var_0f755faccbe419124cf5,cust_211b30ba54c0ae40454c,2,Comfortable on long runs and held up well after washing.,positive,true_to_size,2026-06-12T23:08:15.000Z
rev_137cdff2fafc14aa7832,prod_30d7a0ddc2ef16ba66b9,var_5ad21b0b072b59385182,cust_afe4fce87e3560ba0f06,4,Solid daily gear. Fit was true to size for me.,positive,true_to_size,2026-06-24T08:11:36.000Z
rev_a722de31567fac8ccee3,prod_1aac77da65d619e6240f,var_e91175ca45ab8fc349dc,cust_caf5cf1a671f26e918fd,4,Loved the fabric and bought a second color.,positive,true_to_size,2026-06-13T14:26:20.000Z
rev_558b82f3c4b4b3530a95,prod_1aac77da65d619e6240f,var_30c9251395a079628b82,cust_02bc6b1ef167edacb901,3,"Lightweight feel, but I would size up next time.",positive,true_to_size,2026-06-20T16:07:22.000Z
rev_73939480b2d586b24a6f,prod_1aac77da65d619e6240f,var_e68010c463448ce42243,cust_969040b3265b6dad4c3f,2,"Lightweight feel, but I would size up next time.",positive,true_to_size,2026-06-25T20:34:02.000Z
rev_c715dfb71109a88e54be,prod_ea26883fb1deabd15141,var_def87b80ab2972f8be9d,cust_16fcce8bad58452d4d48,4,"Lightweight feel, but I would size up next time.",positive,true_to_size,2026-06-16T09:07:17.000Z
rev_7ca25aa39c867ed6bacc,prod_ebe756215bbfcde882c1,var_63071a389c1b1f57160c,cust_16fcce8bad58452d4d48,2,Great race day option and the color looks sharp.,positive,true_to_size,2026-06-25T14:52:19.000Z
rev_3408f6c86db142de1476,prod_d43b2cf8fa29d7ae9b37,var_6f0cce9478da3e151612,cust_eef556b5af487366e593,5,Comfortable on long runs and held up well after washing.,positive,runs_small,2026-06-23T18:39:41.000Z
rev_a4d2f7409581e5ab0c3d,prod_ea26883fb1deabd15141,var_ad88e442b4ec9a747624,cust_d898fb13ddb9f1e24f02,2,Loved the fabric and bought a second color.,positive,runs_small,2026-06-27T10:25:47.000Z
rev_1e96e90a7b2c2e158e0c,prod_1aac77da65d619e6240f,var_582d11378691a5a6e4e9,cust_875f2df7749059ef1f1f,5,Solid daily gear. Fit was true to size for me.,positive,true_to_size,2026-06-13T16:03:47.000Z
rev_5cd57c801445d781f5dd,prod_438a44848bc196e6d975,var_0b5c0ad0f1e4e8da6ed8,cust_edde5d2a731c52e35c5f,4,Solid daily gear. Fit was true to size for me.,positive,runs_large,2026-06-16T12:34:12.000Z
rev_dd0862f0ccaa542b342a,prod_ea26883fb1deabd15141,var_c95ef6026df6ba67eec8,cust_94f72a65c9171c756fa5,4,Loved the fabric and bought a second color.,positive,true_to_size,2026-06-13T20:56:04.000Z
rev_71facdd877fd2bb74c08,prod_ebe756215bbfcde882c1,var_54a48c4e9f5a97d29dac,cust_945431441ebea38cd24e,4,"Lightweight feel, but I would size up next time.",positive,true_to_size,2026-06-20T22:06:12.000Z
rev_4a5bb1d079c9bbe2f24d,prod_ee93d55d30addeff6954,var_0f755faccbe419124cf5,cust_e7ed902904e6af15efd9,4,Great race day option and the color looks sharp.,positive,true_to_size,2026-06-25T17:31:57.000Z
rev_f77be1fcdc3e4ba58571,prod_d43b2cf8fa29d7ae9b37,var_03696f04943b92dadb38,cust_141bafb707180c6b5bb7,5,Loved the fabric and bought a second color.,neutral,true_to_size,2026-06-26T20:37:02.000Z
rev_9c05a4beeedae77296f2,prod_ee93d55d30addeff6954,var_422a1ef6d8410f6c318d,cust_6fd8d282edb96ab401bc,5,Loved the fabric and bought a second color.,neutral,true_to_size,2026-06-20T10:31:44.000Z
rev_2e1faa7d00fd14631fef,prod_72dfeba4701d415d317a,var_be4c5e4aeb2733383b86,cust_52e931cb69e0d758345f,4,Great race day option and the color looks sharp.,neutral,true_to_size,2026-06-14T09:59:33.000Z
rev_b8ce8f378a1587b6778e,prod_438a44848bc196e6d975,var_410af979ba0b61e8b1fa,cust_47e6ddee7617184d6ab4,4,Loved the fabric and bought a second color.,positive,true_to_size,2026-06-22T13:15:04.000Z
rev_b90ca389ad4392e2e260,prod_d43b2cf8fa29d7ae9b37,var_a2c2c81c60e69fda9995,cust_47e6ddee7617184d6ab4,4,Comfortable on long runs and held up well after washing.,neutral,true_to_size,2026-06-14T12:53:51.000Z
rev_0a1f22323d217b190abe,prod_0189531a36c049171820,var_00c1c82f6d8a8b24ddf5,cust_205b245739f0e69b684c,4,Comfortable on long runs and held up well after washing.,positive,runs_small,2026-06-26T19:16:29.000Z
rev_381afa7e9bc6159511fc,prod_2efa0aed0d6e67ecae58,var_3faf67b40721672e3de6,cust_be17bb769d443679302d,5,Great race day option and the color looks sharp.,positive,true_to_size,2026-06-18T14:46:57.000Z
rev_663ef280474e0b57b137,prod_ee93d55d30addeff6954,var_0f755faccbe419124cf5,cust_fc4329095ae1cbd747b0,4,"Lightweight feel, but I would size up next time.",neutral,true_to_size,2026-06-27T20:24:19.000Z
rev_b0670dccdf3081a8b5d6,prod_ebe756215bbfcde882c1,var_63071a389c1b1f57160c,cust_642a6c24b63cbd279bc8,3,Comfortable on long runs and held up well after washing.,positive,runs_small,2026-06-16T20:09:25.000Z
rev_585acadd68baabb3b171,prod_d43b2cf8fa29d7ae9b37,var_2abdb293ed839904df8a,cust_642a6c24b63cbd279bc8,5,Great race day option and the color looks sharp.,positive,true_to_size,2026-06-28T09:50:18.000Z
rev_8d701ff855d2b5653136,prod_4fb11ac857411bda88a4,var_71823e970238e186821c,cust_0a403ef67110482eb9d0,4,"Lightweight feel, but I would size up next time.",positive,true_to_size,2026-06-18T16:18:55.000Z
rev_85b2a5ce58c8f11759e3,prod_4fb11ac857411bda88a4,var_0298ed73b20b2a58ddc3,cust_0a403ef67110482eb9d0,5,Comfortable on long runs and held up well after washing.,positive,true_to_size,2026-06-24T20:55:18.000Z
rev_72f5d56875bf272ff0a2,prod_ee93d55d30addeff6954,var_1b8f63ab3f5e208113ca,cust_0f23d8919dd83a1d7d3f,4,"Good quality, but delivery took longer than expected.",neutral,true_to_size,2026-06-28T14:32:59.000Z
rev_e94c8976741c94b89f4c,prod_1aac77da65d619e6240f,var_a6767a237b512235506f,cust_a8013f862749b097f949,3,"Good quality, but delivery took longer than expected.",positive,true_to_size,2026-06-26T15:37:02.000Z
rev_66e5c20676685624ed2b,prod_438a44848bc196e6d975,var_823a189d514c6e10865d,cust_68cdb9c01daf225201ba,3,"Lightweight feel, but I would size up next time.",positive,true_to_size,2026-06-26T13:10:55.000Z
rev_bb3c1621808050c61999,prod_1aac77da65d619e6240f,var_811e9c78b377b4e4453c,cust_c5b6d1a35f461fc3f22b,5,"Lightweight feel, but I would size up next time.",positive,true_to_size,2026-06-20T10:56:12.000Z
rev_a15f34a431d20d10034e,prod_0189531a36c049171820,var_b5d905be4efb894192b7,cust_e717506e5cf0bff14330,1,"Good quality, but delivery took longer than expected.",neutral,true_to_size,2026-06-22T09:25:23.000Z
rev_0c8dc0c98671920d4b31,prod_0189531a36c049171820,var_324e13c984d9aaab9604,cust_fc71eba4ce9e9d096321,4,Loved the fabric and bought a second color.,neutral,runs_large,2026-06-19T08:50:43.000Z
rev_b40d1522bce2d1514b40,prod_2efa0aed0d6e67ecae58,var_499d2419d323a686d2c6,cust_0a104f93e4bb1f9b30b9,4,Great race day option and the color looks sharp.,neutral,runs_small,2026-06-24T15:37:54.000Z
rev_5cff7a8ede80baafdcdb,prod_1aac77da65d619e6240f,var_4ec6f48b0a97467baa73,cust_1f49c06aae48c660548b,2,Loved the fabric and bought a second color.,positive,true_to_size,2026-06-27T12:41:54.000Z
rev_cc274f0c9bbaabdfefcd,prod_72dfeba4701d415d317a,var_a8e55173ba8ba00fbb58,cust_62aeb3a8ce72ddf1e644,5,"Lightweight feel, but I would size up next time.",neutral,runs_small,2026-06-16T20:59:36.000Z
rev_6ecf6e11075cd86ce293,prod_0189531a36c049171820,var_3827fef61cdfb42fbde9,cust_f1f2fb502a74cd5a8425,4,"Lightweight feel, but I would size up next time.",positive,true_to_size,2026-06-27T18:27:27.000Z
rev_6f066c683a7713bd1f9e,prod_d43b2cf8fa29d7ae9b37,var_db3c0fa83abed429ed33,cust_f1f2fb502a74cd5a8425,4,Great race day option and the color looks sharp.,positive,true_to_size,2026-06-22T09:11:49.000Z
rev_177ab3d975b6d741c25a,prod_0189531a36c049171820,var_a11d1e73dd135e3f1cb9,cust_95fc9b33f8815f7c8815,4,Loved the fabric and bought a second color.,positive,true_to_size,2026-06-17T15:41:13.000Z
rev_2cae45e09f6086bb3d17,prod_ee93d55d30addeff6954,var_eb2f38cea72d24acd1c4,cust_4cefd69f5b04c1ee96c6,3,Great race day option and the color looks sharp.,positive,runs_small,2026-06-23T14:52:37.000Z
rev_1e1a31e20e78cd95f0a3,prod_438a44848bc196e6d975,var_6255fbba1fc1f01b7ee9,cust_67c147abac2ec4297341,5,"Good quality, but delivery took longer than expected.",positive,true_to_size,2026-06-21T12:55:59.000Z
rev_5badba0d3a4883c0e57c,prod_d87cfc68d1aef053d198,var_199bb1069f0216fdcbf6,cust_6a8e08fd2fea9adea43f,5,Comfortable on long runs and held up well after washing.,positive,runs_small,2026-06-14T11:22:39.000Z
rev_7c516761452f90f93952,prod_30d7a0ddc2ef16ba66b9,var_5ad21b0b072b59385182,cust_62fe3d65dd6c3ff984ad,5,Great race day option and the color looks sharp.,positive,runs_large,2026-06-28T18:07:09.000Z
rev_4fc36f9565c065afee46,prod_ebe756215bbfcde882c1,var_54a48c4e9f5a97d29dac,cust_1f49c06aae48c660548b,5,Loved the fabric and bought a second color.,positive,runs_small,2026-06-16T23:28:53.000Z
rev_493dd87c08f9c39b412f,prod_438a44848bc196e6d975,var_64d39327630553f2e1b9,cust_d1dea901cbf6f7335ccb,5,Solid daily gear. Fit was true to size for me.,neutral,true_to_size,2026-06-16T23:05:33.000Z
rev_d22f8a3bf6edb528ecb5,prod_0189531a36c049171820,var_03627cfde38743cff6a4,cust_8572b8e7c35750776095,5,Comfortable on long runs and held up well after washing.,positive,true_to_size,2026-06-27T13:49:16.000Z
rev_1fd92d070af746c85cdf,prod_1aac77da65d619e6240f,var_b26eea452ddb91e6275c,cust_855d4c579b5a4c4f97fd,4,Comfortable on long runs and held up well after washing.,negative,true_to_size,2026-06-19T16:03:58.000Z
rev_28665816170af130f951,prod_4fb11ac857411bda88a4,var_b1841532494f148dfc95,cust_b83641ce1b8975c5df7d,4,"Lightweight feel, but I would size up next time.",neutral,true_to_size,2026-06-24T12:59:29.000Z
rev_5ed923c233e598612d24,prod_d43b2cf8fa29d7ae9b37,var_87e530ced3270be98f36,cust_1e125784b35333cf18f2,2,Comfortable on long runs and held up well after washing.,positive,true_to_size,2026-06-20T10:56:11.000Z
rev_7aa32b8638a4aa6fe22a,prod_2efa0aed0d6e67ecae58,var_7f3a3296ffbd820f7f55,cust_cfcc2c512d614c473146,5,Comfortable on long runs and held up well after washing.,positive,true_to_size,2026-06-23T13:35:56.000Z
rev_d5f9fa71c36adde6bdc3,prod_2efa0aed0d6e67ecae58,var_ef0af573f8034823d555,cust_311dee578bfb147e8263,5,Great race day option and the color looks sharp.,positive,true_to_size,2026-06-18T18:13:36.000Z
rev_4ae31604cf9fff1de9a4,prod_72dfeba4701d415d317a,var_9ae1b9494d9b24b6814d,cust_996a7302c432787fcd06,4,Comfortable on long runs and held up well after washing.,neutral,true_to_size,2026-06-24T21:53:14.000Z
rev_828d64a89af09098451a,prod_30d7a0ddc2ef16ba66b9,var_cb896475831a28934bfe,cust_ac7c7ac2ff6cd3472cf9,5,Comfortable on long runs and held up well after washing.,positive,true_to_size,2026-06-16T06:12:34.000Z
rev_fa5bb41740246d32852f,prod_2efa0aed0d6e67ecae58,var_53840b82f1f41986b97b,cust_a3015f1f870b5fca5351,3,"Good quality, but delivery took longer than expected.",positive,true_to_size,2026-06-27T14:10:48.000Z
rev_e70e1bf3390ac17f7292,prod_2efa0aed0d6e67ecae58,var_b54607373ac7bafb02f6,cust_911fb27c8cecb384fe7e,4,"Lightweight feel, but I would size up next time.",positive,true_to_size,2026-06-19T12:21:00.000Z
rev_1a0b75090daf9327b6ce,prod_72dfeba4701d415d317a,var_15a5da1605c0b6e7842d,cust_068f81659d66eb52759d,4,Loved the fabric and bought a second color.,positive,true_to_size,2026-06-18T10:08:27.000Z
rev_209777daa540d43b7c47,prod_1aac77da65d619e6240f,var_b18529e43b561104e73d,cust_59b93b2b356df3867380,5,Great race day option and the color looks sharp.,negative,true_to_size,2026-06-30T22:50:37.000Z
rev_a2f8a1251807a18fbc98,prod_ee93d55d30addeff6954,var_bd31f3105de2d7714577,cust_4702864399c9a73091a9,4,"Good quality, but delivery took longer than expected.",positive,true_to_size,2026-06-29T09:04:24.000Z
rev_334b630c822f33a6cc01,prod_d43b2cf8fa29d7ae9b37,var_1375ba8c6f393210c436,cust_e0d35c0e259a1fdfddae,4,"Good quality, but delivery took longer than expected.",positive,true_to_size,2026-06-24T23:50:25.000Z
rev_384f9c06d252299875d6,prod_ea26883fb1deabd15141,var_def87b80ab2972f8be9d,cust_607f9c04db09c5216823,4,"Good quality, but delivery took longer than expected.",positive,true_to_size,2026-06-28T12:39:14.000Z
rev_364d69d1f9b559d6cd05,prod_ea26883fb1deabd15141,var_8fe117c6a6c73be68252,cust_2917b561dab18720c57d,4,Great race day option and the color looks sharp.,neutral,runs_small,2026-06-21T06:32:36.000Z
rev_c11b1206b471bda56ea8,prod_2efa0aed0d6e67ecae58,var_f6d3f9a9c8e4616f6c5c,cust_31ed38f62381b7fa648c,4,Great race day option and the color looks sharp.,positive,true_to_size,2026-06-27T06:30:53.000Z
rev_0f17bdd23edf1e8d68be,prod_ee93d55d30addeff6954,var_1b8f63ab3f5e208113ca,cust_da0c7d87cb59be41e7b6,3,"Lightweight feel, but I would size up next time.",neutral,runs_small,2026-06-19T12:16:47.000Z
rev_263f62594c77b14bdc6f,prod_438a44848bc196e6d975,var_d1592d795041e81f6c4e,cust_da7bb30d3f1df4b4456f,5,Loved the fabric and bought a second color.,positive,true_to_size,2026-06-27T21:46:41.000Z
rev_72e9cabdfc3596625ad3,prod_0189531a36c049171820,var_3827fef61cdfb42fbde9,cust_f51359baf37030895bc1,4,Great race day option and the color looks sharp.,positive,true_to_size,2026-06-20T07:38:35.000Z
rev_e033d8ec73d39cb478e4,prod_ee93d55d30addeff6954,var_70fe6fd57228fdd24400,cust_8486933decab12928d69,4,"Lightweight feel, but I would size up next time.",positive,true_to_size,2026-06-28T23:02:42.000Z
rev_a679bfb7f53686b14a8f,prod_72dfeba4701d415d317a,var_261e93378c2ea03cf536,cust_97ecf8f3adf13c997407,4,Comfortable on long runs and held up well after washing.,positive,true_to_size,2026-06-30T09:24:51.000Z
rev_50e0d2faf81d31aa0a9d,prod_1aac77da65d619e6240f,var_9d2bbbb4593860eae1c2,cust_03432d316efde7c449cd,5,Loved the fabric and bought a second color.,positive,runs_large,2026-06-19T13:23:09.000Z
rev_341bb43b61c61bc0859f,prod_ee93d55d30addeff6954,var_23eb40a02aea71235f7f,cust_6ed6f6c1248513294da0,4,Solid daily gear. Fit was true to size for me.,neutral,true_to_size,2026-06-22T15:50:42.000Z
rev_61c858f21717ce2a365a,prod_ee93d55d30addeff6954,var_075418ff0be5cdb7558e,cust_8dd5f6a6536813b8e2a6,5,Solid daily gear. Fit was true to size for me.,negative,true_to_size,2026-06-28T16:30:50.000Z
rev_caa379f47c2b5e1e3037,prod_438a44848bc196e6d975,var_d1592d795041e81f6c4e,cust_81beb0ce446211a3b279,4,"Lightweight feel, but I would size up next time.",neutral,true_to_size,2026-06-22T17:28:53.000Z
rev_7634f90ff18829b7fb47,prod_ee93d55d30addeff6954,var_0dc2751ef1e6063b7445,cust_3392c05da120709de6b5,4,Comfortable on long runs and held up well after washing.,positive,true_to_size,2026-06-22T15:53:48.000Z
rev_d916bd0fb81329de31c6,prod_0189531a36c049171820,var_65cde14be098ea1a671d,cust_a4bc9c46fa2b1fd7a520,5,"Good quality, but delivery took longer than expected.",positive,true_to_size,2026-06-21T21:25:06.000Z
rev_fc95fab23a330fece7fd,prod_d43b2cf8fa29d7ae9b37,var_03696f04943b92dadb38,cust_314cd058ebd80d16f1e6,5,Comfortable on long runs and held up well after washing.,positive,true_to_size,2026-06-20T11:29:08.000Z
rev_219a4bcbb3edad96190c,prod_1aac77da65d619e6240f,var_3a2e554b388bcfe86ab3,cust_51d5b47ba242225627a3,5,Comfortable on long runs and held up well after washing.,positive,runs_small,2026-06-22T18:16:57.000Z
rev_c74caf48209a479d4da0,prod_72dfeba4701d415d317a,var_a8e55173ba8ba00fbb58,cust_b80b9a7d24ec04b647fc,5,Solid daily gear. Fit was true to size for me.,positive,true_to_size,2026-06-24T22:07:59.000Z
rev_7eb489b98bbb6bebc793,prod_d43b2cf8fa29d7ae9b37,var_41628dba54c9c6861c9d,cust_a09d9398a7eb95b674f3,5,Loved the fabric and bought a second color.,positive,runs_large,2026-06-19T20:21:45.000Z
rev_0d07c4a99e0f734ec967,prod_4fb11ac857411bda88a4,var_9ddc10ac2aa76ca09954,cust_79ebd47d148cd44fe68e,5,Loved the fabric and bought a second color.,positive,runs_small,2026-06-23T19:19:44.000Z
rev_b5ba4760d45309fc504e,prod_438a44848bc196e6d975,var_b45c40adf3eb6d63798c,cust_a5fd8f219dba08de5f10,4,Comfortable on long runs and held up well after washing.,positive,true_to_size,2026-06-20T22:47:32.000Z
rev_82f17385008316be488f,prod_1aac77da65d619e6240f,var_b0665991d9649a256643,cust_95fc9b33f8815f7c8815,5,Comfortable on long runs and held up well after washing.,positive,true_to_size,2026-06-25T19:39:20.000Z
rev_a71fed808cb1a5dfe236,prod_ebe756215bbfcde882c1,var_63071a389c1b1f57160c,cust_f17954ea528cd575965e,5,"Lightweight feel, but I would size up next time.",positive,runs_small,2026-06-30T09:37:08.000Z
rev_c5a988010290de932bd3,prod_4fb11ac857411bda88a4,var_2f00cf3713efd884f325,cust_c5d8a3cd2be8c520dcff,1,"Good quality, but delivery took longer than expected.",positive,runs_large,2026-06-30T12:36:43.000Z
rev_137dfcbc1812b5c290fd,prod_0189531a36c049171820,var_03627cfde38743cff6a4,cust_c9ff1fcc9f415d6bb6cb,3,Comfortable on long runs and held up well after washing.,neutral,runs_large,2026-06-21T10:04:38.000Z
rev_2ecbecc3815fead21d73,prod_ebe756215bbfcde882c1,var_63071a389c1b1f57160c,cust_c9ff1fcc9f415d6bb6cb,3,Loved the fabric and bought a second color.,positive,true_to_size,2026-06-30T14:17:36.000Z
rev_3fb4c89e1511e7caec5a,prod_4fb11ac857411bda88a4,var_8d03581fc9e13826e5f0,cust_a0fc35e2dc728a1808a7,5,"Good quality, but delivery took longer than expected.",positive,runs_large,2026-06-23T06:37:27.000Z
rev_f9649bf093381d23c187,prod_d87cfc68d1aef053d198,var_7867058976a19bca1d0d,cust_3ff6c4bbf63c79ca19f6,3,Loved the fabric and bought a second color.,positive,runs_small,2026-06-28T07:57:24.000Z
rev_8f630f98f62112a3b651,prod_0189531a36c049171820,var_e1d35731895df46c299d,cust_8a1354d33d0acff52b54,4,Comfortable on long runs and held up well after washing.,positive,runs_small,2026-06-18T23:06:09.000Z
rev_f601865bb492193f4c08,prod_ee93d55d30addeff6954,var_2d63af5c80cedd103436,cust_dcaf9394b086873a7568,4,Great race day option and the color looks sharp.,positive,true_to_size,2026-06-25T18:21:44.000Z
rev_4f1c800a4da0db5c46fd,prod_1aac77da65d619e6240f,var_e68010c463448ce42243,cust_bbc05f90fc9c0d279c90,5,Great race day option and the color looks sharp.,positive,true_to_size,2026-06-24T08:09:08.000Z
rev_6aa984f3d461bbe2deba,prod_0189531a36c049171820,var_6b0100cdc1ef1031469b,cust_6ab1f7df969dcaa738be,4,Great race day option and the color looks sharp.,positive,true_to_size,2026-06-30T13:44:48.000Z
rev_19c7398d10ef2a549cfe,prod_4fb11ac857411bda88a4,var_b9b996a2b08ed40ea006,cust_96d46db85879af483cc9,2,Loved the fabric and bought a second color.,neutral,true_to_size,2026-06-26T17:24:09.000Z
rev_43c1c1fc4436a8c5a42c,prod_438a44848bc196e6d975,var_e117db91e6327b985328,cust_996a7302c432787fcd06,4,"Good quality, but delivery took longer than expected.",positive,runs_small,2026-06-27T08:26:00.000Z
rev_8154dcb819aa2daf9234,prod_4fb11ac857411bda88a4,var_78ce2ee3c901aabec73e,cust_646eae1bd0a865664ac1,5,"Lightweight feel, but I would size up next time.",neutral,runs_large,2026-06-22T23:46:57.000Z
rev_6d787a70023fc0a3ee30,prod_d43b2cf8fa29d7ae9b37,var_4bc34e01cda1012288f6,cust_3bdc2455c0e2b6866ee5,5,Solid daily gear. Fit was true to size for me.,neutral,true_to_size,2026-06-27T12:42:39.000Z
rev_f231d1af67bff345f33a,prod_ee93d55d30addeff6954,var_4859439609400df4e33c,cust_3bdc2455c0e2b6866ee5,5,Loved the fabric and bought a second color.,positive,true_to_size,2026-06-25T14:01:02.000Z
rev_3df12a8fef91989ac3ba,prod_d43b2cf8fa29d7ae9b37,var_1281ece6b89ebbdd0340,cust_0c17b7db8294af765da8,5,"Good quality, but delivery took longer than expected.",positive,runs_small,2026-06-30T14:15:38.000Z
rev_86cf72bf2f0613951c13,prod_0189531a36c049171820,var_a11d1e73dd135e3f1cb9,cust_f97a7be9897b9cb55638,4,Solid daily gear. Fit was true to size for me.,negative,runs_small,2026-06-25T11:26:13.000Z
rev_89bcaeac88b2e551a361,prod_0189531a36c049171820,var_324e13c984d9aaab9604,cust_ffb3f9890dbe19a1dc22,5,Loved the fabric and bought a second color.,positive,true_to_size,2026-06-26T23:57:16.000Z
rev_c1c76046d3b64127a0d1,prod_4fb11ac857411bda88a4,var_63784919911926a972c2,cust_bdabe3cad86f50f47fbc,3,"Lightweight feel, but I would size up next time.",positive,true_to_size,2026-06-28T20:12:35.000Z
rev_c95c0ffecafcfcbbba0c,prod_4fb11ac857411bda88a4,var_0c8dbcf461e87274cd44,cust_02131b8162e1f638e2ac,4,"Good quality, but delivery took longer than expected.",positive,runs_large,2026-06-30T08:08:51.000Z
rev_e9977390a9a88ccd26e2,prod_ee93d55d30addeff6954,var_8d654d633876e75e4317,cust_6128d38cd56e86719f23,5,Loved the fabric and bought a second color.,positive,runs_small,2026-06-28T15:29:46.000Z
rev_3fdd32e7be5ca883db57,prod_1aac77da65d619e6240f,var_11a4e26a7ab75dc78c86,cust_78a07053a5927410c012,5,Comfortable on long runs and held up well after washing.,negative,true_to_size,2026-06-29T06:14:53.000Z
rev_02f89670b812355415ae,prod_72dfeba4701d415d317a,var_7a9bd3c5007019c19bfe,cust_358c8dc6b4439a71c74c,4,Comfortable on long runs and held up well after washing.,positive,true_to_size,2026-06-20T10:45:08.000Z
rev_9711184dc985eec12e79,prod_1aac77da65d619e6240f,var_30a71ca69a0597e20603,cust_412fba66cbdf241c4cf3,3,Loved the fabric and bought a second color.,neutral,true_to_size,2026-06-25T15:19:02.000Z
rev_f6abc6757847b686ab94,prod_ea26883fb1deabd15141,var_8d5d2d5c13ed45a481ad,cust_0368b718e34cd31be848,5,Great race day option and the color looks sharp.,positive,true_to_size,2026-06-30T21:56:09.000Z
rev_c24fd5d3b26db48d6489,prod_4fb11ac857411bda88a4,var_58a00b869159191e4ac9,cust_4264d2f94eb0321f026e,5,"Lightweight feel, but I would size up next time.",positive,runs_small,2026-06-29T19:07:32.000Z
rev_00cb9ae13914df26c421,prod_ee93d55d30addeff6954,var_eb2f38cea72d24acd1c4,cust_a4d579e4a60f56f407a3,4,"Good quality, but delivery took longer than expected.",positive,runs_small,2026-06-30T09:14:28.000Z
rev_90b0c0daac9f282f7114,prod_4fb11ac857411bda88a4,var_03e26300920b777b60ce,cust_a4d579e4a60f56f407a3,3,"Lightweight feel, but I would size up next time.",positive,true_to_size,2026-06-20T13:25:51.000Z
rev_bd238d3ada28fbbd485d,prod_0189531a36c049171820,var_93c4efb5105239106e76,cust_7c131056336cc7578d02,5,Solid daily gear. Fit was true to size for me.,positive,true_to_size,2026-06-25T09:26:41.000Z
rev_23c8cec5b448f93aa7f2,prod_ebe756215bbfcde882c1,var_f9b6333510f3a2bddcce,cust_7c131056336cc7578d02,5,Great race day option and the color looks sharp.,neutral,true_to_size,2026-06-30T14:09:44.000Z
rev_e2713a5c3af7d8759650,prod_438a44848bc196e6d975,var_0b5c0ad0f1e4e8da6ed8,cust_80fd5b4ec40be3ee0b2a,4,"Good quality, but delivery took longer than expected.",positive,true_to_size,2026-06-22T19:14:36.000Z
rev_a560c5842bb0d464131e,prod_438a44848bc196e6d975,var_e117db91e6327b985328,cust_df42b48e069534b9343b,5,Solid daily gear. Fit was true to size for me.,positive,true_to_size,2026-06-30T06:12:52.000Z
rev_fa4dd077bae6cdcce102,prod_2efa0aed0d6e67ecae58,var_f6d3f9a9c8e4616f6c5c,cust_01a372eb97259c4c21de,4,Loved the fabric and bought a second color.,positive,true_to_size,2026-06-22T07:45:29.000Z
rev_74bf459551f79a459c82,prod_0189531a36c049171820,var_617730612696e695ed41,cust_d518fb294562c5b4918a,4,Solid daily gear. Fit was true to size for me.,neutral,true_to_size,2026-06-29T16:01:12.000Z
rev_c2a580eec88fa2b24dfa,prod_438a44848bc196e6d975,var_a7daae96f9b2f50dfdef,cust_68cdb9c01daf225201ba,4,Great race day option and the color looks sharp.,positive,true_to_size,2026-06-26T15:31:46.000Z
rev_a22b9abe5aa5e2ee7d13,prod_4fb11ac857411bda88a4,var_6b4cde94e24613aa178d,cust_6ee127f086e9ae030fa7,5,Comfortable on long runs and held up well after washing.,positive,runs_small,2026-06-30T09:07:30.000Z
rev_e50ab1856ecf11793f5d,prod_0189531a36c049171820,var_65cde14be098ea1a671d,cust_be17bb769d443679302d,2,Great race day option and the color looks sharp.,neutral,true_to_size,2026-06-26T18:39:35.000Z
rev_5ca7f059d868e8146308,prod_2efa0aed0d6e67ecae58,var_53840b82f1f41986b97b,cust_7476b81c52a1674cb4cb,2,Solid daily gear. Fit was true to size for me.,positive,true_to_size,2026-06-24T08:21:10.000Z
rev_38ddb589d7402dfca83e,prod_2efa0aed0d6e67ecae58,var_7f3a3296ffbd820f7f55,cust_30f13796e4470dfd26c2,5,"Good quality, but delivery took longer than expected.",neutral,true_to_size,2026-06-30T12:59:17.000Z
rev_0a4c8c2f8c0534d91792,prod_ebe756215bbfcde882c1,var_d93959e68a9c1ed24606,cust_a66e9b7eaafe9b358254,5,Comfortable on long runs and held up well after washing.,positive,true_to_size,2026-06-29T06:39:43.000Z
rev_1cc8efc2893ee0f53a00,prod_ee93d55d30addeff6954,var_9cd2bb280dce3fa2e76b,cust_b69773ed5908416f0824,4,Loved the fabric and bought a second color.,positive,true_to_size,2026-06-25T19:20:47.000Z
rev_b971908e607d9c26e5d1,prod_d43b2cf8fa29d7ae9b37,var_a02a8c90a7e79350209b,cust_3c0c3dd87f6161e377c4,5,Comfortable on long runs and held up well after washing.,neutral,runs_large,2026-06-30T12:57:37.000Z
rev_34d43c1340f7fd159040,prod_72dfeba4701d415d317a,var_8856a9a1708ad62e3b1d,cust_7513474dc6182e66056c,4,Great race day option and the color looks sharp.,positive,runs_small,2026-06-23T18:58:00.000Z
rev_4398e4e40578e8a7f1c5,prod_ea26883fb1deabd15141,var_ad88e442b4ec9a747624,cust_0735223c1e4a4cb33e9f,2,"Lightweight feel, but I would size up next time.",positive,runs_large,2026-06-26T18:24:17.000Z
rev_e9af24f7b379390109d6,prod_4fb11ac857411bda88a4,var_0298ed73b20b2a58ddc3,cust_04ae3bedec2e2b0b4090,4,Great race day option and the color looks sharp.,positive,true_to_size,2026-06-23T15:41:19.000Z
rev_09f77c7ba3d54be852f0,prod_2efa0aed0d6e67ecae58,var_53840b82f1f41986b97b,cust_31ed38f62381b7fa648c,5,"Lightweight feel, but I would size up next time.",positive,runs_small,2026-06-23T18:50:34.000Z
rev_2efc776ca056fe0adb1e,prod_1aac77da65d619e6240f,var_fe1215c4f405465a502b,cust_294e4ced93f3435ed6da,5,Comfortable on long runs and held up well after washing.,positive,true_to_size,2026-06-27T21:24:57.000Z
rev_279f167ec60b0b2c9757,prod_ebe756215bbfcde882c1,var_f9b6333510f3a2bddcce,cust_a272d3f2108759b33de6,4,"Good quality, but delivery took longer than expected.",negative,true_to_size,2026-06-27T11:16:31.000Z
rev_1d313030cfffd3c8cfa5,prod_72dfeba4701d415d317a,var_c81a94d9a15b6b760523,cust_0a9d0dece8b88d25cfec,3,Solid daily gear. Fit was true to size for me.,positive,runs_small,2026-06-24T17:17:53.000Z
rev_334af6bacb40b2ddd9de,prod_2efa0aed0d6e67ecae58,var_d045b09c714a135c2f0a,cust_4351438d111553e829ac,4,Great race day option and the color looks sharp.,negative,true_to_size,2026-06-23T15:34:50.000Z
rev_9c4a4902a0202b954f56,prod_2efa0aed0d6e67ecae58,var_2a91c104878870f34df4,cust_2b54470ace49b877ede2,5,"Lightweight feel, but I would size up next time.",positive,true_to_size,2026-06-25T15:21:13.000Z
rev_692538402b858d55ec31,prod_ee93d55d30addeff6954,var_ed3640d449d418509f57,cust_cff72b082ba654543c6b,2,Comfortable on long runs and held up well after washing.,positive,true_to_size,2026-06-30T10:30:32.000Z
rev_aa63ee7168d5d8903214,prod_0189531a36c049171820,var_00df6f028ceddde26b68,cust_bc3d95a83d5aef127b24,4,Comfortable on long runs and held up well after washing.,positive,true_to_size,2026-06-30T08:31:43.000Z
rev_7d51b4af222c8160d834,prod_438a44848bc196e6d975,var_a7daae96f9b2f50dfdef,cust_d518fb294562c5b4918a,4,Great race day option and the color looks sharp.,positive,runs_small,2026-06-25T23:52:00.000Z
rev_3197c806e2e1d5b731f2,prod_0189531a36c049171820,var_e7d27b69dfb62d802fec,cust_565f3bf40b3475aa8440,3,"Good quality, but delivery took longer than expected.",positive,true_to_size,2026-06-30T17:46:37.000Z
rev_701bde60036c774bf762,prod_1aac77da65d619e6240f,var_f5ccef0575523ac6faa5,cust_82a904007f0c0ad3659e,5,"Lightweight feel, but I would size up next time.",positive,runs_large,2026-06-30T06:09:36.000Z
rev_f8a57e2199805c749628,prod_ea26883fb1deabd15141,var_be2b12a3e53e8671f3d6,cust_a4d579e4a60f56f407a3,4,Solid daily gear. Fit was true to size for me.,positive,runs_large,2026-06-26T11:34:02.000Z
rev_f9c41f2361c3a998e3f1,prod_d43b2cf8fa29d7ae9b37,var_caae1453b01f7b10b548,cust_cae04617e88c53ca7bd4,4,Comfortable on long runs and held up well after washing.,positive,runs_large,2026-06-30T22:46:20.000Z
rev_11e70295f219d00b5bf4,prod_4fb11ac857411bda88a4,var_fad911836ba0bc2d17e3,cust_e6eab57226dd0905819b,2,Comfortable on long runs and held up well after washing.,positive,true_to_size,2026-06-29T14:54:02.000Z
rev_37b84239b865377ee82d,prod_ebe756215bbfcde882c1,var_d93959e68a9c1ed24606,cust_edde5d2a731c52e35c5f,1,Loved the fabric and bought a second color.,neutral,true_to_size,2026-06-29T12:51:11.000Z
rev_6ff3dee5d04f99f75c6e,prod_4fb11ac857411bda88a4,var_94b54f7c484f05634866,cust_b94da15465a64d968cde,3,Great race day option and the color looks sharp.,positive,true_to_size,2026-06-27T11:33:14.000Z
rev_089a3eeabaef3a4e57b7,prod_0189531a36c049171820,var_22afdc3bc66d8c370224,cust_3071f6f0ef7ad245a6cb,4,Loved the fabric and bought a second color.,positive,true_to_size,2026-06-28T09:15:17.000Z
rev_3b928e7b1769a4075a37,prod_d43b2cf8fa29d7ae9b37,var_26e0822c757ab04bd6c8,cust_340bda3e2ec09dbabb68,2,Great race day option and the color looks sharp.,positive,runs_small,2026-06-28T17:09:57.000Z
rev_d8004873ff27405c81f3,prod_d43b2cf8fa29d7ae9b37,var_e458e9983f2d79d6ed15,cust_802dee1e9655530e9d44,4,Loved the fabric and bought a second color.,neutral,runs_small,2026-06-30T06:24:28.000Z
rev_9b6051ff801e341b75aa,prod_d43b2cf8fa29d7ae9b37,var_87fdb4d38460cd899505,cust_756e2648ebf91f5d2265,5,"Good quality, but delivery took longer than expected.",negative,true_to_size,2026-06-29T10:17:49.000Z
rev_424195197f8acb85ba53,prod_1aac77da65d619e6240f,var_b0665991d9649a256643,cust_5657d4c5aeb7b92ec10b,3,Comfortable on long runs and held up well after washing.,positive,true_to_size,2026-06-30T18:19:14.000Z
rev_c6003954ae37f4725b5c,prod_ee93d55d30addeff6954,var_efeb55e5136f27ed409c,cust_afa83981accc1b8f765c,3,Loved the fabric and bought a second color.,neutral,runs_large,2026-06-30T07:10:23.000Z
