id,order_id,order_item_id,product_id,product_variant_id,reason,refund_amount,created_at
ret_a91b7f9f8eb05bca1476,ord_02e7ff6f0ff4e8666980,item_eb350425f5f13f6e974f,prod_4fb11ac857411bda88a4,var_2f00cf3713efd884f325,quality_issue,53.85,2026-01-16T18:00:51.000Z
ret_57bfec31a5b6634045c0,ord_557c132aa7773088c7fa,item_d3b91da0e04c6c3cdddc,prod_1aac77da65d619e6240f,var_19b6c0119781ca26cfab,not_as_expected,144.4,2026-01-17T14:54:43.000Z
ret_3f660fd039bb81e8bd26,ord_3aebdbc8a1f937abdada,item_0c09a29f27c7d956a702,prod_0189531a36c049171820,var_ab88c6de58ee2fcdf9e4,changed_mind,96.86,2026-01-23T12:55:46.000Z
ret_2a5f7c1882a3a1ca67e7,ord_4ff806a115444ada1c6c,item_a43562d3dc3353f69ea6,prod_ea26883fb1deabd15141,var_8fe117c6a6c73be68252,quality_issue,51.93,2026-01-14T16:08:52.000Z
ret_22ee894da62d3c9b2783,ord_a8ee7f27a2bde51a2ea6,item_db462d13710d65dc045c,prod_0189531a36c049171820,var_ec38e216853971e3ca9c,changed_mind,46.73,2026-01-20T13:50:55.000Z
ret_04cf42081cc681e67e9d,ord_a09f84715dc84b2e359d,item_ac20a8cd607f7ffc6eca,prod_d43b2cf8fa29d7ae9b37,var_26e0822c757ab04bd6c8,arrived_late,136.7,2026-01-14T15:17:41.000Z
ret_aa054492366e2cf463c0,ord_ed57e6aaf134e3cf7450,item_43e1adc30ca469743d60,prod_1aac77da65d619e6240f,var_9d2bbbb4593860eae1c2,quality_issue,70.8,2026-01-10T19:23:13.000Z
ret_8f9a49d1f5de07a07620,ord_d24e2326efc7869db9e6,item_0ddb8d355dcad97b9852,prod_0189531a36c049171820,var_7c8a95c30a2e093e0468,wrong_size,51.61,2026-01-21T23:59:24.000Z
ret_a71221dd20fca9df9ab7,ord_f3fc6eb184cb32ecffcc,item_cdc6a9a6793522b7c2b4,prod_d43b2cf8fa29d7ae9b37,var_caae1453b01f7b10b548,quality_issue,122.78,2026-01-16T07:35:27.000Z
ret_9e144405d3b56ea2948d,ord_540d314477c260be02ca,item_c3620d9de0aea0ab39fb,prod_72dfeba4701d415d317a,var_439e4a3b1ded76626bcc,changed_mind,116.68,2026-01-17T17:07:13.000Z
ret_8927ef4dcf261ce0b15b,ord_3395c53bbb5a058d2611,item_80e2844ca93f54a22a28,prod_d43b2cf8fa29d7ae9b37,var_5db963bcd8fbf81b2e05,changed_mind,135.53,2026-01-18T23:04:41.000Z
ret_31e82dd899bac8e02316,ord_122eb620b5e59f76f4ec,item_cbe2a2df99e92e553d42,prod_ea26883fb1deabd15141,var_be2b12a3e53e8671f3d6,quality_issue,37.08,2026-01-12T14:36:18.000Z
ret_7c8b1715d5b019c1440f,ord_6be265f034a3550cfc22,item_e5365e8ee5916b9678f1,prod_72dfeba4701d415d317a,var_be4c5e4aeb2733383b86,arrived_late,124.76,2026-01-13T16:10:08.000Z
ret_1d499d7bb48ec1c8ed29,ord_1ea7103901e6bd148360,item_f20a6658966b874abc12,prod_1aac77da65d619e6240f,var_30a71ca69a0597e20603,wrong_size,142.44,2026-01-26T16:01:11.000Z
ret_8dd74a3389e81a00e8ba,ord_afa20f25541cbc2bc564,item_c85ff1def3d9d9428e94,prod_ebe756215bbfcde882c1,var_1712a2d5f6a5d208055e,not_as_expected,22.55,2026-01-10T18:06:11.000Z
ret_564f9321bae30c8ee0ae,ord_be8a854c781e0a0a701e,item_7d396bfc92792fbf47b3,prod_4fb11ac857411bda88a4,var_48589628c217474fe88e,wrong_size,51.62,2026-01-19T21:20:27.000Z
ret_f7bca955c5637edbda11,ord_f0419f7241a1963a3d2d,item_c80958f009e4243e3dfe,prod_d43b2cf8fa29d7ae9b37,var_db3c0fa83abed429ed33,arrived_late,130.28,2026-01-18T12:01:39.000Z
ret_5772c02ce3473ca00d42,ord_257d00a18660ff90c50e,item_0c85168d46e3994b1ba7,prod_ebe756215bbfcde882c1,var_5d625c4bbaa3b689d1db,not_as_expected,23.37,2026-01-20T22:43:20.000Z
ret_b9bfaa2e6dacc94dc11b,ord_6cd3f922eb4476e67719,item_fbe389839153b537579a,prod_ee93d55d30addeff6954,var_4859439609400df4e33c,changed_mind,316.02,2026-01-15T21:57:56.000Z
ret_a5413d768b80ca6deb33,ord_461e89055d54e9f9e015,item_8387aba24b3ba19a4bdd,prod_ea26883fb1deabd15141,var_a18ec8356e2d553dbf65,quality_issue,17.31,2026-01-18T09:24:56.000Z
ret_f9ca75ba85786e9f6bec,ord_d40cda9b0478e80d6b92,item_8cbb67dbfbf9aba48117,prod_72dfeba4701d415d317a,var_e55f60ce5370c732b493,wrong_size,232.04,2026-01-16T16:33:53.000Z
ret_0a1e607e318ce2dfdddb,ord_5e49802a75b069a1faee,item_94a5d0eadd463bfef221,prod_72dfeba4701d415d317a,var_cf614c1f8ce5ad152f86,arrived_late,254.42,2026-01-15T11:03:31.000Z
ret_a302fb97f934dd46292d,ord_c871ba930d38245e9a0b,item_3bdefdd060e37abc4fdb,prod_0189531a36c049171820,var_ab88c6de58ee2fcdf9e4,arrived_late,96.86,2026-01-28T11:10:23.000Z
ret_9be240702799fc42f86f,ord_0621a58135dc421cc814,item_2192c29b7b02c6842bb6,prod_1aac77da65d619e6240f,var_3a2e554b388bcfe86ab3,quality_issue,74.74,2026-01-22T11:36:06.000Z
ret_099182bcf32be2be7079,ord_467ee15c1727a3fb9314,item_de02b688478763e413d8,prod_4fb11ac857411bda88a4,var_55e00ca073f61b9775de,arrived_late,56.92,2026-02-02T10:02:43.000Z
ret_30ae17c29a39dbb31e12,ord_18e9f3f29a3aa2b999f7,item_047b84be8c32e3cc46be,prod_1aac77da65d619e6240f,var_aa467d7577abf3fbc60e,arrived_late,75.43,2026-01-26T16:04:43.000Z
ret_100db6d24ccccf23e95a,ord_7d2a49f497c1198044a7,item_07578d2efd1634c9b786,prod_ee93d55d30addeff6954,var_9d18dbed26f272d168b2,wrong_size,160.39,2026-01-23T16:01:03.000Z
ret_1ccc136e667e73eda0d8,ord_49267549d4e4bb71759c,item_ce2ad58eb111cb63bf09,prod_2efa0aed0d6e67ecae58,var_0cf84000f5859801c60f,wrong_size,124.32,2026-01-30T23:31:13.000Z
ret_35d30fcbb82e1d40dace,ord_7454e58068d307cfeeba,item_defe28a381494bf65fc5,prod_4fb11ac857411bda88a4,var_8c55152214d872854644,not_as_expected,102.68,2026-02-02T15:34:33.000Z
ret_2768544aceeb622d404f,ord_a553f7b7d8cb1fc22ab4,item_25d9af6732729b818b91,prod_4fb11ac857411bda88a4,var_0298ed73b20b2a58ddc3,quality_issue,102.78,2026-01-27T19:25:59.000Z
ret_7b9931401444c03407c4,ord_4a846f7a2716a2914b24,item_5d73ccb3c7fcceb80f08,prod_0189531a36c049171820,var_617730612696e695ed41,quality_issue,95.14,2026-01-23T15:17:12.000Z
ret_0e0dec3a2a8ee9be70db,ord_a903699247675985066f,item_5a84ed08b05e8d78f18e,prod_1aac77da65d619e6240f,var_582d11378691a5a6e4e9,not_as_expected,69.45,2026-01-31T19:17:11.000Z
ret_3234a2abca2d6d4d32c5,ord_c7b598b7f4e927b6758b,item_471b3b1e283e75bb00d2,prod_ee93d55d30addeff6954,var_b3220a2f29d9e3096a2f,arrived_late,162.69,2026-01-26T14:11:44.000Z
ret_70e9e8b5763eb58e69e4,ord_2585a13de10e5aa7bee3,item_ecb94c5cf1c6c6b82611,prod_d43b2cf8fa29d7ae9b37,var_5db963bcd8fbf81b2e05,not_as_expected,135.53,2026-01-25T19:49:39.000Z
ret_74d67924bdfa4cfd1f6b,ord_5a5effde6ca102012c62,item_78cb0a148a6cf4976c09,prod_438a44848bc196e6d975,var_17ee5bcff06d14279787,wrong_size,140.35,2026-01-25T21:51:38.000Z
ret_4b5d7a3616db8ad6fa62,ord_07217aaf88722beb2333,item_1a8a98f090c8f6337e5d,prod_4fb11ac857411bda88a4,var_b1841532494f148dfc95,quality_issue,56.69,2026-01-21T17:06:09.000Z
ret_e7060c632e5ed746fbb1,ord_76c7a1b9c6654533f2d8,item_f91e9ff7c0269763af8b,prod_0189531a36c049171820,var_6590129bf85a309d3f8f,wrong_size,102.86,2026-01-22T06:16:57.000Z
ret_dd6b69ee8ebc54499524,ord_ae7dfff9bf8972d0ec7b,item_d71a610014b5a6a91c2f,prod_4fb11ac857411bda88a4,var_dc811c3db2dffa2b4d77,not_as_expected,104.16,2026-01-31T19:29:32.000Z
ret_30472b9cfe44df02d9a1,ord_aa1997de05e15742a3f5,item_dbff5b3aa9c87322d1af,prod_438a44848bc196e6d975,var_68f5766a025554c3eaa9,arrived_late,146.33,2026-01-26T09:51:54.000Z
ret_db18b6b5352f33930f1b,ord_f0077b2461a3a201da01,item_7953a04a1bf286983491,prod_2efa0aed0d6e67ecae58,var_5414ce2508350e24da4d,arrived_late,131.4,2026-01-30T17:37:00.000Z
ret_411ccf66edb4d240ddbb,ord_02e1bfcdbdc9ff5f089b,item_92844558f6ee7ce7cb8a,prod_2efa0aed0d6e67ecae58,var_b54607373ac7bafb02f6,quality_issue,132.38,2026-01-30T06:15:22.000Z
ret_a3c95324a1a02de41e8e,ord_ffd14aaad26f0594d122,item_5a99fc6edca87f29ee9e,prod_ebe756215bbfcde882c1,var_63071a389c1b1f57160c,arrived_late,86.16,2026-02-07T18:42:45.000Z
ret_ab2711b63c79f8b91c6f,ord_a895dbcb1ce31d8550c2,item_938a62a400e1a1e713d7,prod_438a44848bc196e6d975,var_6255fbba1fc1f01b7ee9,not_as_expected,279.24,2026-02-05T20:23:28.000Z
ret_4fc0a8a5165b3c7ee52a,ord_4b841d4fd43629f22b74,item_05668381b34abd28e938,prod_438a44848bc196e6d975,var_410af979ba0b61e8b1fa,quality_issue,138.49,2026-02-05T16:58:39.000Z
ret_7dbcf1d6f107718bf042,ord_d4e7393c0a36972397cb,item_678b08af7c636cbb3641,prod_d43b2cf8fa29d7ae9b37,var_41628dba54c9c6861c9d,not_as_expected,123.47,2026-02-06T22:56:58.000Z
ret_9b0ce8b17d57cb601771,ord_8120f75bad8f58fae4f7,item_f42c602d65f58d2b5e21,prod_2efa0aed0d6e67ecae58,var_c5d4b04e619e436daff8,arrived_late,125.64,2026-02-09T19:38:52.000Z
ret_beac2ea89cdd50819150,ord_2bd65733a04299d06aa9,item_f3090db0dae4ea58363c,prod_ea26883fb1deabd15141,var_def87b80ab2972f8be9d,quality_issue,17.23,2026-02-08T08:49:12.000Z
ret_8bbc9eb2479058b217de,ord_bba710b66e8e4224c459,item_b5819aa6842cd45b68d8,prod_4fb11ac857411bda88a4,var_03e26300920b777b60ce,quality_issue,112.6,2026-02-10T23:21:49.000Z
ret_42f25f4cc3680c2eff28,ord_37124e8785c3717e513d,item_d62b4d50902b67754a71,prod_438a44848bc196e6d975,var_aeba55eb9e30673a577a,quality_issue,149.62,2026-02-11T16:15:01.000Z
ret_df30df110992ad68074d,ord_5010e9a82df89572f81e,item_cafe7df1777db444676d,prod_2efa0aed0d6e67ecae58,var_7563e95b2351a5fa4a08,changed_mind,64.46,2026-02-09T21:03:15.000Z
ret_45f1518024a47e7bd371,ord_f2a0c390fc538f3627ca,item_e23a6be42ea8f71ec271,prod_72dfeba4701d415d317a,var_082ccc283fa2bea80c16,changed_mind,113.32,2026-02-09T09:32:21.000Z
ret_8041db0aa534362af2cf,ord_79b62f2096855cfb50cb,item_79361822b16965bc4db3,prod_438a44848bc196e6d975,var_05e312d19f2d967b02ae,changed_mind,147.95,2026-02-11T07:13:16.000Z
ret_5d9d6466d8f0bc9372d0,ord_d34be66e27217421a634,item_b87532443ff8e4970a64,prod_d43b2cf8fa29d7ae9b37,var_6f0cce9478da3e151612,wrong_size,136.67,2026-02-02T19:08:09.000Z
ret_e50f48b88e5bbb16a1d2,ord_f3aaa4e0baf6398885af,item_a4fede6663be99245b36,prod_4fb11ac857411bda88a4,var_acbadd53c4704809d846,changed_mind,112.1,2026-01-30T16:32:01.000Z
ret_621786b0a3c16517ca11,ord_0d02b8599fb940652576,item_6f430b46a1387079b225,prod_ea26883fb1deabd15141,var_a56e028f2685d369a8a2,changed_mind,75.4,2026-02-10T15:26:05.000Z
ret_431597f3475550c8a3d0,ord_8418d04ae75760f86acb,item_fbf7e19af95e26b863f3,prod_438a44848bc196e6d975,var_aeba55eb9e30673a577a,changed_mind,299.24,2026-02-13T17:56:56.000Z
ret_4af9930e6705445f82a1,ord_62a061c7b824bb5b3abb,item_001c66e8f38bca66108c,prod_438a44848bc196e6d975,var_410af979ba0b61e8b1fa,quality_issue,276.98,2026-02-16T22:57:33.000Z
ret_0404d4bfcc220cbbcd65,ord_e80b0cd6935cdf9f4b89,item_39ce40f1aa5fa3974fda,prod_4fb11ac857411bda88a4,var_78ce2ee3c901aabec73e,not_as_expected,51.63,2026-02-11T14:50:38.000Z
ret_dcf89b753a2b2fa973e2,ord_a25c582435c544b96591,item_f0a2ef079e8aee45b173,prod_438a44848bc196e6d975,var_f6a18c0e86b9ac9532f4,arrived_late,150.88,2026-02-08T08:11:21.000Z
ret_b3281f9e8a3f8c2576af,ord_7a58e7177a5c0ebdfec8,item_fdf707e1c064bca7a4d1,prod_72dfeba4701d415d317a,var_082ccc283fa2bea80c16,arrived_late,113.32,2026-02-16T17:46:42.000Z
ret_2c6db70682b95780ef49,ord_26c20a77997ef24a8d87,item_620f724dbe3fe5e562b4,prod_4fb11ac857411bda88a4,var_dc811c3db2dffa2b4d77,not_as_expected,104.16,2026-02-11T10:27:10.000Z
ret_a3d14e76eccb7d31f964,ord_07a84e8874d829f401c0,item_9538a634a8fe816b1ac6,prod_ee93d55d30addeff6954,var_ed3640d449d418509f57,arrived_late,323.66,2026-02-18T07:22:33.000Z
ret_18b47e97acdfcc18999c,ord_56044cedb1e368d4a923,item_f6e68ac0ddbda7890a03,prod_4fb11ac857411bda88a4,var_8c55152214d872854644,quality_issue,51.34,2026-02-15T13:24:48.000Z
ret_35627a7dd694e89581f5,ord_2e342e07a274697937e1,item_1552548ea33ea0f300d9,prod_438a44848bc196e6d975,var_0b2b595a7dc5b15f1c86,arrived_late,148.91,2026-02-17T09:00:19.000Z
ret_2c265136f46a56a7e668,ord_9b9c3355a8a5dfb836aa,item_842f83e35bdb5b6694e6,prod_30d7a0ddc2ef16ba66b9,var_5ad21b0b072b59385182,arrived_late,26.94,2026-02-11T09:19:46.000Z
ret_ac76df92c189e9e523f9,ord_35b45a7d511a4abb40d4,item_789403cffb64f2ea832c,prod_1aac77da65d619e6240f,var_b18529e43b561104e73d,wrong_size,70.66,2026-02-08T15:47:18.000Z
ret_bd85f2c211e42d3d1828,ord_1693c8a367a3d6775874,item_8eee46319b56aeb50544,prod_ebe756215bbfcde882c1,var_84ff60b1ac8610102053,not_as_expected,22.03,2026-02-06T17:04:44.000Z
ret_c13ae8af93b7ddf35020,ord_febe6419dad906ee2035,item_c6db38db0c5bf3ae9af5,prod_ebe756215bbfcde882c1,var_1712a2d5f6a5d208055e,changed_mind,90.2,2026-02-12T10:03:22.000Z
ret_62aec55b298b4878d863,ord_2ca245b1e191bdd91d86,item_12b34aa327cff058b7aa,prod_438a44848bc196e6d975,var_b11b6b090279cfa04155,changed_mind,289.38,2026-02-18T17:36:16.000Z
ret_c91d3a4626cd42fdc36d,ord_d2700525bfd358ca4a1a,item_d9bdaa3f425087471d87,prod_438a44848bc196e6d975,var_5579d3dcd9580bd272b2,changed_mind,281.72,2026-02-09T23:43:51.000Z
ret_e0cfcec172e39d5cc2e7,ord_0cce84e3aaa99049e3ed,item_91ef2161d919025f20b5,prod_4fb11ac857411bda88a4,var_6b4cde94e24613aa178d,quality_issue,52.28,2026-02-13T23:56:02.000Z
ret_18f43f37417fc992044e,ord_02cd86ff9dc32e218907,item_9f2a3c3967bc62540f53,prod_ee93d55d30addeff6954,var_b319dcd8931c568f8dde,changed_mind,322.76,2026-02-18T21:51:12.000Z
ret_e1ea0e53ec39b57ddc24,ord_9ceede11fd58ff3d6d7c,item_fdb6faab1063fb9d6e34,prod_1aac77da65d619e6240f,var_827c52ca8f98abbcdae2,wrong_size,75.69,2026-02-21T19:12:03.000Z
ret_bbbd54471723dc9269a7,ord_8e87727572d78691d569,item_cc51ba1997939f4c5ee7,prod_438a44848bc196e6d975,var_17ee5bcff06d14279787,wrong_size,140.35,2026-02-16T18:04:02.000Z
ret_97646c817769661372aa,ord_d64878bdaa83608749a8,item_b1f60e60f00d11934ff6,prod_0189531a36c049171820,var_7657acb4edd171a3e158,wrong_size,102.88,2026-02-12T17:32:22.000Z
ret_4bfb4669991e201c1538,ord_cfd741f75c9098315b8e,item_b0cf7dad62a004d9060c,prod_438a44848bc196e6d975,var_aeba55eb9e30673a577a,arrived_late,149.62,2026-02-13T23:18:37.000Z
ret_1950b04a34e00d61de36,ord_60da95a449beeb0d86bf,item_4d8f3372981f1bdcad56,prod_0189531a36c049171820,var_ec38e216853971e3ca9c,wrong_size,46.73,2026-02-20T07:54:17.000Z
ret_32cd50b477831fb4b2c6,ord_9545a684c49c1cd6d55f,item_860375c2c79afcc1c234,prod_1aac77da65d619e6240f,var_a6767a237b512235506f,not_as_expected,77.28,2026-02-05T23:05:22.000Z
ret_078f2fd8bb08ac616d7b,ord_34c9b2c7fb1e1e562761,item_3f3183d144b854d600e6,prod_438a44848bc196e6d975,var_cca84c818b8d1dc7a408,quality_issue,137.68,2026-02-20T16:14:59.000Z
ret_2483839199537c609dde,ord_ff142e2dd5a3cd17f3ed,item_a0f03d6ebe68df3ec4e3,prod_0189531a36c049171820,var_439c19cbc3abe2d73929,not_as_expected,97.66,2026-02-21T11:15:52.000Z
ret_e7f25240275d010052a6,ord_befed78e7ac4adca0bab,item_2a67eb7b9e924738ea02,prod_1aac77da65d619e6240f,var_fada642b3d793e48890b,quality_issue,140.78,2026-02-16T08:02:34.000Z
ret_d70fc5a2e47310522dc0,ord_632f70c702cb61a9b524,item_da287365f703dfd360b8,prod_d43b2cf8fa29d7ae9b37,var_2abdb293ed839904df8a,changed_mind,134.18,2026-02-24T13:57:50.000Z
ret_33416760f9ca3bd15579,ord_e415678e3e1629cf19a7,item_7af704d1bea72b709360,prod_4fb11ac857411bda88a4,var_8d03581fc9e13826e5f0,wrong_size,55.83,2026-02-20T12:26:40.000Z
ret_e41d41cf9fa118fe95a0,ord_4999545a2f9c95955fdb,item_0a547861f8326cb82f2f,prod_4fb11ac857411bda88a4,var_8c55152214d872854644,arrived_late,102.68,2026-02-14T17:03:51.000Z
ret_b413a365345abc71aea8,ord_eef09f83bbfbf64bacab,item_a8594d48068b3cb56aa5,prod_72dfeba4701d415d317a,var_1a7a54f91d9a9784b173,wrong_size,120.38,2026-02-10T12:35:16.000Z
ret_4ff92b116bf0c9109280,ord_28edb30a14260ca3bfec,item_bac0d9fd8771222801bb,prod_d43b2cf8fa29d7ae9b37,var_01a56d62607b13a33c4e,quality_issue,131.6,2026-02-16T12:23:31.000Z
ret_081881b00a99f4f447a7,ord_9a4eba9489413674e574,item_c86e5bde572d1b6f8bdf,prod_4fb11ac857411bda88a4,var_6bfb37f2e216be599dfb,arrived_late,51.6,2026-02-19T11:46:59.000Z
ret_464ce5d75b64f5a063eb,ord_b7e4779174272e81080a,item_fd55d24e4af1c242dfcf,prod_438a44848bc196e6d975,var_6255fbba1fc1f01b7ee9,not_as_expected,279.24,2026-02-17T22:29:22.000Z
ret_a150c66c66e9d3e729b7,ord_8a88a5492101db904c1b,item_6746902fb0c426d1d963,prod_2efa0aed0d6e67ecae58,var_1e08d41c5ab96cce1ce2,arrived_late,65.79,2026-02-17T22:32:51.000Z
ret_cbe89c94d46f6d5ca80d,ord_46b7ba05b82a9d6332c9,item_dd0775f300363a260bd0,prod_d43b2cf8fa29d7ae9b37,var_4bc34e01cda1012288f6,not_as_expected,130.09,2026-02-09T10:08:52.000Z
ret_9a7aad3876b68c0e91d6,ord_75df7dd9c0daeef3a3be,item_c1980949e59d9d4582c7,prod_2efa0aed0d6e67ecae58,var_fe046aec4c2aa733984d,quality_issue,134.78,2026-02-20T17:57:06.000Z
ret_950edca09ab34e0b8d13,ord_70429742f223d0907f1b,item_93a27fc4c9a44cb2f134,prod_2efa0aed0d6e67ecae58,var_499d2419d323a686d2c6,arrived_late,65.73,2026-02-25T17:44:32.000Z
ret_375e40cc7ca501010a4c,ord_c08a8ab97f600be43318,item_f7e47e08beb8495ff6ea,prod_0189531a36c049171820,var_b5d905be4efb894192b7,quality_issue,96.22,2026-02-14T08:50:04.000Z
ret_31e96619812be501735f,ord_bfa8ff6b41c1ece8a2c0,item_d99cee36d84f91d5e759,prod_1aac77da65d619e6240f,var_b0665991d9649a256643,quality_issue,155.24,2026-02-20T15:19:37.000Z
ret_95de37fa1dacb50aca35,ord_f75e6fca5898253d2cf4,item_2ab7eefc272a67df40b1,prod_438a44848bc196e6d975,var_14bd7ed084b7132e19a3,wrong_size,303.12,2026-02-12T07:56:06.000Z
ret_e965580cf87c2163d9d8,ord_d05745e145f23db4368a,item_357d9f473427080ee4a8,prod_4fb11ac857411bda88a4,var_78ce2ee3c901aabec73e,wrong_size,51.63,2026-02-14T20:40:21.000Z
ret_3588e68a0ec81b7139a1,ord_dea35e420ff86199d2fb,item_cad6697f724e3e527d2f,prod_0189531a36c049171820,var_e7d27b69dfb62d802fec,quality_issue,99.84,2026-02-25T15:06:27.000Z
ret_48f90cb170575927cb63,ord_04fde35fe4811e3e3d10,item_eba6b04c3f7206419a88,prod_ee93d55d30addeff6954,var_ebb8cc29fc6683dff27c,changed_mind,166.85,2026-02-21T13:57:39.000Z
ret_a9854af25380c88543e3,ord_4c5830e591155d3fa246,item_5458d246ae0ae289441e,prod_ee93d55d30addeff6954,var_a0efe0997b6073b5e9d5,wrong_size,160.76,2026-02-21T19:20:29.000Z
ret_f3b67a7a9b5a42a71d67,ord_859dbb0b1e2fb9cf0944,item_09a0f8cdb698cec6216b,prod_d43b2cf8fa29d7ae9b37,var_03696f04943b92dadb38,arrived_late,246.22,2026-02-26T08:38:31.000Z
ret_2154d5ce136e6105f379,ord_261d7acb6d7d7dc8917b,item_9e5104b43f7030578a00,prod_1aac77da65d619e6240f,var_fada642b3d793e48890b,changed_mind,140.78,2026-02-17T15:03:45.000Z
ret_fcc4d07a1ad972cb8359,ord_f61820f6bac068333873,item_b33c214954c3d1d1611c,prod_2efa0aed0d6e67ecae58,var_8ab4fd713004558e9200,not_as_expected,121.62,2026-02-23T10:49:50.000Z
ret_701b5192c0dfc2d1b21c,ord_8d500c86112fb11429a2,item_54622bef8421a1ad9f82,prod_d43b2cf8fa29d7ae9b37,var_a02a8c90a7e79350209b,wrong_size,246.78,2026-02-28T11:38:44.000Z
ret_da31826015f74b149138,ord_7b1b390863ae9a3e2864,item_6d2dcf1b6e8718d16660,prod_2efa0aed0d6e67ecae58,var_93a3c087875d45eb3101,changed_mind,61.6,2026-03-03T20:30:44.000Z
ret_1236a5eea53f64fbdee9,ord_79a5221037f3dc945751,item_89e1a0ced0f8a9a52fed,prod_d87cfc68d1aef053d198,var_199bb1069f0216fdcbf6,not_as_expected,35.78,2026-03-03T09:22:44.000Z
ret_fc912dd033b63ff619c7,ord_c5859fec82edc2e29a36,item_2136dc0af9e81e16527f,prod_d43b2cf8fa29d7ae9b37,var_2abdb293ed839904df8a,quality_issue,134.18,2026-02-26T15:18:46.000Z
ret_f209eaef5ac911361257,ord_5a145fa7fc791f261ae9,item_b0e9953135a31be8f213,prod_1aac77da65d619e6240f,var_582d11378691a5a6e4e9,changed_mind,138.9,2026-02-23T17:35:46.000Z
ret_70adee3678480f29e5f4,ord_e0263a72250e599f9654,item_f66a78946628b26ce9f6,prod_1aac77da65d619e6240f,var_3971b7f2774b1e5a316d,wrong_size,69.79,2026-02-19T06:37:32.000Z
ret_8a38c737c57e7ba591aa,ord_b7dad87ee3e77d3461c7,item_e6b79f263ad347ce5ad5,prod_4fb11ac857411bda88a4,var_dc811c3db2dffa2b4d77,quality_issue,52.08,2026-03-01T21:29:00.000Z
ret_490506923d6bffa985a4,ord_897e0defe36c2c283a6f,item_623b1c8b0d8f7ab69ca4,prod_d43b2cf8fa29d7ae9b37,var_c313512d9379d00efca9,wrong_size,134.92,2026-02-23T07:41:52.000Z
ret_922a97b058ff3b3d8095,ord_b0da3f6c3e66e6a954b7,item_a1e287ab623ce28cb30b,prod_ee93d55d30addeff6954,var_85fb0baa8d121f327944,not_as_expected,161.97,2026-02-26T14:00:01.000Z
ret_1f3d327e2f145c528fbf,ord_4df7a37fadd6fc20c0d1,item_85fe7826d1f2dfbf2ae8,prod_d43b2cf8fa29d7ae9b37,var_03696f04943b92dadb38,not_as_expected,123.11,2026-02-20T20:56:27.000Z
ret_122732ddd9064d597760,ord_255c021537e7faad4e32,item_f1b38bf5e1d10528aad8,prod_438a44848bc196e6d975,var_b11b6b090279cfa04155,wrong_size,144.69,2026-02-20T19:50:49.000Z
ret_9ce0025bf34ec416a19b,ord_db3615cadfdbf7bcc945,item_a9a13025438bacd8d36d,prod_d43b2cf8fa29d7ae9b37,var_a63023dcf36046e5dc4e,wrong_size,244.02,2026-03-05T10:07:59.000Z
ret_39dc20a234db77d8d7d9,ord_54ab3d4766d28c5a1566,item_f190d28302547338dc89,prod_ee93d55d30addeff6954,var_61a3d99f3dd57555f061,changed_mind,156.1,2026-02-26T15:29:00.000Z
ret_144490a28f63bbea9a45,ord_359206de81aedbadaeb5,item_8f1bffa052e7a818aa3a,prod_ee93d55d30addeff6954,var_30fe308642c7372a4c55,changed_mind,164.56,2026-03-01T10:24:37.000Z
ret_edc29dd96233673dd32f,ord_260d5ab6629b88db677a,item_5148100f3f47708c937f,prod_438a44848bc196e6d975,var_c363351edb0ceb1afad6,wrong_size,139.35,2026-03-06T10:49:22.000Z
ret_6912573fda98c690335d,ord_a7d6015465b8a37aef35,item_30449f348b0e3b91f4a3,prod_1aac77da65d619e6240f,var_44f43fafea7f397d29fa,wrong_size,144.76,2026-02-23T12:14:19.000Z
ret_101dc87b13d30e8d933f,ord_e53ea15bf074b8313119,item_6933f1a44e92ab5e5fe4,prod_d43b2cf8fa29d7ae9b37,var_320e93b779cc3f59b69d,quality_issue,136.59,2026-03-06T23:36:29.000Z
ret_36ee7ef986538742c7b9,ord_69d3c6078749416dca41,item_4e511beee03568b466c9,prod_d43b2cf8fa29d7ae9b37,var_5267390ff261d8c9917a,changed_mind,271.4,2026-03-01T16:18:31.000Z
ret_8d5a9186144e94fd6e35,ord_c8e4ed73f298bd9c010a,item_d201d76265ad9f31e5da,prod_72dfeba4701d415d317a,var_1a7a54f91d9a9784b173,changed_mind,240.76,2026-03-02T20:37:44.000Z
ret_455d758322a75292e4e8,ord_f4e28cf80b1b03938d6b,item_93e4bfcd8cfe252eefd0,prod_1aac77da65d619e6240f,var_e865328517c3330f1431,arrived_late,140.98,2026-03-07T10:28:02.000Z
ret_db719ddf79610617f2b7,ord_639de1067c39b7c60160,item_415818370c158abf8453,prod_1aac77da65d619e6240f,var_827c52ca8f98abbcdae2,wrong_size,151.38,2026-02-28T18:36:37.000Z
ret_9f9072ffae5dc1a1bf6c,ord_68ad519e5a5a7109bc5b,item_7c9da30ef4f2eb1dae62,prod_2efa0aed0d6e67ecae58,var_ffa3148e0ee7668d8f30,changed_mind,130.14,2026-03-12T14:52:11.000Z
ret_1f00deff90b2e8d72b1b,ord_09971a72543fda0e5529,item_563475df636d72caefd4,prod_0189531a36c049171820,var_fcc7e2fc3cb72570cbfc,wrong_size,50.33,2026-02-24T07:34:48.000Z
ret_73dfae8979a9f10fd56b,ord_95f077bd1bc994b282eb,item_e512fa0a3b7c532ea1a1,prod_72dfeba4701d415d317a,var_a8e55173ba8ba00fbb58,arrived_late,117.39,2026-03-10T13:56:03.000Z
ret_cb053b2e5d09e0a8fe00,ord_392f4fcf78c1db6831c8,item_c28fa0f86306852fd3fe,prod_72dfeba4701d415d317a,var_be4c5e4aeb2733383b86,not_as_expected,249.52,2026-03-09T14:59:50.000Z
ret_b653b87294e64294bca1,ord_cf03adcff31f09c09a25,item_422fd79c64fbbb6f2c42,prod_72dfeba4701d415d317a,var_1a7a54f91d9a9784b173,not_as_expected,120.38,2026-03-06T21:27:10.000Z
ret_93fb898b9c6e9a185999,ord_0d6b61590c6eb62d56f6,item_8a88f80e088bb3fe5a2b,prod_438a44848bc196e6d975,var_2ea4bbd80d521a5e2104,quality_issue,145.56,2026-03-11T22:50:54.000Z
ret_f3a8e220306fffb39d94,ord_585f36d24d9e281e5713,item_2b1d7a2b8fa55af10a86,prod_4fb11ac857411bda88a4,var_fad911836ba0bc2d17e3,not_as_expected,53.4,2026-03-14T16:29:25.000Z
ret_75fe96bd083e4f0b32bc,ord_cbbffa566924b4dd383a,item_ff2b0c1827141a6087f0,prod_ebe756215bbfcde882c1,var_477f71369f8ec76bae72,wrong_size,83.64,2026-03-02T21:52:22.000Z
ret_f99f110b1dfd4f90ae0d,ord_605ee797811f3cc6eec9,item_11734ccede5f6c4827d3,prod_d43b2cf8fa29d7ae9b37,var_320e93b779cc3f59b69d,wrong_size,273.18,2026-02-27T15:50:45.000Z
ret_db02db27cf388e027ef9,ord_2ed2ab4e4e94ccbd69f0,item_d0e3e1775d586e613768,prod_ebe756215bbfcde882c1,var_54a48c4e9f5a97d29dac,quality_issue,93.8,2026-03-01T23:15:38.000Z
ret_576bee929593ce89602c,ord_9b56e1b4439d42033228,item_11237b58a50c66ef3409,prod_ee93d55d30addeff6954,var_7929a442006436a2f4b9,quality_issue,321.88,2026-03-17T18:03:50.000Z
ret_86c8e654d5105c05de14,ord_b95c0b550b12828dd2db,item_8b5821c19b545c8c4d35,prod_438a44848bc196e6d975,var_05e312d19f2d967b02ae,changed_mind,147.95,2026-03-03T07:51:32.000Z
ret_d07e491ca76f0ae30865,ord_24bff42efc99c81ff020,item_a271ea4a76f440374e43,prod_ee93d55d30addeff6954,var_2d63af5c80cedd103436,changed_mind,166.71,2026-03-12T17:53:56.000Z
ret_ac2d8fef82969af6cdba,ord_e2f276b7e8ed6f74541d,item_86bb7fbd825807482d69,prod_4fb11ac857411bda88a4,var_8d03581fc9e13826e5f0,changed_mind,111.66,2026-03-14T17:56:39.000Z
ret_d673758ddb419d53ff52,ord_adebb5b0204784046fed,item_b7e9a7f731f9ab27e068,prod_438a44848bc196e6d975,var_b72377f8338f3eabe496,wrong_size,148.37,2026-03-07T14:24:27.000Z
ret_a5e4a3c49ba8a245e53d,ord_de52894e958c2baf811c,item_3e6ea530b44f645f8771,prod_438a44848bc196e6d975,var_14bd7ed084b7132e19a3,wrong_size,303.12,2026-03-09T21:06:16.000Z
ret_a2a80791c62d65b3032e,ord_c944febbdb0cfb044a80,item_7129af51333a9a14d507,prod_72dfeba4701d415d317a,var_c81a94d9a15b6b760523,arrived_late,249.72,2026-03-18T18:03:18.000Z
ret_fa5f7e10f585a6f33eb6,ord_ba9a1b23ceff8bbc2702,item_03a8092187cbbffd156e,prod_1aac77da65d619e6240f,var_0249455f35a9dd408d40,quality_issue,136.82,2026-03-07T19:59:43.000Z
ret_3c47c59f73c15e4152af,ord_d91407adea1285c9fcb2,item_00613d553e44fc48ff74,prod_72dfeba4701d415d317a,var_7a9bd3c5007019c19bfe,wrong_size,112.91,2026-03-09T12:40:22.000Z
ret_1c8a5e03c627c3046f97,ord_1a61934b1b8b14a659c8,item_2a08448ad0da650a434b,prod_0189531a36c049171820,var_ec38e216853971e3ca9c,arrived_late,46.73,2026-03-14T10:17:53.000Z
ret_753632b21ef74ff8cb66,ord_69d25f05b8acce5aaff4,item_c13136ae0b62fb79a699,prod_438a44848bc196e6d975,var_410af979ba0b61e8b1fa,wrong_size,276.98,2026-03-19T20:28:37.000Z
ret_2c661bccd3880cc2a596,ord_1eb7f0d180c885749c0e,item_e219e9d51f084c006d23,prod_1aac77da65d619e6240f,var_44f43fafea7f397d29fa,not_as_expected,72.38,2026-03-10T10:45:23.000Z
ret_b70b893fcf7f257f7371,ord_e1ff876c896eb01693d7,item_c6b0d2277f037d859eaf,prod_ea26883fb1deabd15141,var_be2b12a3e53e8671f3d6,quality_issue,55.62,2026-03-16T10:12:13.000Z
ret_1f855d16fb7d241bd840,ord_8f66aa6a4d4f7589a4c9,item_b50be6f50d3b157e250d,prod_0189531a36c049171820,var_e7d27b69dfb62d802fec,changed_mind,99.84,2026-03-11T19:10:16.000Z
ret_29c8b6a74de9ed8d9348,ord_9f4fdd185839e2a6a18d,item_be8fe1f9dd16f6aa9c5f,prod_1aac77da65d619e6240f,var_8ec37fcdee5f1140ec55,changed_mind,150.12,2026-03-13T13:55:46.000Z
ret_1bbbc6f3f4966eb01df2,ord_77b5aba99c9455c7e032,item_83cb8cccc2b42441de7d,prod_ee93d55d30addeff6954,var_1c227362843cad63ec2d,arrived_late,320.18,2026-03-10T16:29:49.000Z
ret_3d342a249ff1da97b248,ord_d445ba6537ea0e90481e,item_a367b2b03712d635d1e4,prod_ee93d55d30addeff6954,var_43a5f128559af0f8f854,quality_issue,321.22,2026-03-11T23:53:23.000Z
ret_dc6354afa6f3e907bc1e,ord_68a1e4fbee04afe5bb22,item_97032a73df8487e3eb1b,prod_ee93d55d30addeff6954,var_eb2f38cea72d24acd1c4,wrong_size,299.16,2026-03-24T08:11:29.000Z
ret_a7a78c4c31b11a4f96ac,ord_669855c667477f95bff5,item_c957475a198d09f162b5,prod_ee93d55d30addeff6954,var_6fbe552270a22d50cfd4,wrong_size,167.13,2026-03-24T12:15:20.000Z
ret_1a17a7adf4cf1c4d0d32,ord_de1424a20a588c0d2a30,item_f9e67ffca5e64419f37c,prod_438a44848bc196e6d975,var_b11b6b090279cfa04155,quality_issue,289.38,2026-03-22T09:01:01.000Z
ret_686a2fc1dc04b1035d36,ord_9d5245e7a3531be1c51a,item_42346646be0dc209830b,prod_4fb11ac857411bda88a4,var_85a21cc286764b196eba,not_as_expected,54.78,2026-03-11T16:30:35.000Z
ret_1f3b3cc4eb69481e9f27,ord_e7351edb99be8a024626,item_e0c2d0572f4d86d82cb6,prod_72dfeba4701d415d317a,var_11b9ced246c49a2a69c6,quality_issue,253.66,2026-03-09T18:24:32.000Z
ret_02f5533b142331fed477,ord_b0235ba8eb5fb3c940c8,item_d1acc8365926269aa2b6,prod_d43b2cf8fa29d7ae9b37,var_d8747d212def9f4c3e80,changed_mind,125.9,2026-03-18T09:12:04.000Z
ret_ec6a724ad638c4837b83,ord_a4c4b1ba4305bd46c458,item_209b491723e1cfb60f6e,prod_0189531a36c049171820,var_b5d905be4efb894192b7,wrong_size,48.11,2026-03-18T15:47:36.000Z
ret_18416a30a13c85721bf2,ord_0ee093fb586a3fda748c,item_d18e0eb6b8e972f48a96,prod_4fb11ac857411bda88a4,var_48589628c217474fe88e,wrong_size,103.24,2026-03-18T13:11:38.000Z
ret_99c7aa7bce3c9fc0d542,ord_2f61eb69989aadd204fb,item_2dad1da360adc120776d,prod_0189531a36c049171820,var_617730612696e695ed41,wrong_size,95.14,2026-03-21T22:29:23.000Z
ret_d42f352a8e99557844e3,ord_b1b2c66ecaa5196ce876,item_0bcdde04d172485c630f,prod_d43b2cf8fa29d7ae9b37,var_1fbd683f0c26c28d4200,changed_mind,275.08,2026-03-20T09:16:46.000Z
ret_f44c1a9cc83ddf1592a7,ord_52f6db5c12522614bce9,item_61a9deead2763004ce90,prod_438a44848bc196e6d975,var_f6a18c0e86b9ac9532f4,changed_mind,150.88,2026-03-14T10:11:37.000Z
ret_d75bae39833eb0bc33e3,ord_af60286b83605056e7a9,item_29f6e24d55d2311dd5a7,prod_4fb11ac857411bda88a4,var_03e26300920b777b60ce,wrong_size,112.6,2026-03-18T19:11:17.000Z
ret_a410740c1dfc118ccf9c,ord_d7c8036c619307c304db,item_91a1257c13b3b1957c01,prod_438a44848bc196e6d975,var_c363351edb0ceb1afad6,arrived_late,278.7,2026-03-27T20:54:47.000Z
ret_3bfd71c8ce0176251272,ord_ecc7847d3da6acae9456,item_2334c9ea5d82a64b1750,prod_72dfeba4701d415d317a,var_9ae1b9494d9b24b6814d,wrong_size,124.38,2026-03-24T19:22:09.000Z
ret_12af32eff71268835ed4,ord_75a432ffd0627f714391,item_537248b7bd0b86b30bf9,prod_438a44848bc196e6d975,var_05e312d19f2d967b02ae,wrong_size,295.9,2026-03-21T21:09:56.000Z
ret_512a2ac82aa1c972c419,ord_f216071e29dcd6de2ea3,item_f12d8e002cf71e6b3970,prod_ee93d55d30addeff6954,var_b3220a2f29d9e3096a2f,not_as_expected,162.69,2026-03-13T22:02:54.000Z
ret_2fb2a0ef7ba1866cac5a,ord_08d217d48cc237d9cb4e,item_df1427dfd7a178c78c4f,prod_d43b2cf8fa29d7ae9b37,var_d3aca37c9bca975444e2,quality_issue,266.42,2026-03-22T17:38:52.000Z
ret_dde4ef84d85761a1882b,ord_9b8d4e15e6016e2aceae,item_213ad3407d3c07332dd2,prod_d43b2cf8fa29d7ae9b37,var_01a56d62607b13a33c4e,wrong_size,131.6,2026-03-25T22:15:22.000Z
ret_bf562fe9ceee0781d0fb,ord_4966120c7ac1c746bc97,item_78172344b6e448f11856,prod_ebe756215bbfcde882c1,var_5d625c4bbaa3b689d1db,quality_issue,70.11,2026-03-29T20:47:50.000Z
ret_d864fe6ba92fa0829d1d,ord_0b63069771cf16579a07,item_046cf497ba3fad827d02,prod_1aac77da65d619e6240f,var_8ec37fcdee5f1140ec55,wrong_size,150.12,2026-03-17T10:32:33.000Z
ret_d358f325779a1edc1731,ord_c3490703be57634bca26,item_335225595b7fbe40bf68,prod_438a44848bc196e6d975,var_9714066032b1c68057b8,quality_issue,278.86,2026-03-21T21:23:43.000Z
ret_5410d91b99924e682d35,ord_1ff9435954ed9cdd18a2,item_7f72558a9dcd801da3ab,prod_2efa0aed0d6e67ecae58,var_e03ac89cc365fa42f93c,quality_issue,61.04,2026-03-16T08:54:47.000Z
ret_2753e23e7b4a5ab5a425,ord_ffb1ea4c15b71c2c67b8,item_69fa58b0f22210c4ce4c,prod_1aac77da65d619e6240f,var_b504113d4e05f26566f9,arrived_late,74.44,2026-03-18T08:22:48.000Z
ret_64e507a309c003174c97,ord_26b134e80dc334018dc5,item_f95caef103d94474cc04,prod_438a44848bc196e6d975,var_9714066032b1c68057b8,quality_issue,139.43,2026-03-21T19:21:41.000Z
ret_4b3e5f0c0099ecc402a3,ord_dc4c56d6288a5d1807d7,item_71354a2e871a83446d54,prod_ea26883fb1deabd15141,var_be2b12a3e53e8671f3d6,not_as_expected,18.54,2026-03-20T16:51:16.000Z
ret_0cc4d370f7a1b6e4853c,ord_bbf231dd829532bafed3,item_8d2404814d91cbde7ba4,prod_2efa0aed0d6e67ecae58,var_d206780fbe564728bf65,wrong_size,134.6,2026-03-23T10:39:58.000Z
ret_c954310b0d4fb1a12381,ord_381ad67b1970bfec2cca,item_119cb34b001472e7c949,prod_438a44848bc196e6d975,var_508fbb721d582106874e,changed_mind,270.64,2026-03-25T17:46:44.000Z
ret_af5610dc9ac499a8d4b3,ord_c43102f4f4702ce86567,item_8496f9b92de135245926,prod_0189531a36c049171820,var_617730612696e695ed41,not_as_expected,47.57,2026-03-14T22:33:45.000Z
ret_90494e87a6d91ef8f608,ord_398cd034b7180788c4e6,item_1271b2b8856289043f75,prod_ee93d55d30addeff6954,var_c491091d5ab7ff33db46,arrived_late,149.67,2026-03-14T21:34:59.000Z
ret_ae0139f0e616c283bab3,ord_6020a338b55a58abd31d,item_e272043eca231711e90c,prod_d43b2cf8fa29d7ae9b37,var_320e93b779cc3f59b69d,wrong_size,273.18,2026-03-24T10:29:51.000Z
ret_d395d5c54e17086ac95f,ord_a7a604cab4d9fd815452,item_3673f9000ecc1965d75d,prod_2efa0aed0d6e67ecae58,var_53840b82f1f41986b97b,arrived_late,134.4,2026-03-16T09:00:24.000Z
ret_008848b80a13c2c14f4c,ord_1c9fc6cdb8efe454bfb7,item_bb3f794363e41d967e76,prod_ee93d55d30addeff6954,var_4859439609400df4e33c,wrong_size,158.01,2026-03-29T11:25:08.000Z
ret_1c937e742bf71c1ef1d6,ord_6bf854d971f1f696c992,item_14783b55aa2ab0911103,prod_4fb11ac857411bda88a4,var_97d1184949150ec3ff6c,not_as_expected,110.5,2026-03-28T18:45:38.000Z
ret_bc7ea0bdf62c5e79de29,ord_d3a32b660a81b68e9bdb,item_6c0e955c5c9e8657270c,prod_2efa0aed0d6e67ecae58,var_8031b1936b5e05c16a08,wrong_size,66.23,2026-03-25T18:37:07.000Z
ret_0f0e0d64e714112b0c1b,ord_9c9c06ced154a0390268,item_1f7e99aa824b1b7db6aa,prod_2efa0aed0d6e67ecae58,var_e03ac89cc365fa42f93c,arrived_late,61.04,2026-03-30T07:33:24.000Z
ret_3c3fb66aa884159ae5dc,ord_658fdd00bea8c7a6aa6b,item_2ca38f4cf5b14b5c1676,prod_0189531a36c049171820,var_e7d27b69dfb62d802fec,not_as_expected,99.84,2026-03-16T18:13:45.000Z
ret_c4479043155083bab161,ord_67bb36386183d349c7af,item_7d74e7ebfbf5ac6fcdcc,prod_2efa0aed0d6e67ecae58,var_5e478e2b39c40398fb76,changed_mind,63.32,2026-03-25T20:11:43.000Z
ret_bcf69a0fd6854b611656,ord_0bf031954a71c2ab5a6c,item_560cdc1e813aa7983a7f,prod_72dfeba4701d415d317a,var_a8e55173ba8ba00fbb58,wrong_size,117.39,2026-03-23T21:15:44.000Z
ret_5310860e689135952282,ord_0baf4ea157ec4c5371ef,item_8e6a441a1e20d76a01c9,prod_ee93d55d30addeff6954,var_eb2f38cea72d24acd1c4,not_as_expected,149.58,2026-03-21T06:59:44.000Z
ret_9120496168cda31d60c7,ord_187f8db9eb31c3647eb7,item_1e435847efc20d96e5f2,prod_72dfeba4701d415d317a,var_a0b00e2faaec9758659d,wrong_size,116.36,2026-03-20T17:17:24.000Z
ret_24ff5fd69657f693782b,ord_2806d63bc8439f9be430,item_4fd4cbf7980f0e463984,prod_0189531a36c049171820,var_00df6f028ceddde26b68,wrong_size,51.28,2026-03-31T20:46:52.000Z
ret_2b06c2d5d86956c6ee3c,ord_e068968e622a72c33303,item_ff5d4c8f7099f5a2c539,prod_1aac77da65d619e6240f,var_827c52ca8f98abbcdae2,wrong_size,151.38,2026-03-27T22:35:54.000Z
ret_26ab749432aaad616584,ord_3894fece690f9761a628,item_c6f9eee6b470e5279610,prod_1aac77da65d619e6240f,var_19b6c0119781ca26cfab,quality_issue,72.2,2026-03-27T13:36:05.000Z
ret_30f6e13698e484ce21a1,ord_39492c066cb0333f3286,item_dbf9e5383cdc639f28a6,prod_2efa0aed0d6e67ecae58,var_7f3a3296ffbd820f7f55,quality_issue,138.12,2026-03-20T10:04:26.000Z
ret_28f3f750474b54d8b80a,ord_9a0d3c2523fccdd7d8c6,item_9ecca1ceeb4935eab71c,prod_4fb11ac857411bda88a4,var_97d1184949150ec3ff6c,not_as_expected,55.25,2026-03-19T19:40:00.000Z
ret_c56d6e400188ce96c8d1,ord_dbc822c7226d0dcde2eb,item_80110b1918468858c277,prod_0189531a36c049171820,var_e7d27b69dfb62d802fec,quality_issue,49.92,2026-04-02T11:18:30.000Z
ret_9eec776fdca1d987f972,ord_6af52fa5c16f631f7f62,item_823c04f176200a5806bd,prod_0189531a36c049171820,var_7c8a95c30a2e093e0468,quality_issue,51.61,2026-03-30T10:08:20.000Z
ret_db3507403c464ca5098d,ord_21566fdda0a5f637f1a1,item_41a6e87e2f40633e3976,prod_4fb11ac857411bda88a4,var_85a21cc286764b196eba,wrong_size,54.78,2026-03-26T18:40:46.000Z
ret_9344d933dc808c8f58f8,ord_b801922a4712483174c3,item_e276b939a50bb9509aff,prod_d43b2cf8fa29d7ae9b37,var_1fbd683f0c26c28d4200,not_as_expected,137.54,2026-03-22T10:13:33.000Z
ret_b263da389ed1133f63b8,ord_93fb3b7e04630b96698b,item_92b15d59f5dceb0a90fc,prod_ee93d55d30addeff6954,var_422a1ef6d8410f6c318d,not_as_expected,166.07,2026-03-22T14:54:35.000Z
ret_0dde4d5a1f677e41ffb8,ord_59a213a66536ad30553c,item_96786a6787631b4a6194,prod_72dfeba4701d415d317a,var_be4c5e4aeb2733383b86,changed_mind,124.76,2026-04-02T13:05:56.000Z
ret_4a70482f05b84ec6740d,ord_8f87bc3d8de818cde705,item_15f109ddb102d3cd5185,prod_2efa0aed0d6e67ecae58,var_3faf67b40721672e3de6,not_as_expected,64.71,2026-03-29T12:50:30.000Z
ret_06bc9faaae1f7f4d7c6f,ord_95784395d71ed6adff00,item_333e330bd02c2dc97329,prod_ee93d55d30addeff6954,var_1c227362843cad63ec2d,wrong_size,160.09,2026-03-24T07:02:06.000Z
ret_7457c97a7baa848c8288,ord_93fa8580842c71f82a1c,item_597b1bdd53b1e9f4ac56,prod_72dfeba4701d415d317a,var_be4c5e4aeb2733383b86,changed_mind,249.52,2026-03-29T21:24:33.000Z
ret_b92ed82a8801432f0d13,ord_bc6d89abafa51ddfbce4,item_e240d7df4395927777bf,prod_ee93d55d30addeff6954,var_23eb40a02aea71235f7f,wrong_size,317.08,2026-03-31T10:15:41.000Z
ret_61d13110b05db48e29b5,ord_70c489f60fd9d03502f8,item_223a8db80fcfbb6c77cd,prod_ee93d55d30addeff6954,var_2d63af5c80cedd103436,changed_mind,333.42,2026-03-31T10:02:35.000Z
ret_ac698b27cc8a7cbce20a,ord_f54df976fbb3931e07df,item_4e8c6fb91848d8d728da,prod_72dfeba4701d415d317a,var_e55f60ce5370c732b493,quality_issue,232.04,2026-04-01T17:19:17.000Z
ret_bb087eacc5d6f831e1fe,ord_3e5008510bac000917d6,item_5e036e08cd62f48a1993,prod_1aac77da65d619e6240f,var_b504113d4e05f26566f9,wrong_size,148.88,2026-04-02T10:24:25.000Z
ret_33bc87156145f5d57ee2,ord_a697b56d44c5fb77c448,item_d808b53df83d0a3a8279,prod_30d7a0ddc2ef16ba66b9,var_5ad21b0b072b59385182,quality_issue,53.88,2026-03-24T21:10:20.000Z
ret_b59c33c7f3ab0f81d08e,ord_d5ebb5fa5784ab59520a,item_c1f0c3bec2d4578e1e34,prod_2efa0aed0d6e67ecae58,var_b54607373ac7bafb02f6,changed_mind,66.19,2026-04-07T20:40:15.000Z
ret_7837380fabd638ccee9a,ord_62638ae047b442cb2e19,item_6cbec66e1781ee2a501e,prod_d43b2cf8fa29d7ae9b37,var_02fb794660a1ff5b5481,not_as_expected,271.6,2026-03-24T09:21:59.000Z
ret_934b08510beaa06d44ef,ord_36c123f5aa93d76491bb,item_7ee5ee60f231cecf21b1,prod_438a44848bc196e6d975,var_b205c40ad363b680ec58,wrong_size,139.63,2026-04-05T22:35:44.000Z
ret_90aab123d0bb5ae3b004,ord_dd8bd9d195d315f02afc,item_e6fc0949e5dd02ecb39e,prod_438a44848bc196e6d975,var_9714066032b1c68057b8,arrived_late,139.43,2026-04-04T18:59:00.000Z
ret_cbabb38bae2f02286e9c,ord_bea5dcd8fe974aa66e4d,item_2e5f0b6705cb43bb97d9,prod_ebe756215bbfcde882c1,var_5d625c4bbaa3b689d1db,not_as_expected,23.37,2026-04-06T08:08:38.000Z
ret_4d95ab6c7a2f4b94c4ab,ord_a017d815ec69a1155dbb,item_c7df5ddcdd90d0f9e817,prod_d43b2cf8fa29d7ae9b37,var_01a56d62607b13a33c4e,arrived_late,263.2,2026-03-27T15:41:24.000Z
ret_19e34ca38f3a12e3748a,ord_97901c8bc45f73d25fbf,item_1292b8ea1f1edd7903bb,prod_ee93d55d30addeff6954,var_c491091d5ab7ff33db46,arrived_late,149.67,2026-03-30T20:47:22.000Z
ret_78881dde8bcca7c85529,ord_c68b8a95f14b60a43c54,item_23ededed492678f8558d,prod_438a44848bc196e6d975,var_d7120c7c2177c417b214,changed_mind,297.86,2026-03-26T20:31:51.000Z
ret_0a1c61393a34375cdfe8,ord_0def1e78214797f27d23,item_f80e05ce34fee309712e,prod_ee93d55d30addeff6954,var_30fe308642c7372a4c55,wrong_size,329.12,2026-04-05T20:47:53.000Z
ret_be9e5c5501472f1f3af1,ord_2077f5bbefcd1272ba3a,item_7da593788d4a18436b28,prod_ee93d55d30addeff6954,var_43a5f128559af0f8f854,changed_mind,321.22,2026-03-25T21:32:35.000Z
ret_f8e3cde05c3bb4d6d399,ord_b85bef604c68cf90b9df,item_e201f2e8743f49ec3d70,prod_1aac77da65d619e6240f,var_fe1215c4f405465a502b,arrived_late,140.34,2026-03-30T13:35:21.000Z
ret_77b4416d3c6f02fedf35,ord_4a59fa3244e5efb4bc96,item_6c12d579b90e23de4bf7,prod_ebe756215bbfcde882c1,var_d93959e68a9c1ed24606,quality_issue,21.38,2026-03-31T19:49:44.000Z
ret_8f2b5fcbbac2d0088771,ord_772911dde9de8c2db23e,item_96d79da2138cec4f8747,prod_72dfeba4701d415d317a,var_c1969c0733b4dc908af7,quality_issue,124.89,2026-04-02T19:40:21.000Z
ret_d365cc036d331b029266,ord_e66154307fb3086beca3,item_aa2b485771240dae81fc,prod_438a44848bc196e6d975,var_0b5c0ad0f1e4e8da6ed8,wrong_size,297.18,2026-04-11T12:59:51.000Z
ret_a2a5377d858e49bc7f5d,ord_81624f3e7335e5e6f066,item_7e566a1135dcd46619da,prod_30d7a0ddc2ef16ba66b9,var_5ad21b0b072b59385182,changed_mind,53.88,2026-04-09T22:48:42.000Z
ret_25cf9843faccbe66dc42,ord_4195002a6c78a0dae408,item_94212f8d186ed7359afe,prod_d43b2cf8fa29d7ae9b37,var_22ec18309fa5f5e5288d,arrived_late,251.6,2026-04-10T20:45:20.000Z
ret_d8514c21a5802b63118d,ord_fe8d1e74b969cc065256,item_34a8b3090ef7a78e7127,prod_438a44848bc196e6d975,var_70d6578905075ca6871b,changed_mind,275.46,2026-04-01T23:24:26.000Z
ret_8ab15dfa1645dda820d0,ord_b71d583c28368c939fe2,item_802b269941e9ea67cb5f,prod_1aac77da65d619e6240f,var_827c52ca8f98abbcdae2,wrong_size,75.69,2026-04-06T12:59:34.000Z
ret_005932a86e35480a4d0c,ord_b343f5bec8a4c728b6ee,item_a543ef9eda832b625a87,prod_4fb11ac857411bda88a4,var_78ce2ee3c901aabec73e,arrived_late,51.63,2026-04-05T18:27:40.000Z
ret_9cdf26ed2c215aefa3a3,ord_461c3a0845508bba2b50,item_6d6f2c1df9ce2844e3d5,prod_ebe756215bbfcde882c1,var_63071a389c1b1f57160c,changed_mind,64.62,2026-04-13T07:57:27.000Z
ret_61eefe0d42684b9726a1,ord_2609c41d63beccdddf4c,item_37ff8ac3792d30a6ce41,prod_ee93d55d30addeff6954,var_a0efe0997b6073b5e9d5,wrong_size,321.52,2026-04-06T06:30:41.000Z
ret_bda7fa39a0f67b66403e,ord_07c239413fd6db00f8ca,item_93f4ccf0f7480d9ec8c6,prod_2efa0aed0d6e67ecae58,var_5414ce2508350e24da4d,arrived_late,65.7,2026-04-01T08:35:47.000Z
ret_494fc1a80377c938a093,ord_0a518d923ea910d5b1e3,item_a721bb1f1475dc22b8dd,prod_0189531a36c049171820,var_1bc3cc6be2d148f68d07,arrived_late,92.14,2026-04-06T14:51:08.000Z
ret_cf473cffb7fc0994056b,ord_acc069c4e9249ba2cdfc,item_a304d14ff6a68eecbed7,prod_0189531a36c049171820,var_0f3bd97c57258221527f,wrong_size,97.16,2026-04-13T17:43:52.000Z
ret_61b65258b35824449ed8,ord_8896489d023d22ee7ac3,item_65cc14f2e8e020f83709,prod_d43b2cf8fa29d7ae9b37,var_89efa340b18949bb9c2f,arrived_late,135.17,2026-04-02T07:08:22.000Z
ret_76e691fe22ec40dec22d,ord_58c166a5dff9ce5374e3,item_4d89270d3e05be06079d,prod_1aac77da65d619e6240f,var_b504113d4e05f26566f9,quality_issue,74.44,2026-04-03T17:04:43.000Z
ret_1259cc4dc8fcb6667fc5,ord_8cbba6faef99ba356be9,item_dc6bb2bd0582dc540c4f,prod_0189531a36c049171820,var_b30af374f3e8523449d6,changed_mind,103.46,2026-04-12T21:13:58.000Z
ret_deee32ca23051ff973ef,ord_ed0759afa83938d2e8d4,item_f57eb09fd10abb4e4a94,prod_72dfeba4701d415d317a,var_439e4a3b1ded76626bcc,changed_mind,116.68,2026-04-02T09:19:59.000Z
ret_b86d4400fbbfa9c77561,ord_a60dcc5b7ba689a8650a,item_e97467181d14fd3c1fe1,prod_d43b2cf8fa29d7ae9b37,var_db3c0fa83abed429ed33,not_as_expected,260.56,2026-04-09T06:46:43.000Z
ret_02a071b2bd4add47a248,ord_9dcfb3023b3953dacd94,item_6863025669ac0ed1458d,prod_d43b2cf8fa29d7ae9b37,var_d8747d212def9f4c3e80,quality_issue,125.9,2026-04-05T08:07:48.000Z
ret_b60d3cc59994f8fab78b,ord_fa9dcceb031795b1a2ba,item_5a8001ef1a63db710171,prod_72dfeba4701d415d317a,var_e55f60ce5370c732b493,arrived_late,232.04,2026-03-31T18:54:04.000Z
ret_fb91ebeec4b8c2ba635a,ord_f62db04f6820953941d2,item_29e1d2285a792f2d7e08,prod_ea26883fb1deabd15141,var_a56e028f2685d369a8a2,arrived_late,75.4,2026-04-03T06:36:08.000Z
ret_a4e4a07642a288d4a60f,ord_352daee44105627a5886,item_b12478b890672abbe63a,prod_d43b2cf8fa29d7ae9b37,var_db3c0fa83abed429ed33,quality_issue,260.56,2026-04-10T23:22:19.000Z
ret_e431e2404586a0f12d7e,ord_b7e6ff5187807b1099b0,item_13b00cd687ee5f82f419,prod_0189531a36c049171820,var_617730612696e695ed41,changed_mind,95.14,2026-04-02T16:57:52.000Z
ret_d85756d9beef3ec4c7e0,ord_972c2b8367155a5862c2,item_9dae8d23b023933313cf,prod_d43b2cf8fa29d7ae9b37,var_e458e9983f2d79d6ed15,arrived_late,274.4,2026-04-07T15:38:14.000Z
ret_83a020cd909d86087437,ord_b6d645e9033bf1f2aa35,item_8abf19e56ee840ab2fcd,prod_4fb11ac857411bda88a4,var_e49c1d617edcf65ee83c,changed_mind,51.31,2026-04-05T20:57:45.000Z
ret_9c96f3669aac415a3392,ord_b95b9b9c64cf2e6d75b6,item_13f4e431b703de22c569,prod_72dfeba4701d415d317a,var_11b9ced246c49a2a69c6,quality_issue,126.83,2026-03-30T11:43:38.000Z
ret_705a1afa0254af065f9b,ord_06bd2b576c46912cc8b8,item_dae08b1528b6f4262579,prod_72dfeba4701d415d317a,var_15a5da1605c0b6e7842d,not_as_expected,228.32,2026-04-07T07:33:14.000Z
ret_3601091c0eb43ab444ed,ord_47d4f5223917c5792717,item_7a73d91b3e551154dfb1,prod_ee93d55d30addeff6954,var_efeb55e5136f27ed409c,not_as_expected,328.54,2026-04-12T14:49:44.000Z
ret_997e46d13a5c49185398,ord_ae5bec9c59a2a77071d8,item_cb404ffbb74f20508256,prod_d43b2cf8fa29d7ae9b37,var_7d1ebbe12c99beb1f424,quality_issue,245.2,2026-04-12T18:24:17.000Z
ret_85f322327bb31fa302a7,ord_e3e640cc97eaba4aad7b,item_29f4fe12be2a2c5e0b56,prod_d43b2cf8fa29d7ae9b37,var_caae1453b01f7b10b548,changed_mind,122.78,2026-04-18T11:36:28.000Z
ret_cc9fcc772140159311d6,ord_49c9ea5bbe62d464e06c,item_2463bd4bc57e9d2d994c,prod_438a44848bc196e6d975,var_a7daae96f9b2f50dfdef,wrong_size,140.03,2026-04-03T23:51:17.000Z
ret_39fbdde6f24cd4b80e13,ord_3b58bfec132206aee5b5,item_d0f074aa5fa8c14c6bd7,prod_d43b2cf8fa29d7ae9b37,var_22ec18309fa5f5e5288d,quality_issue,125.8,2026-04-17T15:27:57.000Z
ret_832ff3676ee8956eaa48,ord_661706db677eeb05cac1,item_aff5c4f6a081b8c0d486,prod_1aac77da65d619e6240f,var_b0665991d9649a256643,arrived_late,155.24,2026-04-15T19:26:00.000Z
ret_b710728ad4f1c27de0ac,ord_41925680e129754a8765,item_f14fea5e3ad315c3015f,prod_d87cfc68d1aef053d198,var_7867058976a19bca1d0d,quality_issue,70.5,2026-04-07T09:43:38.000Z
ret_8101d38ec14d2695d591,ord_0170042e97fa20f1b2be,item_820ca6f585bf648bc6ef,prod_d43b2cf8fa29d7ae9b37,var_01a56d62607b13a33c4e,changed_mind,131.6,2026-04-09T18:55:38.000Z
ret_96be8d21d6219dce9db4,ord_bb8b9ef8db95da9ba04b,item_5b37966277c90dce8604,prod_0189531a36c049171820,var_b328308955a099219aba,wrong_size,51.23,2026-04-19T09:58:25.000Z
ret_97f6f78b9e4204d8672c,ord_16a9ee5e3988ed3913ad,item_6169a0483a4695b23753,prod_4fb11ac857411bda88a4,var_58a00b869159191e4ac9,quality_issue,104.18,2026-04-13T23:44:36.000Z
ret_6965ce819f8189cc8ef3,ord_22bf11d0fdf361bd7fb6,item_17e8d96f19dfbebcdc95,prod_1aac77da65d619e6240f,var_fe1215c4f405465a502b,not_as_expected,140.34,2026-04-09T15:22:07.000Z
ret_d548666891f3fa1cdcd7,ord_7c205a7dae993358c0e2,item_b98c9524de7a207c88f7,prod_ee93d55d30addeff6954,var_eb2f38cea72d24acd1c4,not_as_expected,299.16,2026-04-16T17:11:59.000Z
ret_8ab92de94415014c2686,ord_56cf13204e1d472f1d0b,item_c6436fb82d43b604958f,prod_72dfeba4701d415d317a,var_15a5da1605c0b6e7842d,wrong_size,114.16,2026-04-10T09:05:26.000Z
ret_7e4866ce940cfb32759f,ord_95a12c5baf5da2a60253,item_17a1d921a98a08ad5013,prod_ebe756215bbfcde882c1,var_1712a2d5f6a5d208055e,wrong_size,45.1,2026-04-08T15:21:47.000Z
ret_f91633c5f5cc21a90cae,ord_06c9516f3d4fe91dead5,item_18d8e19f7a39919f15d8,prod_2efa0aed0d6e67ecae58,var_499d2419d323a686d2c6,not_as_expected,65.73,2026-04-19T11:53:17.000Z
ret_045d7c60c451fda0617c,ord_67ace3fc8b60c95953ea,item_2be9b1be36b27b476692,prod_d43b2cf8fa29d7ae9b37,var_22ec18309fa5f5e5288d,wrong_size,251.6,2026-04-13T21:23:04.000Z
ret_34c7e983cbbf356d0da3,ord_40e4b7d5635bc7beba12,item_4aa5db0717b7def2bfb3,prod_4fb11ac857411bda88a4,var_0298ed73b20b2a58ddc3,not_as_expected,51.39,2026-04-04T10:23:35.000Z
ret_ed395345c3a1052e9b1a,ord_881fdeda50c505f777c6,item_35c6adfe6028bed1f72f,prod_4fb11ac857411bda88a4,var_03e26300920b777b60ce,not_as_expected,112.6,2026-04-08T19:44:32.000Z
ret_739103237abb920b1ae6,ord_2efcbd599273e410045f,item_988e0215796b22a0502b,prod_72dfeba4701d415d317a,var_cf614c1f8ce5ad152f86,not_as_expected,254.42,2026-04-08T16:28:42.000Z
ret_85ad097aaac05e34de72,ord_be0da1a1fd10b3cead4f,item_d6af988002c5be3dc327,prod_d43b2cf8fa29d7ae9b37,var_e458e9983f2d79d6ed15,not_as_expected,274.4,2026-04-22T06:41:04.000Z
ret_f1c67e43b86b8b64a208,ord_c6e891414213d64fcfaa,item_333fef7066f1b3a4d195,prod_ebe756215bbfcde882c1,var_5d625c4bbaa3b689d1db,quality_issue,70.11,2026-04-21T14:23:40.000Z
ret_2f75cd4ff60adc970938,ord_d554ae0773ba4162f161,item_fb6a9a63be92a92c31bb,prod_d43b2cf8fa29d7ae9b37,var_87e530ced3270be98f36,arrived_late,123.01,2026-04-05T17:24:12.000Z
ret_cc22c9aeac8c89922295,ord_170b349c943902ca608f,item_942a7ba30a927b1da26c,prod_72dfeba4701d415d317a,var_439e4a3b1ded76626bcc,arrived_late,116.68,2026-04-06T18:14:49.000Z
ret_34ce6d3da1c94b45e9e3,ord_36f71d1eee1e0648e2e1,item_182d62eb3dce9afd36ae,prod_ee93d55d30addeff6954,var_b3220a2f29d9e3096a2f,not_as_expected,162.69,2026-04-22T15:40:33.000Z
ret_c7ba571a4131b5a1e867,ord_6082d6592deda472294b,item_f5ebd3c3b7c3cf499f76,prod_ea26883fb1deabd15141,var_ad88e442b4ec9a747624,arrived_late,34.32,2026-04-16T21:48:11.000Z
ret_fdfbdd0976cf550beecc,ord_e75d966e8752c36a58f3,item_65a550ea6440c601a536,prod_0189531a36c049171820,var_fcc7e2fc3cb72570cbfc,wrong_size,50.33,2026-04-13T14:07:15.000Z
ret_5e501b342ebdd2e0eb2f,ord_4158366ffa613f78b64a,item_6e8a7bfb0528ff6c0ea6,prod_ee93d55d30addeff6954,var_c491091d5ab7ff33db46,not_as_expected,299.34,2026-04-14T15:04:44.000Z
ret_4c206ccd63580d726cae,ord_a92a837072cc6d53258f,item_c59717dcfbdcdd247d37,prod_72dfeba4701d415d317a,var_1a7a54f91d9a9784b173,wrong_size,120.38,2026-04-15T20:52:49.000Z
ret_24304315f378dbbcfdeb,ord_7622734f4ba3de7090a2,item_c7af8727ea65424ae372,prod_d43b2cf8fa29d7ae9b37,var_a02a8c90a7e79350209b,arrived_late,246.78,2026-04-20T13:50:03.000Z
ret_5b5c34cedaf4155e5e1e,ord_9c8e02d492cd353ddd18,item_82ac429b8f15ec5128db,prod_0189531a36c049171820,var_22afdc3bc66d8c370224,quality_issue,47.77,2026-04-10T22:39:39.000Z
ret_28c686fc9f0b510dcb9f,ord_e8c1f26f964c58b24f89,item_54db59282a7022ef1fe1,prod_d43b2cf8fa29d7ae9b37,var_aa050b328bd26312a85e,wrong_size,131.9,2026-04-12T17:56:47.000Z
ret_d2ff59927ae0729916c8,ord_070c91ffbc7a9e27cba2,item_f66d5eab10b1059d41c0,prod_d43b2cf8fa29d7ae9b37,var_13c3ed1f6d0b19413901,not_as_expected,251.4,2026-04-14T12:17:24.000Z
ret_5f8d202d4ac2498fc2dc,ord_7250a77fc102c525da78,item_8d7f17577d6764dc9722,prod_ee93d55d30addeff6954,var_8d654d633876e75e4317,not_as_expected,310.94,2026-04-11T22:10:47.000Z
ret_5912422c38805b246240,ord_7364e32ca4aaec8bed34,item_cc1c1df943751f2a4e2e,prod_1aac77da65d619e6240f,var_9d2bbbb4593860eae1c2,quality_issue,70.8,2026-04-23T09:13:59.000Z
ret_ed526fa58761ce83cd0f,ord_d0087b8feb6cae254306,item_a2559ae79db0a2168e0d,prod_ee93d55d30addeff6954,var_1c227362843cad63ec2d,wrong_size,320.18,2026-04-23T15:54:32.000Z
ret_633fd77ae1428c462af5,ord_a3f2bf4d94fb716d12fb,item_afaf8e25fa2b9353c624,prod_d43b2cf8fa29d7ae9b37,var_5db963bcd8fbf81b2e05,quality_issue,271.06,2026-04-07T11:58:29.000Z
ret_e5a9ad64a286f646e803,ord_409af485a79255f95ccb,item_bdd02e33c3ca2ec3f4c1,prod_d43b2cf8fa29d7ae9b37,var_f3e3682f5daf474543ab,arrived_late,275.7,2026-04-07T08:32:52.000Z
ret_55441a44a1c4a5c96ada,ord_aa52ad6690981a6a9063,item_dc32a56836c02c0d67b9,prod_ee93d55d30addeff6954,var_7929a442006436a2f4b9,not_as_expected,321.88,2026-04-18T11:21:25.000Z
ret_ba1910726a78cc83f234,ord_47c5f39fcda22437f6b0,item_758ede9e9e2579e6f76a,prod_1aac77da65d619e6240f,var_b504113d4e05f26566f9,wrong_size,74.44,2026-04-19T09:37:06.000Z
ret_b61947fa1e3275da25ab,ord_20ac770e9451c543c3e7,item_81da72cff261acd288ac,prod_1aac77da65d619e6240f,var_0249455f35a9dd408d40,arrived_late,68.41,2026-04-21T12:38:38.000Z
ret_90f30fad0e46865c9f0c,ord_1ed9abc82b5a0ddefd6d,item_4b7714e57a252580b684,prod_1aac77da65d619e6240f,var_f4e84136e702c56fc319,wrong_size,76.26,2026-04-18T17:40:57.000Z
ret_60e54b753e5f4f5ed8e1,ord_68ed86df23345b65133b,item_d5246412a063ee3a920b,prod_d43b2cf8fa29d7ae9b37,var_a63023dcf36046e5dc4e,wrong_size,122.01,2026-04-25T19:04:14.000Z
ret_d3678d60e6bbb262b479,ord_7ff43786c0814129d6ba,item_cb8e53e56ec8c2d6f5dc,prod_ee93d55d30addeff6954,var_b3220a2f29d9e3096a2f,changed_mind,162.69,2026-04-14T13:30:24.000Z
ret_99804566fd807291be46,ord_57092aa5510d2a070dc3,item_485d972261dc99eadf20,prod_1aac77da65d619e6240f,var_e68010c463448ce42243,not_as_expected,70.37,2026-04-22T12:18:08.000Z
ret_2ccb344f312b386bc382,ord_118351a844b1b2971d69,item_8519324976d42e51e6bf,prod_72dfeba4701d415d317a,var_3095fdb99afdb37f42a9,changed_mind,250.74,2026-04-20T10:48:44.000Z
ret_cf30ec8f6ea43f03967d,ord_18768b1069ae551ba458,item_c58bbc1c772545344911,prod_d43b2cf8fa29d7ae9b37,var_a02a8c90a7e79350209b,wrong_size,123.39,2026-04-19T16:20:45.000Z
ret_5860780a0803992e21a6,ord_d5fb1957f180d668173b,item_9be15e5c8a4b345f09a9,prod_d43b2cf8fa29d7ae9b37,var_caae1453b01f7b10b548,quality_issue,245.56,2026-04-24T22:28:54.000Z
ret_ac972bf1b224b8fe2186,ord_dd4b31dbfcb6cb6de14b,item_4a2ed619d43372ca69ad,prod_1aac77da65d619e6240f,var_0249455f35a9dd408d40,quality_issue,68.41,2026-04-14T13:42:50.000Z
ret_51d0c79ac1cf89e759b5,ord_2a0f9aa19dd3339abd43,item_23bd0f03c51368eae47e,prod_ee93d55d30addeff6954,var_2d63af5c80cedd103436,quality_issue,333.42,2026-04-11T09:25:28.000Z
ret_7dc2d234a2a3dfdf8cdf,ord_34d39242ca1685732dba,item_51a2a4e891beb57dbca4,prod_ebe756215bbfcde882c1,var_0c2a56074856654cc09c,wrong_size,87.04,2026-04-15T06:40:13.000Z
ret_466991c5e0a4f61436db,ord_7c445b6ba513f9887da1,item_bf4f18f0afde6b028cd7,prod_2efa0aed0d6e67ecae58,var_8ab4fd713004558e9200,arrived_late,121.62,2026-04-13T12:31:23.000Z
ret_133550ac89075fd7de30,ord_da41f1d39cad684e9a10,item_1fbc6517c0765fe40cf7,prod_4fb11ac857411bda88a4,var_0c8dbcf461e87274cd44,wrong_size,105.86,2026-04-17T17:40:06.000Z
ret_e2f97385699acf991d55,ord_89dac1602fd096e1afd1,item_7f4b33c2232e66541376,prod_2efa0aed0d6e67ecae58,var_0cf84000f5859801c60f,wrong_size,62.16,2026-04-10T07:57:49.000Z
ret_338923627c3e5a321569,ord_bd27b8771df0d079e250,item_1d77b67c7318b7384ea4,prod_ebe756215bbfcde882c1,var_63071a389c1b1f57160c,not_as_expected,64.62,2026-04-22T20:44:03.000Z
ret_6eb2e32249f61dce2901,ord_1316fde3bbd91ebb5945,item_4a898c116dbad3f0a801,prod_ea26883fb1deabd15141,var_8d5d2d5c13ed45a481ad,not_as_expected,35.04,2026-04-17T08:22:06.000Z
ret_b4936329d0a23df30b96,ord_bfb673f6609b3a164c5c,item_bbac6e57eab436d163c7,prod_4fb11ac857411bda88a4,var_acbadd53c4704809d846,wrong_size,112.1,2026-04-10T18:57:04.000Z
ret_9cfef99f87519bd029fe,ord_fa5768088f856bb2ef3d,item_4bfd90e167f2078c265d,prod_ebe756215bbfcde882c1,var_1712a2d5f6a5d208055e,changed_mind,22.55,2026-04-11T21:22:19.000Z
ret_7f23c80fc0d3febb19c8,ord_84186296067850d128af,item_6938ea4f1fad6de3ccf0,prod_d43b2cf8fa29d7ae9b37,var_3cc406399bed25270f9e,arrived_late,133.65,2026-04-27T15:55:30.000Z
ret_49f438cbb07e12d78e7b,ord_39336f207f883982403b,item_950b944179db76931b6b,prod_0189531a36c049171820,var_ec38e216853971e3ca9c,not_as_expected,46.73,2026-04-20T09:58:03.000Z
ret_fce1cb5a2c878be65671,ord_561c665d17c8688cddd8,item_af10b480169b58c6d5b4,prod_438a44848bc196e6d975,var_b11b6b090279cfa04155,arrived_late,144.69,2026-04-19T13:42:09.000Z
ret_64debef7697b020c6849,ord_b0dabce28c46f523e9c5,item_ce0982a57291db9d9988,prod_d43b2cf8fa29d7ae9b37,var_7d1ebbe12c99beb1f424,arrived_late,245.2,2026-04-26T06:42:49.000Z
ret_5b401239610777be28a2,ord_ee5e4aa1dfc19b18d816,item_93c4948361ecdc5ca096,prod_1aac77da65d619e6240f,var_b26eea452ddb91e6275c,not_as_expected,142.88,2026-04-19T17:10:00.000Z
ret_9f75bc7abf1de09c6f34,ord_14061eacf8b296f39d04,item_9118eb778f0eed305bfb,prod_438a44848bc196e6d975,var_b11b6b090279cfa04155,not_as_expected,144.69,2026-04-25T12:35:00.000Z
ret_85a10e9a1c478e89ab5d,ord_3dbeadd9c9722cc73f03,item_2c449c7a7e4db1ef39cd,prod_0189531a36c049171820,var_fa3dbd5a2054f66ebda8,arrived_late,49.24,2026-04-13T18:29:51.000Z
ret_750b1e64082e2a7cdbfe,ord_19a24055f8d11f075e7e,item_6677764d15586dbf7484,prod_d43b2cf8fa29d7ae9b37,var_caae1453b01f7b10b548,quality_issue,122.78,2026-04-14T15:47:40.000Z
ret_c8785e71068861dda722,ord_058d3f9b736768d410ff,item_0b39731068bb1339aa30,prod_2efa0aed0d6e67ecae58,var_c1d92c21012faefae3f8,not_as_expected,123.06,2026-04-20T12:22:21.000Z
ret_fad962c3cba23bef2215,ord_d0d03f40f400f8c47800,item_6dcaa4995340132a5873,prod_2efa0aed0d6e67ecae58,var_2a91c104878870f34df4,changed_mind,66.58,2026-04-17T20:35:00.000Z
ret_1a80b93f7acc88c61ef5,ord_728a78d9d066ed70750c,item_642a4a7ffd25f7e2af2d,prod_438a44848bc196e6d975,var_b45c40adf3eb6d63798c,changed_mind,277.96,2026-04-27T16:33:16.000Z
ret_20afa3ce57cf014d3d1c,ord_e1608ab3729a8f6d808e,item_c0ad496264cd447eb971,prod_ebe756215bbfcde882c1,var_d93959e68a9c1ed24606,wrong_size,21.38,2026-04-25T18:15:03.000Z
ret_b6e6129383191084a9a5,ord_cbed26cc453ce3a7a087,item_27a3549d26d50ca9f9fe,prod_72dfeba4701d415d317a,var_c1969c0733b4dc908af7,arrived_late,249.78,2026-04-22T11:04:09.000Z
ret_8d276e9ae8dded019a88,ord_6aad6e227b2f3e098831,item_061b43a0ba7249aee029,prod_d43b2cf8fa29d7ae9b37,var_b35ae4d77d0efb3389d3,not_as_expected,257.86,2026-04-20T10:19:45.000Z
ret_c7aadd9d9d439ba5e7eb,ord_535fb3aa2b92a0c70d49,item_b57c80a1f6383307bb3e,prod_ebe756215bbfcde882c1,var_54a48c4e9f5a97d29dac,quality_issue,46.9,2026-04-22T13:09:24.000Z
ret_252ccd81107fbb87eadb,ord_a7bc9bc8339d3d51952e,item_a68b2d3e8c3ce0dd4483,prod_ee93d55d30addeff6954,var_4859439609400df4e33c,arrived_late,158.01,2026-04-21T15:05:14.000Z
ret_697302b3342c2b8399e3,ord_7fb6f100332b63df20e8,item_0f461c83e1cf8ce923f3,prod_1aac77da65d619e6240f,var_a6767a237b512235506f,wrong_size,154.56,2026-04-18T11:04:19.000Z
ret_0584e070e62a70ead7f3,ord_83ee5fb516ca3a49ee59,item_58b0ac252a6ad5826606,prod_2efa0aed0d6e67ecae58,var_7563e95b2351a5fa4a08,not_as_expected,64.46,2026-04-16T19:03:07.000Z
ret_45261335ab0a58246fb9,ord_7390bd5c43f0c332eb0b,item_c4dc841f06a005ada079,prod_2efa0aed0d6e67ecae58,var_5414ce2508350e24da4d,changed_mind,131.4,2026-04-17T20:21:15.000Z
ret_97067a76216e6755361d,ord_f67f56de4fa426452812,item_fec0d3bf3ba30184aa18,prod_4fb11ac857411bda88a4,var_8c55152214d872854644,wrong_size,51.34,2026-04-23T09:23:26.000Z
ret_8400632d7385c7f940ef,ord_68279d45fbf177360679,item_8b846dff0854f4eb39cd,prod_72dfeba4701d415d317a,var_abf4b066285529554ec5,quality_issue,235.52,2026-04-21T23:32:50.000Z
ret_5a47c506c3b589b67e06,ord_0abb796c4e8a8cf796e9,item_25b35385959733d7f72b,prod_438a44848bc196e6d975,var_0b2b595a7dc5b15f1c86,not_as_expected,148.91,2026-04-29T15:59:36.000Z
ret_f33b54f7791e131100dd,ord_c83c2cba3e5d7747b10c,item_05dc7b3fad1433b6375c,prod_1aac77da65d619e6240f,var_811e9c78b377b4e4453c,arrived_late,137.1,2026-04-26T21:14:48.000Z
ret_efc0b3f2123869e3b113,ord_9e252d4a4837e44d5655,item_966b8ec73f4b30ae86f0,prod_1aac77da65d619e6240f,var_4ec6f48b0a97467baa73,arrived_late,70.21,2026-04-15T12:49:42.000Z
ret_d62c472e752f56d8f9fb,ord_c93bd3551e8212c28625,item_e9b4e4668a6875347eb0,prod_1aac77da65d619e6240f,var_b0665991d9649a256643,wrong_size,155.24,2026-04-18T14:57:17.000Z
ret_a2ebc0c90b2b812f4f8b,ord_9a42dc436180b3b0eb37,item_e1eece3c88b635185195,prod_438a44848bc196e6d975,var_5579d3dcd9580bd272b2,wrong_size,140.86,2026-04-23T06:11:45.000Z
ret_99b6197db3821af43f35,ord_1494a94c2bbdd290e88b,item_c5676a80288c032e58ad,prod_1aac77da65d619e6240f,var_b0665991d9649a256643,not_as_expected,155.24,2026-05-01T12:55:02.000Z
ret_8e6d057d96bc65c87475,ord_6cad426f04bb063d9ed2,item_79b69f8bb4c32e392bf2,prod_ea26883fb1deabd15141,var_c95ef6026df6ba67eec8,wrong_size,68.56,2026-04-19T10:36:17.000Z
ret_6fc8a42e9c54aa46374c,ord_78864406f4aacf556bc9,item_16142304742d7158f2cb,prod_438a44848bc196e6d975,var_d50ecabaab63713dbe3c,wrong_size,149.02,2026-04-26T17:25:24.000Z
ret_ecba5ebc156c02e72041,ord_86a972fd3095075bcf05,item_e324fbcdca1cf96580cc,prod_4fb11ac857411bda88a4,var_78ce2ee3c901aabec73e,changed_mind,51.63,2026-04-28T21:20:20.000Z
ret_4574e32a4badad8cc67a,ord_fb5a10d654a8a5327399,item_a9a3e12cab706ced80b8,prod_0189531a36c049171820,var_617730612696e695ed41,changed_mind,95.14,2026-04-23T15:48:32.000Z
ret_cc985ea6ef1f4bc73cf3,ord_cdb96c6b80d516109c05,item_79a6f0969eac843f4e5e,prod_438a44848bc196e6d975,var_e117db91e6327b985328,changed_mind,289,2026-04-26T12:20:19.000Z
ret_1f6f00ceb496aef37baa,ord_a32b0e5b351afd8bc4bc,item_be9b61644def9ce66aae,prod_0189531a36c049171820,var_617730612696e695ed41,arrived_late,47.57,2026-04-22T14:25:29.000Z
ret_fb98de2533629285b444,ord_031add65c1bce1d62f13,item_1fdf597fe861745f4579,prod_ee93d55d30addeff6954,var_6fbe552270a22d50cfd4,not_as_expected,167.13,2026-04-19T15:07:43.000Z
ret_37c526b6310283b4c7aa,ord_ad34fa35ed63ca62109e,item_a0354f611d37e5170903,prod_ebe756215bbfcde882c1,var_63071a389c1b1f57160c,changed_mind,64.62,2026-04-21T22:38:43.000Z
ret_80d41d9888feb1a74709,ord_0cc48117ca70c20ed4a2,item_d307a682ccea4ee245cd,prod_ebe756215bbfcde882c1,var_5d625c4bbaa3b689d1db,quality_issue,23.37,2026-04-27T18:54:55.000Z
ret_6735ebc6bb1bff601d00,ord_d6fb8747d262d5f133b1,item_65c4577ef8522e6e68cf,prod_2efa0aed0d6e67ecae58,var_d045b09c714a135c2f0a,wrong_size,123.34,2026-04-27T15:09:14.000Z
ret_122417b45206a6ff36ff,ord_4af9e42c3012db00c132,item_6fdbe0b5850b916b158b,prod_d43b2cf8fa29d7ae9b37,var_2cc49091108ce06c317f,wrong_size,125.02,2026-05-02T11:43:20.000Z
ret_df462632c5a52fbc61f9,ord_c1a9212c7e0a7c8148cc,item_f33e5e5db6612ebf2f3b,prod_72dfeba4701d415d317a,var_1a7a54f91d9a9784b173,not_as_expected,240.76,2026-04-27T19:38:28.000Z
ret_97e7b7363d3c72d4015e,ord_e56e086286d7490f2fc1,item_8895766714828f545b9d,prod_4fb11ac857411bda88a4,var_2683dc797f5a0706de2c,arrived_late,115.08,2026-04-22T07:31:21.000Z
ret_3de2f24cfcce9269bda3,ord_d6101ec5608a5a5491ad,item_ed46d5b4941aac1fd6e6,prod_2efa0aed0d6e67ecae58,var_f6d3f9a9c8e4616f6c5c,quality_issue,128.34,2026-04-20T13:36:14.000Z
ret_d121bd7ead94d27dbe00,ord_21c9f8400006db57a05b,item_a6052d353f8b298d22e9,prod_438a44848bc196e6d975,var_b72377f8338f3eabe496,wrong_size,148.37,2026-04-28T15:31:13.000Z
ret_5d64d283898db18c02c0,ord_734241bd9b82b4a26cff,item_7bd4dad37ea4e5d29424,prod_ebe756215bbfcde882c1,var_5d625c4bbaa3b689d1db,changed_mind,46.74,2026-04-23T22:34:48.000Z
ret_7d63064815a21291cabe,ord_4dfe45e4cd5c445f2c8c,item_017626098935ab114554,prod_ea26883fb1deabd15141,var_bc45956a6234980b8431,arrived_late,74.68,2026-05-03T14:42:48.000Z
ret_f458f5e80d449f0ba6da,ord_435765b56c7d50392ac8,item_b5008903410b8e95d5d6,prod_4fb11ac857411bda88a4,var_0c8dbcf461e87274cd44,quality_issue,52.93,2026-05-06T11:26:05.000Z
ret_818ce8b54212a560c2cf,ord_cf43acdcffa3265b2546,item_ecda6eeb411c0ac02a7c,prod_0189531a36c049171820,var_03627cfde38743cff6a4,not_as_expected,46.82,2026-04-20T09:30:09.000Z
ret_f0a252ecf98796846db4,ord_2cffdb1ab9505ee5da8d,item_a6bd1ab2945380c6f95f,prod_0189531a36c049171820,var_439c19cbc3abe2d73929,wrong_size,48.83,2026-04-29T21:22:08.000Z
ret_0af2be88b999e689d4a3,ord_40bcd51760a372e15c21,item_2149828a4a3de007b66b,prod_ebe756215bbfcde882c1,var_5d625c4bbaa3b689d1db,changed_mind,23.37,2026-04-25T20:12:00.000Z
ret_75e2f853acfd98acc85a,ord_9e50184940225e2806d4,item_65a74e4f32bd3b91c847,prod_4fb11ac857411bda88a4,var_e49c1d617edcf65ee83c,changed_mind,102.62,2026-04-29T09:50:35.000Z
ret_f901b6fe563ccfecfc99,ord_d161f42f721709060c3f,item_1bbde81f8e134b8e63da,prod_0189531a36c049171820,var_e7d27b69dfb62d802fec,not_as_expected,49.92,2026-04-28T22:35:03.000Z
ret_f3c1aafc7ab3502c742a,ord_84f2eb4f63074a377875,item_5e6e32a6ab866c79bb69,prod_0189531a36c049171820,var_324e13c984d9aaab9604,not_as_expected,97.2,2026-04-25T16:32:07.000Z
ret_b7da6810da9a95483160,ord_b1d7799483d01ddd6004,item_d5bceb4412d7a5374ffa,prod_2efa0aed0d6e67ecae58,var_c1d92c21012faefae3f8,changed_mind,123.06,2026-04-22T13:33:34.000Z
ret_580cf131b9978296e93a,ord_126b8bc6c30d2ceafa19,item_62841831dd819f5c6ec2,prod_4fb11ac857411bda88a4,var_6b4cde94e24613aa178d,wrong_size,104.56,2026-05-02T12:44:07.000Z
ret_b2a87871ae5feb5a9575,ord_066466360204718fc5a9,item_0a40c0f60f3006984a82,prod_d43b2cf8fa29d7ae9b37,var_87e530ced3270be98f36,changed_mind,123.01,2026-05-03T14:18:57.000Z
ret_4757a7d98fa4085a4b50,ord_d60bdac1c6761cb1ef4c,item_47db7be961dfe7257369,prod_0189531a36c049171820,var_93c4efb5105239106e76,not_as_expected,46.7,2026-04-30T22:28:37.000Z
ret_546427a09e79829997e1,ord_502ca10721d4d19cfff7,item_fe99e4c7b3ce2ce21d2f,prod_ee93d55d30addeff6954,var_9d18dbed26f272d168b2,wrong_size,160.39,2026-05-06T22:05:24.000Z
ret_d92141948e109e7ce387,ord_2d47bf72449f33a412f4,item_38c0bead2ce7777da1df,prod_4fb11ac857411bda88a4,var_6b4cde94e24613aa178d,wrong_size,52.28,2026-04-29T14:05:08.000Z
ret_3cb77a25efff5f6ce532,ord_ac68ed5206faf43b9dc8,item_80723a2e2ad0e27c6818,prod_ea26883fb1deabd15141,var_ad88e442b4ec9a747624,changed_mind,51.48,2026-04-29T16:16:56.000Z
ret_d20e04365418acc4b588,ord_5f77827ea586385571d2,item_fe403499ca0030ac89d1,prod_d43b2cf8fa29d7ae9b37,var_1281ece6b89ebbdd0340,changed_mind,133.88,2026-04-25T10:33:57.000Z
ret_7a6965e21ad9f0957711,ord_ae2b944100e7524968aa,item_1b61e518f346992265e3,prod_4fb11ac857411bda88a4,var_58a00b869159191e4ac9,changed_mind,104.18,2026-04-24T12:56:04.000Z
ret_a174d3334a5ab2985e6c,ord_85ae545cf341aeccfae3,item_0d4cf21df9bb2a0146ac,prod_438a44848bc196e6d975,var_164a5b158bfc49dcbc82,changed_mind,283.5,2026-05-07T13:17:30.000Z
ret_3af3362152ed2d0ca06f,ord_260f08445bb079470c6e,item_48e8ff2b246fcdab0066,prod_4fb11ac857411bda88a4,var_6bfb37f2e216be599dfb,arrived_late,103.2,2026-04-22T16:26:00.000Z
ret_0950a682e2168ec231fb,ord_747c2b194a9b51ff217d,item_837c329683b511f5405d,prod_d43b2cf8fa29d7ae9b37,var_01a56d62607b13a33c4e,wrong_size,263.2,2026-05-04T11:46:52.000Z
ret_a5e0a31ceaae9bd93003,ord_e81e390088f774b5e3af,item_a00837d663b1b99ec623,prod_0189531a36c049171820,var_b9ed5b404fd99996ec9f,arrived_late,50.06,2026-05-07T17:33:08.000Z
ret_b8ab095b479769c6f665,ord_490fc98cb3d747bcdb51,item_ca7faef59376c461d1aa,prod_72dfeba4701d415d317a,var_9ae1b9494d9b24b6814d,arrived_late,124.38,2026-05-06T22:26:40.000Z
ret_f214e372521d0a84d366,ord_3fa94591daa01d1d9d7e,item_8f4a01c52b3010675cb4,prod_2efa0aed0d6e67ecae58,var_5414ce2508350e24da4d,wrong_size,65.7,2026-05-09T18:04:00.000Z
ret_1d0bfde160e5bc6ad5d2,ord_1ad44259ec2d8063f4c2,item_5b8f5df98c56b69a6862,prod_438a44848bc196e6d975,var_6255fbba1fc1f01b7ee9,not_as_expected,279.24,2026-04-26T20:47:18.000Z
ret_888b62928a1c1046e9cf,ord_2f770d318861bd3835af,item_e1891d1b7922a009a4a3,prod_2efa0aed0d6e67ecae58,var_5e478e2b39c40398fb76,arrived_late,126.64,2026-04-27T19:29:33.000Z
ret_27bf077fa44bfa646ff9,ord_8ef96b99bc55e7c57748,item_2ed4ecd06f52969f821b,prod_4fb11ac857411bda88a4,var_8d03581fc9e13826e5f0,arrived_late,55.83,2026-04-27T17:09:40.000Z
ret_9fcd58a1850708ce1775,ord_df4ca001221e68cda3cf,item_49305076ec898846e324,prod_d43b2cf8fa29d7ae9b37,var_a63023dcf36046e5dc4e,not_as_expected,122.01,2026-05-10T08:09:32.000Z
ret_572ed61d52ee89e34e37,ord_3c829db7b9f9a0c06b09,item_4aab1a736c9549359817,prod_72dfeba4701d415d317a,var_be4c5e4aeb2733383b86,wrong_size,249.52,2026-05-03T18:04:33.000Z
ret_e79fda1da15768133fc1,ord_3d67a85f0e1ccb04fe57,item_941decfddec2f1588025,prod_1aac77da65d619e6240f,var_8ec37fcdee5f1140ec55,not_as_expected,75.06,2026-05-03T12:12:55.000Z
ret_88a60db549cef6d720a3,ord_0e29f4aa8f89acf7f030,item_3058511e0ab387bd0bb6,prod_438a44848bc196e6d975,var_eaa58626775f5e10787c,wrong_size,153.07,2026-05-05T22:51:33.000Z
ret_22a0e0749703ce6b3481,ord_ce62e8dacd995946d5c3,item_b9b198c9295b5e56609d,prod_0189531a36c049171820,var_0f3bd97c57258221527f,not_as_expected,48.58,2026-04-30T21:01:00.000Z
ret_d62a78545b4b33e979bd,ord_9792f0b527ee598b3ada,item_342ed6e731f33298a060,prod_72dfeba4701d415d317a,var_8856a9a1708ad62e3b1d,not_as_expected,247.38,2026-05-02T22:20:34.000Z
ret_850d6dfbe9f68a9c3a9a,ord_97fc9dade8b2f0031943,item_fab5fb449c7cec59d6f2,prod_438a44848bc196e6d975,var_76cac52bed832c30a5b3,changed_mind,139.11,2026-05-02T19:30:27.000Z
ret_753c9e65f2dfc71cb38d,ord_6c1a35ed56d6f34012dd,item_c8f2426229d90f2617d8,prod_ee93d55d30addeff6954,var_0b6ca25661b3bea06ed9,changed_mind,164.98,2026-05-02T15:21:46.000Z
ret_9e7be57153bf2889b20e,ord_bd739b4fd279a8b5255e,item_4949a51f4614cd7746db,prod_ebe756215bbfcde882c1,var_1712a2d5f6a5d208055e,changed_mind,67.65,2026-05-04T08:58:06.000Z
ret_501b58d5d324647c106c,ord_cfdb5a8019b681bdc702,item_714a0bd171e4d3dbce24,prod_72dfeba4701d415d317a,var_11b9ced246c49a2a69c6,quality_issue,253.66,2026-05-01T20:07:02.000Z
ret_8d34e6afbbbf0f716340,ord_a727272f539b7086d3da,item_360f693979becd7506a3,prod_4fb11ac857411bda88a4,var_55e00ca073f61b9775de,not_as_expected,113.84,2026-05-04T12:40:37.000Z
ret_38cab241eba505da4eb2,ord_d494d3bae9fe624071fe,item_c895fe18b08b10a9c596,prod_438a44848bc196e6d975,var_6255fbba1fc1f01b7ee9,changed_mind,139.62,2026-05-02T07:09:56.000Z
ret_801060dc2860dab23c4d,ord_64ed3e5d5b181d932f95,item_78440dc30e01e210a722,prod_1aac77da65d619e6240f,var_f5ccef0575523ac6faa5,wrong_size,149.06,2026-04-28T12:32:20.000Z
ret_fab6cbe4f9134e145099,ord_b2d742831592811f2fb2,item_fe1d703a07bb5bb8ed36,prod_438a44848bc196e6d975,var_eaa58626775f5e10787c,not_as_expected,153.07,2026-05-12T20:01:23.000Z
ret_2e1869d67b6209992c14,ord_b1c0df53f654fe769384,item_9f4ab3ad6995583a3939,prod_0189531a36c049171820,var_3827fef61cdfb42fbde9,changed_mind,47.67,2026-04-30T14:34:52.000Z
ret_456f5d8f99215f7a3f8d,ord_3288f24e948f4dda9b35,item_3889e2042539c005e7be,prod_ee93d55d30addeff6954,var_acf7ad33d8cefca798db,not_as_expected,163.28,2026-04-30T13:10:21.000Z
ret_4e2a3c6f5c2f773867d3,ord_5c0299d5691fbd867b5c,item_a054256920566f974dcf,prod_0189531a36c049171820,var_0f3bd97c57258221527f,not_as_expected,97.16,2026-04-27T16:07:09.000Z
ret_0a8bb10a89a2edeaad57,ord_e980b3af014ed0ec16d1,item_9cd24e48c612952967aa,prod_2efa0aed0d6e67ecae58,var_c1d92c21012faefae3f8,changed_mind,61.53,2026-05-04T15:48:20.000Z
ret_fe4fc49d7ec3c61f50a4,ord_0f57b934f9d6242f2388,item_aa48964d05119f93857e,prod_0189531a36c049171820,var_00df6f028ceddde26b68,wrong_size,51.28,2026-05-08T12:41:57.000Z
ret_54b8011bebbb48668d5c,ord_1ac1fd6b66dfbed42247,item_5af8f2957c95fb2afe45,prod_ea26883fb1deabd15141,var_a18ec8356e2d553dbf65,not_as_expected,17.31,2026-04-27T17:06:59.000Z
ret_e88bb83e02a624fe2eae,ord_703b6115e7ffcc6e25a4,item_aee564c2ea488ef872e1,prod_d43b2cf8fa29d7ae9b37,var_320e93b779cc3f59b69d,wrong_size,136.59,2026-04-28T07:45:59.000Z
ret_3fe912d269698438fe55,ord_32f095e69c11227e8073,item_42273237a5742bd88f14,prod_4fb11ac857411bda88a4,var_fc65fa629ab0cfab4741,changed_mind,51.38,2026-05-06T23:29:07.000Z
ret_2725256a0c240cb8bb9c,ord_b1b715905c9a57171aed,item_5f37a34a4308d672cf8b,prod_ee93d55d30addeff6954,var_0b6ca25661b3bea06ed9,not_as_expected,164.98,2026-04-27T20:37:35.000Z
ret_1cfd390c531cfa0122b6,ord_da678d68c6e1f5c3814e,item_611e5051b5adeb15abef,prod_72dfeba4701d415d317a,var_261e93378c2ea03cf536,arrived_late,112.38,2026-05-11T08:14:43.000Z
ret_497efe8b2e981fd48c6b,ord_3195fcbe2c0f5ec66f78,item_37916ec7a64b23ad652d,prod_ee93d55d30addeff6954,var_61a3d99f3dd57555f061,arrived_late,156.1,2026-05-03T09:51:22.000Z
ret_7f255e15beaf9b86d698,ord_0769d46d762d077d0bd4,item_976b892544db3431ee21,prod_438a44848bc196e6d975,var_508fbb721d582106874e,quality_issue,270.64,2026-05-13T21:08:26.000Z
ret_c0391763a8ae0ad9322a,ord_3da8d8b3ad80e225baa8,item_06473ccb4c923997457c,prod_ee93d55d30addeff6954,var_422a1ef6d8410f6c318d,quality_issue,332.14,2026-05-07T07:30:34.000Z
ret_3c40fda55fe75de29f7e,ord_3bcf345c6d74da3e070b,item_62d34374d592f6da93c9,prod_438a44848bc196e6d975,var_14bd7ed084b7132e19a3,changed_mind,151.56,2026-04-30T15:16:43.000Z
ret_43aa8f4a4704962de009,ord_64fdef5dcb261a649e84,item_076d44388bd092685fda,prod_d43b2cf8fa29d7ae9b37,var_87e530ced3270be98f36,wrong_size,246.02,2026-05-13T09:20:36.000Z
ret_9c2fd327a9daa3c961d3,ord_f48d5033ffda4f60c542,item_462edaf26624467e245f,prod_0189531a36c049171820,var_fa3dbd5a2054f66ebda8,not_as_expected,49.24,2026-04-30T20:13:13.000Z
ret_4a25f0c97e7aca8b2a24,ord_64d13e148cf18b8304fc,item_7cae058be43cd2e867d8,prod_0189531a36c049171820,var_0f3bd97c57258221527f,arrived_late,48.58,2026-05-15T12:12:07.000Z
ret_d28a90d4d21940e25da4,ord_a71af02fb8635d2361e8,item_08afc03279a6582eff0b,prod_1aac77da65d619e6240f,var_9818589b07d9187961de,not_as_expected,151.34,2026-05-01T12:34:39.000Z
ret_d50db78ce5049219778e,ord_e002b2b78530ac819036,item_a552b0b0c9f846aced25,prod_1aac77da65d619e6240f,var_4ec6f48b0a97467baa73,arrived_late,70.21,2026-05-04T14:44:26.000Z
ret_c29de3f8c8cc23a3556f,ord_4bb7b7b3b3211d5b3987,item_3b2be2346e6bf96f66a6,prod_0189531a36c049171820,var_b9ed5b404fd99996ec9f,not_as_expected,50.06,2026-05-01T20:04:54.000Z
ret_e503bd1beda262668923,ord_28683b6ed6b77d278387,item_4480859724ecd1729a2a,prod_4fb11ac857411bda88a4,var_2f00cf3713efd884f325,not_as_expected,53.85,2026-05-09T10:17:58.000Z
ret_2dda48abf96cdc1777f3,ord_51252bdfaa86579d6006,item_b9e418f5aacf81115eba,prod_2efa0aed0d6e67ecae58,var_1a3c43e3bd57b167f4c1,wrong_size,64.25,2026-05-04T17:08:12.000Z
ret_7c18281bda6695899c16,ord_b31207e7ce04ba3815a3,item_fd112ae8c4ac91deb280,prod_d43b2cf8fa29d7ae9b37,var_2cc49091108ce06c317f,arrived_late,125.02,2026-05-13T17:14:08.000Z
ret_3f2788aa06f4359a24f7,ord_75ef73d5c56739afc2df,item_d22c3b0432920dd5ea72,prod_4fb11ac857411bda88a4,var_b9b996a2b08ed40ea006,arrived_late,51.59,2026-05-09T12:03:34.000Z
ret_28409d598f842895dd64,ord_6c05fea81199ff312a54,item_772cbe21ba6ae158d26b,prod_ee93d55d30addeff6954,var_075418ff0be5cdb7558e,arrived_late,296.8,2026-05-04T10:48:40.000Z
ret_8341179bc94f5564de8b,ord_b6645c28708832e6caeb,item_6afbc8ffe7ac0e2e6b00,prod_2efa0aed0d6e67ecae58,var_64183720fcbbbd913ed0,changed_mind,66.55,2026-05-03T16:27:24.000Z
ret_7ed0004c16b6ce03ea54,ord_79342828ee3faeb255be,item_c1a02798ecdcdb4138b1,prod_1aac77da65d619e6240f,var_19fa5bf87e2a73901ef4,wrong_size,68.4,2026-05-12T18:46:44.000Z
ret_377487eeca48ce4fd144,ord_b649d434eb47aa3e54f7,item_0bd3b8b8d3b335b650cb,prod_ee93d55d30addeff6954,var_075418ff0be5cdb7558e,wrong_size,148.4,2026-05-06T22:44:59.000Z
ret_18c0655303864edebe77,ord_e4e59e8a2766d99957ef,item_85edaaee6851ef9324bd,prod_d43b2cf8fa29d7ae9b37,var_1281ece6b89ebbdd0340,changed_mind,133.88,2026-05-11T09:24:50.000Z
ret_5ab3918519348b91e711,ord_7291278ccb1689739897,item_eddbd077570ee8e6e370,prod_d43b2cf8fa29d7ae9b37,var_e458e9983f2d79d6ed15,changed_mind,274.4,2026-05-15T20:26:48.000Z
ret_d8f53bec0a8d87d96229,ord_8dbe19b77606c372250d,item_c415fa4d9d4eac20f7fb,prod_4fb11ac857411bda88a4,var_dc811c3db2dffa2b4d77,arrived_late,104.16,2026-05-17T16:35:11.000Z
ret_dd14102a24b227152ba1,ord_35daad41c15f420f4209,item_b7bf66c80860a9777389,prod_72dfeba4701d415d317a,var_261e93378c2ea03cf536,quality_issue,112.38,2026-05-12T06:33:08.000Z
ret_314cbcf15375e3ce67dd,ord_2474fbb59b53eb28c48d,item_9b913d9a7dde50bc5e1a,prod_4fb11ac857411bda88a4,var_03e26300920b777b60ce,arrived_late,112.6,2026-05-07T10:06:58.000Z
ret_645890d83a87b0198adf,ord_eeddc8cd96d43f0c0d33,item_98659e3515974cc71157,prod_d43b2cf8fa29d7ae9b37,var_3cc406399bed25270f9e,wrong_size,267.3,2026-05-04T17:06:38.000Z
ret_e3cacb145643cb7e4628,ord_bf16ed1d13b74b1580a6,item_7df2ef77c3bc25a90bfe,prod_438a44848bc196e6d975,var_05e312d19f2d967b02ae,wrong_size,147.95,2026-05-20T16:46:04.000Z
ret_31f7cdcdbbfd3b9a4370,ord_a8cac3540ef4e1c87d2e,item_5f8379857773c2727f62,prod_72dfeba4701d415d317a,var_0088bda42ae04ba0e6f0,changed_mind,242.78,2026-05-03T14:49:59.000Z
ret_2a962e2a1c4fda8b3031,ord_2ce65291ed1156e318e2,item_3d281eebd36a4f685cac,prod_4fb11ac857411bda88a4,var_2f00cf3713efd884f325,arrived_late,107.7,2026-05-11T17:57:55.000Z
ret_dfc1b2727e85d1f7e395,ord_97a4c7b50e2038aa9524,item_6a8089bff67d16a4fc1b,prod_ee93d55d30addeff6954,var_1b8f63ab3f5e208113ca,not_as_expected,167.27,2026-05-03T14:10:44.000Z
ret_98d11d73f9798c9ac247,ord_6c18f18c2320c9f01bac,item_e4cf363b6b52c54e6a8b,prod_2efa0aed0d6e67ecae58,var_5414ce2508350e24da4d,changed_mind,131.4,2026-05-14T21:39:12.000Z
ret_62f16d093a30cf89f0d1,ord_e4fa09a457d70ada3497,item_119b73b2f71fca052160,prod_1aac77da65d619e6240f,var_582d11378691a5a6e4e9,not_as_expected,138.9,2026-05-17T13:08:28.000Z
ret_0275797648e6ea589d9c,ord_0980ed98d710348a8768,item_90292951715edcf93493,prod_ee93d55d30addeff6954,var_ed3640d449d418509f57,not_as_expected,323.66,2026-05-17T09:07:19.000Z
ret_846ad36007db977dcf29,ord_97f3d8b06ceadc3dc5eb,item_230cb1ab43ff793cc1ab,prod_1aac77da65d619e6240f,var_f4e84136e702c56fc319,changed_mind,76.26,2026-05-10T12:52:30.000Z
ret_5bab913b3504da94430c,ord_d67a049e0a810289898a,item_7fd906ed33349b6df606,prod_2efa0aed0d6e67ecae58,var_b54607373ac7bafb02f6,quality_issue,132.38,2026-05-16T22:19:09.000Z
ret_1e98bb4926e20dd1cb72,ord_8c121ec38e3e0238f203,item_55ba544a6c1c03c4a444,prod_ee93d55d30addeff6954,var_b319dcd8931c568f8dde,changed_mind,322.76,2026-05-15T19:13:50.000Z
ret_4f92e4a0954a9dae855c,ord_67c91e99d1cc1f6c3c81,item_d51f846ec8fc2ece8f26,prod_438a44848bc196e6d975,var_76cac52bed832c30a5b3,quality_issue,278.22,2026-05-12T22:08:18.000Z
ret_af9ca73313e5c7755541,ord_e862d72c39adf4915e94,item_a45bca2047956cf5cc46,prod_4fb11ac857411bda88a4,var_fad911836ba0bc2d17e3,changed_mind,106.8,2026-05-06T21:53:47.000Z
ret_721d0c3137b825936c7f,ord_d5f2cf408fda84200f62,item_aa95903c57a91ee4c209,prod_438a44848bc196e6d975,var_84b95c9fb4b7809f8a34,quality_issue,137.73,2026-05-05T18:45:34.000Z
ret_02e00889cc72ee7a930c,ord_dd9a853a9fa82b530d47,item_0bbc9a972bc168242217,prod_ee93d55d30addeff6954,var_6fbe552270a22d50cfd4,not_as_expected,334.26,2026-05-15T10:28:19.000Z
ret_34a40a9ffa7503c2a561,ord_cb493b11424b6109cad2,item_8aee75f50586201ed51c,prod_d43b2cf8fa29d7ae9b37,var_1281ece6b89ebbdd0340,changed_mind,267.76,2026-05-19T14:42:27.000Z
ret_f7bc5ee038ff2c72a26d,ord_0838dde51416e5138554,item_f8a111568b868d403eef,prod_d43b2cf8fa29d7ae9b37,var_87e530ced3270be98f36,changed_mind,123.01,2026-05-19T16:35:29.000Z
ret_8b5d14e45df244aff719,ord_8d73c75b00e00c1c2509,item_fa18ee4d862ee9df9cec,prod_438a44848bc196e6d975,var_70d6578905075ca6871b,wrong_size,275.46,2026-05-06T20:36:55.000Z
ret_1bd05582abf171e6d9f7,ord_c0a35c97753e054580a7,item_b6b6e49b7adac617b436,prod_0189531a36c049171820,var_22afdc3bc66d8c370224,quality_issue,47.77,2026-05-17T06:48:47.000Z
ret_aac93fe7747636af3158,ord_6d2d7efcac8691191b33,item_6cfe0740356ebdd75906,prod_72dfeba4701d415d317a,var_8856a9a1708ad62e3b1d,not_as_expected,247.38,2026-05-22T18:13:30.000Z
ret_bda6c6daa3f170dc779b,ord_759c73795083a6d52637,item_b870ff93be289f6793de,prod_ee93d55d30addeff6954,var_23eb40a02aea71235f7f,wrong_size,158.54,2026-05-14T09:10:50.000Z
ret_69975c8db03eb8176a51,ord_8c3e0d5d936ddde3b16c,item_db47193ec4ce73100467,prod_2efa0aed0d6e67ecae58,var_d045b09c714a135c2f0a,not_as_expected,123.34,2026-05-19T14:55:31.000Z
ret_175f350badb0a3fbd565,ord_9507477abefb706f1988,item_e421c2626910e223eacd,prod_d43b2cf8fa29d7ae9b37,var_6f0cce9478da3e151612,not_as_expected,136.67,2026-05-11T11:03:05.000Z
ret_6dd1e4e67ee73e74c30e,ord_1bce6693d0d8ffc188e5,item_35b8463b1eae56a18f1c,prod_d43b2cf8fa29d7ae9b37,var_6f0cce9478da3e151612,quality_issue,136.67,2026-05-23T07:38:06.000Z
ret_6487b86ca415d8b29a4e,ord_e6d0e2b9c01ee53235b3,item_93d51483311e674ac6a1,prod_438a44848bc196e6d975,var_14bd7ed084b7132e19a3,arrived_late,303.12,2026-05-17T09:07:30.000Z
ret_846ed693114d6a9398b6,ord_fab47975dcf15e143d2a,item_46529dfedd1e8a6643fe,prod_ee93d55d30addeff6954,var_c9ae287d0fd94aec879d,wrong_size,156.11,2026-05-22T14:20:34.000Z
ret_5236ff1cd06f86b9829b,ord_22a2f6a01fce4b9ac126,item_e4789f6f77bc82e12b5d,prod_4fb11ac857411bda88a4,var_6bfb37f2e216be599dfb,arrived_late,51.6,2026-05-20T07:59:37.000Z
ret_bb899363f42ce3975a09,ord_28ffc1c9b07db689ee66,item_1995aa9e8fdaac005995,prod_1aac77da65d619e6240f,var_30a71ca69a0597e20603,not_as_expected,71.22,2026-05-21T10:25:36.000Z
ret_6a607df870cde54c2c4d,ord_1ecafbb5faf9eca8c0fb,item_4daf9474459ed97c173f,prod_4fb11ac857411bda88a4,var_fad911836ba0bc2d17e3,quality_issue,53.4,2026-05-21T07:32:56.000Z
ret_d051852b1df8bdd283da,ord_0020af28cf6872aba585,item_d1c83e9cbb68188fec8c,prod_1aac77da65d619e6240f,var_9d2bbbb4593860eae1c2,not_as_expected,70.8,2026-05-25T20:27:53.000Z
ret_39fe8357dd3128314cfe,ord_fe476e9ec716c95cf282,item_f35cc07e64786ccf24ce,prod_72dfeba4701d415d317a,var_b93ffcc4df25b6049fd7,arrived_late,114.28,2026-05-09T09:56:40.000Z
ret_c1d98828a56a6f2d0716,ord_c073dfdb98c12f9efb12,item_698944b1a9d7efdb654e,prod_2efa0aed0d6e67ecae58,var_7696cc7d0631b8c9ee6f,not_as_expected,62.34,2026-05-14T06:34:04.000Z
ret_8d7ded798a5fdf479c42,ord_1ab47e77fa00feac3803,item_0db6202d9dc142571a92,prod_1aac77da65d619e6240f,var_a6767a237b512235506f,quality_issue,154.56,2026-05-20T22:04:54.000Z
ret_604773c192f4df2ae57b,ord_3df17093f9632f85d844,item_0ae708562f7701fcc8bb,prod_4fb11ac857411bda88a4,var_94b54f7c484f05634866,wrong_size,107.12,2026-05-19T19:05:21.000Z
ret_806c38744a511e0b2f23,ord_81f24209f09eddadc4a4,item_bb91cbb84ec7ede904cc,prod_1aac77da65d619e6240f,var_8ec37fcdee5f1140ec55,arrived_late,150.12,2026-05-18T18:48:36.000Z
ret_4b357290884097981128,ord_6d0cb492d108d328b8e7,item_e714804c1565c18565bb,prod_438a44848bc196e6d975,var_508fbb721d582106874e,quality_issue,270.64,2026-05-26T06:49:38.000Z
ret_5830978c85c76f2b6311,ord_d3513255cfbf2878c306,item_400600ec8eddb8f8c7c1,prod_0189531a36c049171820,var_360731b0a803c24bfd69,not_as_expected,49.17,2026-05-26T17:42:44.000Z
ret_767ca532e5809f881cab,ord_ab2900cbe17c70bb6a02,item_9261df54012d0ea82096,prod_1aac77da65d619e6240f,var_44f43fafea7f397d29fa,changed_mind,72.38,2026-05-26T08:18:27.000Z
ret_b4225b206611da53622f,ord_8a2a91ed6d938dd546a3,item_77b739b4ab9f7d03e727,prod_d43b2cf8fa29d7ae9b37,var_320e93b779cc3f59b69d,not_as_expected,273.18,2026-05-15T15:11:51.000Z
ret_2e113eeacd6f6b7874b7,ord_892675e9199c6562ef35,item_de8969b7706046a1a882,prod_d43b2cf8fa29d7ae9b37,var_1fbd683f0c26c28d4200,changed_mind,137.54,2026-05-14T18:00:50.000Z
ret_1b205642e40c5efb308b,ord_cb4506f05d84e5941b9a,item_a77ff8c1870a29a707de,prod_2efa0aed0d6e67ecae58,var_53840b82f1f41986b97b,wrong_size,134.4,2026-05-16T06:43:38.000Z
ret_b5494d42b46a17d67e63,ord_75c5ac357c75ce9db80c,item_372f72a07bd81b03457b,prod_ee93d55d30addeff6954,var_eb2f38cea72d24acd1c4,not_as_expected,149.58,2026-05-30T21:59:59.000Z
ret_d760d423f88610f5c22e,ord_9636f56a35aca9864164,item_d53710505de092b0d54e,prod_0189531a36c049171820,var_ec38e216853971e3ca9c,wrong_size,93.46,2026-05-27T12:40:20.000Z
ret_bcdbb1bd17da02ccfce5,ord_61c9e05c281d36eed652,item_3f4dcef79ec958a342c2,prod_438a44848bc196e6d975,var_84b95c9fb4b7809f8a34,wrong_size,275.46,2026-05-28T18:30:12.000Z
ret_0bcdc29790a182c2e2fe,ord_5be704bdef413201a545,item_48db0ceba1468bf09f00,prod_438a44848bc196e6d975,var_5579d3dcd9580bd272b2,wrong_size,140.86,2026-05-23T14:09:24.000Z
ret_a3da0357159b069a48e1,ord_139bf50f22781f3e9d38,item_afe0255264098c5721da,prod_438a44848bc196e6d975,var_c87f257a229ce7eafa08,not_as_expected,147.13,2026-05-28T13:09:19.000Z
ret_3bc8bf77b32c73a70514,ord_b34e5e73d66af4417721,item_80165731f113fd1c22b3,prod_0189531a36c049171820,var_b5d905be4efb894192b7,changed_mind,48.11,2026-05-30T18:26:37.000Z
ret_0aaf24ed2a501431d531,ord_3a63049c6ed84f4a7db6,item_983a9fe8d101f8e16a5c,prod_ee93d55d30addeff6954,var_1c227362843cad63ec2d,arrived_late,160.09,2026-05-14T11:24:59.000Z
ret_927001ffb2fb494a8a5a,ord_68d03a0ac4e3cdce27dd,item_29cfe0cc3fdcc115a3b7,prod_438a44848bc196e6d975,var_c363351edb0ceb1afad6,not_as_expected,278.7,2026-05-28T07:30:16.000Z
ret_2de94440ad8a64b32f4f,ord_636f094f286f475658bf,item_f27cbf68aa285cce6ad5,prod_438a44848bc196e6d975,var_410af979ba0b61e8b1fa,arrived_late,138.49,2026-05-20T08:51:58.000Z
ret_81046807fe87aa82be47,ord_7028cb060caff25fe2e7,item_16bc85d1c5aca21ac52c,prod_72dfeba4701d415d317a,var_439e4a3b1ded76626bcc,not_as_expected,233.36,2026-05-24T11:19:28.000Z
ret_256a76ed5dbb9edfad15,ord_e3e34be3a67630c6d966,item_17994a19645a764447a4,prod_4fb11ac857411bda88a4,var_97d1184949150ec3ff6c,arrived_late,110.5,2026-05-31T12:09:15.000Z
ret_5def318c23ad481d103e,ord_d36ca09c5cbe1f8fbed5,item_a8e8c982960bbca630ac,prod_72dfeba4701d415d317a,var_4aeb79589687b461e96f,changed_mind,122.46,2026-05-16T20:05:33.000Z
ret_1752782b1983854f2e45,ord_9d56e59d39f31b585eab,item_87899d364bc4272df07a,prod_ee93d55d30addeff6954,var_9f281e7cd219f0029526,quality_issue,334.72,2026-05-22T08:37:01.000Z
ret_a34e0fef719f22ed87c8,ord_d56dff9c656fab877525,item_b07c04c04513c1042034,prod_2efa0aed0d6e67ecae58,var_6dfdc29a2a61c6f5087f,not_as_expected,63.55,2026-05-22T15:02:37.000Z
ret_74ad358f03b91e86e6a0,ord_612469a1fe2937bc5bac,item_76eeaca8226a41d887b5,prod_4fb11ac857411bda88a4,var_6b4cde94e24613aa178d,arrived_late,104.56,2026-05-29T18:15:44.000Z
ret_6e87923f13ba962dff68,ord_01a1ee08d119f145469b,item_fda120019bcdf163d505,prod_0189531a36c049171820,var_7c8a95c30a2e093e0468,changed_mind,51.61,2026-05-17T20:43:25.000Z
ret_e9e0d9299aadf442b8a7,ord_2ed0ac0823388d84a29f,item_bdf088132cdfdd5720b1,prod_0189531a36c049171820,var_324e13c984d9aaab9604,quality_issue,48.6,2026-05-17T17:09:16.000Z
ret_be2a0e04ed511f77b945,ord_48ce9e04b76135ade1b7,item_f09ba9beb1d41ea88d4b,prod_2efa0aed0d6e67ecae58,var_499d2419d323a686d2c6,wrong_size,131.46,2026-05-20T16:44:09.000Z
ret_2d1aeb0ca89bc9621f22,ord_4055dfe0b62663b0b0bc,item_d5c8d701c50a9d44ef90,prod_4fb11ac857411bda88a4,var_0c8dbcf461e87274cd44,not_as_expected,105.86,2026-05-19T22:40:34.000Z
ret_7fc8e00692a9b4883ce2,ord_cb93fe8730f94e62d8d6,item_7672bb98bcdf6cf387d4,prod_438a44848bc196e6d975,var_8768929dc580179c1fad,changed_mind,147.94,2026-05-25T10:01:32.000Z
ret_a10d3e1ff76fe527fdd5,ord_63cff77f881d58ade3f3,item_1e72193ae18a75d36f7a,prod_d43b2cf8fa29d7ae9b37,var_1281ece6b89ebbdd0340,arrived_late,133.88,2026-05-26T09:50:23.000Z
ret_bca28bcf84297288d026,ord_13348201e2ad4c0a2f48,item_73be9b637bbfdd9553c8,prod_438a44848bc196e6d975,var_2ea4bbd80d521a5e2104,quality_issue,145.56,2026-06-01T11:48:37.000Z
ret_6f1eea131bc94fe08aeb,ord_06d8b8a595c1d2f70ff9,item_7d15b032988502b3d2d7,prod_1aac77da65d619e6240f,var_e68010c463448ce42243,quality_issue,70.37,2026-06-02T08:25:29.000Z
ret_cb0f6b92de77ef907899,ord_db902e2cc8f2fe43b4e4,item_e60329191f0bbb36d1eb,prod_2efa0aed0d6e67ecae58,var_5e478e2b39c40398fb76,arrived_late,63.32,2026-05-21T07:33:55.000Z
ret_8fae9157b22d8703e69c,ord_10654f00e281d4548e23,item_023d28a14a2158fab72d,prod_438a44848bc196e6d975,var_84b95c9fb4b7809f8a34,quality_issue,275.46,2026-05-26T14:17:51.000Z
ret_a368fea65b6d1c52dcaa,ord_2983afeba671ca359337,item_4a4c07aadb7f36d9d36c,prod_72dfeba4701d415d317a,var_8856a9a1708ad62e3b1d,quality_issue,123.69,2026-05-30T13:15:27.000Z
ret_29e0a6882b52367cae59,ord_3d2d0d0108af8b6359c6,item_89bcb2b0363756f1492a,prod_ee93d55d30addeff6954,var_0dc2751ef1e6063b7445,not_as_expected,159.58,2026-05-31T07:17:19.000Z
ret_621b1f0b3353f9c3014b,ord_13d7de857847e94e31ba,item_0ad2426c031509f58d01,prod_72dfeba4701d415d317a,var_a4481e5f98f473cda093,wrong_size,122.43,2026-05-17T22:20:54.000Z
ret_e02dd3a6c874c0d065f8,ord_ca4088b59f884ffa6b37,item_06a0f636fb1a2dd7f828,prod_2efa0aed0d6e67ecae58,var_0cf84000f5859801c60f,changed_mind,62.16,2026-05-21T18:18:57.000Z
ret_e5a2b9a5f24350e06422,ord_fb2a6d997e361b6eedfe,item_7282a23a4f81c5b79a61,prod_0189531a36c049171820,var_b30af374f3e8523449d6,quality_issue,103.46,2026-05-21T08:00:04.000Z
ret_cf9fee0461bf2933336b,ord_5860f80f172af4e68c87,item_609b82c5af61202add3d,prod_4fb11ac857411bda88a4,var_fc65fa629ab0cfab4741,arrived_late,102.76,2026-06-03T20:33:12.000Z
ret_bb394eb10df27db96822,ord_030fa6690609a4bf380c,item_49fcf48d151a375a59fb,prod_438a44848bc196e6d975,var_6255fbba1fc1f01b7ee9,changed_mind,139.62,2026-05-18T22:21:44.000Z
ret_e627dfaef410d8e7be75,ord_5c22dbf200fcf921fbdc,item_13dd9f49a33d3caf1ccf,prod_ee93d55d30addeff6954,var_422a1ef6d8410f6c318d,changed_mind,166.07,2026-05-28T19:58:55.000Z
ret_7a8dd30a4cf351c2a3ca,ord_749c543537c45929948d,item_b938f10a24dff5d12fa7,prod_438a44848bc196e6d975,var_d7120c7c2177c417b214,wrong_size,297.86,2026-05-22T11:15:15.000Z
ret_0dd70867033ed3e7ca09,ord_4f6f22175c5fa45c8096,item_30f90e56273a9f5d1dcf,prod_72dfeba4701d415d317a,var_15a5da1605c0b6e7842d,wrong_size,114.16,2026-06-04T19:29:39.000Z
ret_f24e1b05830353c00ef1,ord_8b4f005b2239102f62aa,item_e293b58b18266bedded1,prod_1aac77da65d619e6240f,var_f5ccef0575523ac6faa5,changed_mind,74.53,2026-05-20T11:25:03.000Z
ret_f1917884c26c33417a47,ord_a6352f300bc78db17040,item_2651dced84e6e2d1de10,prod_438a44848bc196e6d975,var_70d6578905075ca6871b,arrived_late,137.73,2026-05-31T15:25:45.000Z
ret_ecb1edd3cd2f8348d866,ord_eb536c61743bad552280,item_5029d167c670c6b79366,prod_438a44848bc196e6d975,var_2ea4bbd80d521a5e2104,wrong_size,145.56,2026-06-06T06:37:41.000Z
ret_709715f47a572332d5f7,ord_3578e955804f4dff04b1,item_fb5dfb9399345913ff94,prod_438a44848bc196e6d975,var_d1592d795041e81f6c4e,arrived_late,148.03,2026-05-20T14:58:21.000Z
ret_c6612ff4cd4496b52d50,ord_8a59610e5117d2c5ea5d,item_0ca5c1f52bd4c7297435,prod_d43b2cf8fa29d7ae9b37,var_a02a8c90a7e79350209b,not_as_expected,123.39,2026-06-04T06:15:24.000Z
ret_6e06d36a4a53e62ce40f,ord_29a9d41e00ac26ee3253,item_b326319a82e6aed0cc19,prod_d87cfc68d1aef053d198,var_7867058976a19bca1d0d,quality_issue,35.25,2026-06-07T16:39:50.000Z
ret_1cea913e6f7027c07ba6,ord_aea27774c440407998b0,item_5f3a1a15c42ee9ae785a,prod_ee93d55d30addeff6954,var_43a5f128559af0f8f854,wrong_size,321.22,2026-06-04T09:59:42.000Z
ret_6b9f7e99447f127cf20a,ord_61821c426b0792b45fc3,item_ea8f09b9455e73f4383e,prod_1aac77da65d619e6240f,var_0249455f35a9dd408d40,arrived_late,68.41,2026-05-30T12:34:36.000Z
ret_fada4e7e3805b33203dc,ord_d1a42071e62422fb8190,item_d0f128f807d799485911,prod_ea26883fb1deabd15141,var_def87b80ab2972f8be9d,arrived_late,17.23,2026-06-04T11:52:57.000Z
ret_cd086118ced730cc7d25,ord_5f63b9280cc4767c3a1b,item_084af1204258a9284418,prod_4fb11ac857411bda88a4,var_55e00ca073f61b9775de,quality_issue,56.92,2026-06-05T06:33:52.000Z
ret_a965b42290d335193bd6,ord_3f3f1549ff6d81379aeb,item_3e3f26fcbc6956147840,prod_1aac77da65d619e6240f,var_e91175ca45ab8fc349dc,not_as_expected,70.06,2026-05-22T06:32:42.000Z
ret_13ea9ff1577e588e34c7,ord_89f74a6f7966f53f01af,item_6fabad1242f7bdb39cb1,prod_ee93d55d30addeff6954,var_0f755faccbe419124cf5,quality_issue,150.53,2026-05-27T06:39:12.000Z
ret_0dede7d1833bd6c4cda8,ord_0274827d5115df217db9,item_6e28b6879f86390dfd59,prod_ee93d55d30addeff6954,var_0dc2751ef1e6063b7445,wrong_size,159.58,2026-06-03T19:47:19.000Z
ret_08bd68ec826fd853d25e,ord_8e477152fe4442ba3049,item_94780ca34de460408ac0,prod_1aac77da65d619e6240f,var_e91175ca45ab8fc349dc,quality_issue,140.12,2026-06-08T16:33:26.000Z
ret_c4be260c4ade0b967270,ord_85ec9c91a4905998cd48,item_f8061075524e8d2566b4,prod_1aac77da65d619e6240f,var_e68010c463448ce42243,arrived_late,140.74,2026-06-09T13:41:26.000Z
ret_8edf3470e8e067a63bf9,ord_1a668e55f3ad07df260c,item_29858e10cffe25a1569d,prod_438a44848bc196e6d975,var_d50ecabaab63713dbe3c,wrong_size,149.02,2026-05-30T16:54:08.000Z
ret_d4dd990ac093b0c9a150,ord_75b315587aeb6075136b,item_de0c43efd5494cbb0566,prod_4fb11ac857411bda88a4,var_8c55152214d872854644,wrong_size,51.34,2026-05-25T08:11:23.000Z
ret_32d1ae217b5a705c0f47,ord_17f909f6ab5a69e2b7a9,item_f00501616f67a42178fb,prod_ebe756215bbfcde882c1,var_54a48c4e9f5a97d29dac,arrived_late,46.9,2026-06-03T08:28:00.000Z
ret_06ab761a1936e7272e50,ord_bf1d4f4d3eabdc1a1aa6,item_6cbd430b51e99d1c8a6b,prod_1aac77da65d619e6240f,var_b504113d4e05f26566f9,arrived_late,148.88,2026-05-30T08:45:32.000Z
ret_6ee69e57c1deaaeebde4,ord_b313842956465ea558ff,item_b4fe6f2ce1c1ffed12d0,prod_0189531a36c049171820,var_360731b0a803c24bfd69,quality_issue,49.17,2026-05-31T22:29:31.000Z
ret_d907dbfa83f308090473,ord_aa430561f816f0604556,item_33439fe747c48a998a59,prod_ee93d55d30addeff6954,var_85fb0baa8d121f327944,arrived_late,323.94,2026-06-03T12:26:40.000Z
ret_bfb16720c17d392f4589,ord_ac3f3cad0a5898bd529d,item_08d14238760f7e84d0b0,prod_1aac77da65d619e6240f,var_0249455f35a9dd408d40,arrived_late,68.41,2026-06-08T08:35:46.000Z
ret_36ad9c640c89ca5aa367,ord_9c95b6744d42918838f1,item_4811be7b659ad1804248,prod_2efa0aed0d6e67ecae58,var_5e478e2b39c40398fb76,quality_issue,63.32,2026-05-25T10:56:49.000Z
ret_a0e0b24acd4b28443c26,ord_c24560401b9be59c833a,item_4e0ba4ca0fb29b079b6d,prod_438a44848bc196e6d975,var_84b95c9fb4b7809f8a34,not_as_expected,137.73,2026-05-31T15:45:36.000Z
ret_6f4d0bc88c65f393052f,ord_7346060301f782ef802b,item_e25bfe0368ce30431194,prod_2efa0aed0d6e67ecae58,var_64183720fcbbbd913ed0,quality_issue,66.55,2026-05-25T15:45:42.000Z
ret_ecf90a1f10fa164f96e2,ord_43c436f20340d1ca0705,item_5b040396c8175e4f4cc4,prod_438a44848bc196e6d975,var_84b95c9fb4b7809f8a34,changed_mind,137.73,2026-06-07T07:29:28.000Z
ret_b71185cae4b375eee033,ord_8f6dc701a61bb74c4161,item_0a8eeaf067de3841db12,prod_ee93d55d30addeff6954,var_ebb8cc29fc6683dff27c,wrong_size,333.7,2026-05-29T18:50:30.000Z
ret_43895375e526e4f29284,ord_a0c610c4baa95ee47c94,item_b5b594746687d50c9394,prod_1aac77da65d619e6240f,var_9818589b07d9187961de,not_as_expected,151.34,2026-06-10T17:17:09.000Z
ret_0ad692dbeef6e68be6c1,ord_22493b10895d5d1bd346,item_8dcb3aa24966fe381c2d,prod_438a44848bc196e6d975,var_d50ecabaab63713dbe3c,wrong_size,298.04,2026-06-05T15:42:05.000Z
ret_765a57f1c7e72ce248fd,ord_91e8ca170665f71c4af3,item_b2d6548d177f129ac1ed,prod_1aac77da65d619e6240f,var_3a2e554b388bcfe86ab3,arrived_late,149.48,2026-05-31T12:19:13.000Z
ret_949336de99a3c5273c5a,ord_85f972ac95afe6d77516,item_f4b9266cce37133f5580,prod_4fb11ac857411bda88a4,var_48589628c217474fe88e,quality_issue,51.62,2026-06-05T16:28:15.000Z
ret_39e5206937d963c6deda,ord_a3f1a1f72f2c63d83327,item_4c061ca5df594990add1,prod_0189531a36c049171820,var_fcc7e2fc3cb72570cbfc,wrong_size,100.66,2026-05-26T06:54:24.000Z
ret_8344f7a8877b7fb2bbb5,ord_209b70810f71ccb02839,item_0524edc2392061abb32d,prod_0189531a36c049171820,var_7c8a95c30a2e093e0468,not_as_expected,51.61,2026-05-30T23:24:26.000Z
ret_30cd99795ddce92a75f0,ord_7aab195fe3a392a2e7fa,item_37c90436c518620c0d49,prod_72dfeba4701d415d317a,var_261e93378c2ea03cf536,changed_mind,112.38,2026-06-09T20:13:21.000Z
ret_0d6cf8778b0fd0bd161f,ord_90861e8052352aba4f9e,item_7cb587254e821ef49ef5,prod_2efa0aed0d6e67ecae58,var_93a3c087875d45eb3101,changed_mind,61.6,2026-06-06T12:36:12.000Z
ret_95cc9cb62d84f22c0e5f,ord_7a95c556ee5170893507,item_9de992893a2934e791db,prod_1aac77da65d619e6240f,var_827c52ca8f98abbcdae2,arrived_late,151.38,2026-06-13T14:01:24.000Z
ret_7f915587b2ef3a376083,ord_e5f10bef4774029f1ade,item_66ba8ee0505030901973,prod_ea26883fb1deabd15141,var_bc45956a6234980b8431,arrived_late,56.01,2026-05-28T07:25:36.000Z
ret_e8ca17db33f8a68ece93,ord_b71ddf34893ee5455a03,item_305565a9e8f0ed2e09cb,prod_ee93d55d30addeff6954,var_eb2f38cea72d24acd1c4,wrong_size,299.16,2026-06-12T22:00:49.000Z
ret_ef3849efb37f437c2ad9,ord_43ed66a08d6a7ed95afa,item_2d641274b03d47499fe3,prod_ea26883fb1deabd15141,var_ad88e442b4ec9a747624,changed_mind,17.16,2026-05-31T17:22:43.000Z
ret_c0b9b81c6a065a6f9564,ord_ff84cd273adf3a4bc98e,item_7de3e3dceaf620f5c378,prod_d43b2cf8fa29d7ae9b37,var_5db963bcd8fbf81b2e05,not_as_expected,135.53,2026-06-05T13:57:00.000Z
ret_e391da05ee1509d9e80a,ord_67fa664ad121ba532353,item_e4cd11f6001c555568a5,prod_1aac77da65d619e6240f,var_30c9251395a079628b82,changed_mind,74.09,2026-06-01T21:13:30.000Z
ret_8c58012d6672980b22dd,ord_fd4c24041f708445bbc0,item_92fb37b1f95eacc0e8b2,prod_4fb11ac857411bda88a4,var_b1841532494f148dfc95,changed_mind,56.69,2026-05-30T10:47:22.000Z
ret_04db372febb8811e2fe6,ord_13da18c98e4dee96111a,item_6f736e7e9899c235400d,prod_2efa0aed0d6e67ecae58,var_b54607373ac7bafb02f6,quality_issue,132.38,2026-06-10T08:00:46.000Z
ret_4b526e59878e1ba796d2,ord_fb9dff850bd7bb4add9d,item_de1bf02b90bc52e7e07a,prod_0189531a36c049171820,var_360731b0a803c24bfd69,wrong_size,98.34,2026-05-30T08:36:44.000Z
ret_033287a16b0d46f506bc,ord_dca5694f5592143fd37b,item_09ce215518b4ca825376,prod_2efa0aed0d6e67ecae58,var_64183720fcbbbd913ed0,not_as_expected,66.55,2026-05-29T09:46:00.000Z
ret_b83633835ba707eb017a,ord_764586a0c3a5c860a99d,item_6e04e4101ceadeac9a76,prod_1aac77da65d619e6240f,var_827c52ca8f98abbcdae2,not_as_expected,75.69,2026-06-11T13:35:59.000Z
ret_0adf1d22780fe7ac75c7,ord_05d23b0b2ef93a6911f2,item_cb5c93ba847f9c023699,prod_ebe756215bbfcde882c1,var_0c2a56074856654cc09c,changed_mind,21.76,2026-06-09T19:16:57.000Z
ret_441146db25a0fc8a213c,ord_f46695bd183f4f5226b2,item_4713f02d02f012a12f2c,prod_1aac77da65d619e6240f,var_b18529e43b561104e73d,quality_issue,141.32,2026-06-12T12:43:21.000Z
ret_c2b739e2446204b21fae,ord_98cb9e380a3c7d405e5b,item_49734a15bd8dcd03354c,prod_438a44848bc196e6d975,var_05e312d19f2d967b02ae,changed_mind,295.9,2026-06-11T19:25:07.000Z
ret_323c6aabcedb4326dd35,ord_ae5d7ccc6d0ee857fd4b,item_28f9095e8aabd6b18fb4,prod_438a44848bc196e6d975,var_6255fbba1fc1f01b7ee9,quality_issue,279.24,2026-06-12T13:58:49.000Z
ret_6279ed046cc4210a52f5,ord_e162c2b1565a186c4fe9,item_542aebe16d1c4526751e,prod_4fb11ac857411bda88a4,var_acbadd53c4704809d846,not_as_expected,56.05,2026-06-03T19:10:55.000Z
ret_322ea5206ac78d9af161,ord_1a11fc5edf8368c1136e,item_3d2887867b989da1d80f,prod_ea26883fb1deabd15141,var_ad88e442b4ec9a747624,not_as_expected,51.48,2026-06-03T14:44:32.000Z
ret_e2556af1e7cede54170d,ord_7a2ea4a8d967d8c5bf0d,item_cac5ae724f7b828accaf,prod_1aac77da65d619e6240f,var_3a2e554b388bcfe86ab3,wrong_size,149.48,2026-06-08T16:19:06.000Z
ret_dc8f5896f96e775929b9,ord_90a46cdf711483355580,item_dceebb9a06071daed409,prod_4fb11ac857411bda88a4,var_94b54f7c484f05634866,wrong_size,107.12,2026-06-16T13:47:12.000Z
ret_f158e8a48994108eca34,ord_c86f1dbfa9be40c11e44,item_ac5a6c2108d80a74212f,prod_ee93d55d30addeff6954,var_70fe6fd57228fdd24400,wrong_size,308.42,2026-06-04T19:47:13.000Z
ret_fb60e446b466b784477c,ord_e4c01827d0f0d1d300e7,item_6db9d836efdbed5790ef,prod_ee93d55d30addeff6954,var_422a1ef6d8410f6c318d,not_as_expected,332.14,2026-06-16T11:12:07.000Z
ret_c6151342d37599be476c,ord_3c7c60bb7680d67a033a,item_df0aac43a755161025f7,prod_d43b2cf8fa29d7ae9b37,var_1281ece6b89ebbdd0340,not_as_expected,267.76,2026-06-01T08:43:36.000Z
ret_0d647e0625906cf1bb24,ord_e3f4e888019786ef5f19,item_1b76afb6db902116f3e6,prod_72dfeba4701d415d317a,var_a0b00e2faaec9758659d,wrong_size,232.72,2026-06-14T22:26:32.000Z
ret_3395c7fce99c920a7dbb,ord_6537fc04bd8ded29801d,item_c0e25b97d77b29d31be3,prod_2efa0aed0d6e67ecae58,var_499d2419d323a686d2c6,wrong_size,131.46,2026-06-03T18:22:09.000Z
ret_219580a201eb7b9dceee,ord_2c1b20bbad8f6bb8b9c1,item_3146c422459a451b4895,prod_72dfeba4701d415d317a,var_3095fdb99afdb37f42a9,changed_mind,250.74,2026-06-05T15:27:12.000Z
ret_f0d60f000dcc4a949bb1,ord_0a7348d78a54bcce2337,item_09ae8f55318380a158b8,prod_ebe756215bbfcde882c1,var_477f71369f8ec76bae72,not_as_expected,41.82,2026-06-17T16:55:10.000Z
ret_387a5405fd757c54ae93,ord_4dc065f8882836a129ca,item_f0060c2e9ddd7242a739,prod_0189531a36c049171820,var_b9ed5b404fd99996ec9f,not_as_expected,50.06,2026-06-16T10:56:40.000Z
ret_c2b1cada0da69753ba3a,ord_fd3b8aaf7f705d8216f1,item_8be74cd66ca78e6fa1ff,prod_4fb11ac857411bda88a4,var_b9b996a2b08ed40ea006,changed_mind,103.18,2026-06-17T17:09:29.000Z
ret_fd6badfdf3e51cf58676,ord_2dd011d8f63001bcb83a,item_b6c2cce5ac65cdc63f25,prod_d43b2cf8fa29d7ae9b37,var_1375ba8c6f393210c436,not_as_expected,251.9,2026-06-11T21:59:21.000Z
ret_09ee23aa6a214ffb324e,ord_bb2f115537f17544359c,item_862a847752b53dfc8f3f,prod_72dfeba4701d415d317a,var_a8e55173ba8ba00fbb58,quality_issue,234.78,2026-06-20T12:34:14.000Z
ret_f3eaaa6fae837754ffc1,ord_59fbe7c272f92bf1bd89,item_5391711332d291479a0e,prod_4fb11ac857411bda88a4,var_58a00b869159191e4ac9,quality_issue,52.09,2026-06-15T12:41:48.000Z
ret_ca1a0b6a7107a1382f98,ord_a08b2ff22cd3c30cd0b3,item_507d7eb491b0af136c59,prod_72dfeba4701d415d317a,var_8856a9a1708ad62e3b1d,wrong_size,247.38,2026-06-21T19:01:56.000Z
ret_f878f2941520c136f43f,ord_b2d75f1f9764467811af,item_ef02ed381d690ce1a70b,prod_ebe756215bbfcde882c1,var_54a48c4e9f5a97d29dac,quality_issue,93.8,2026-06-05T13:33:29.000Z
ret_f67665385f8ad62c00b1,ord_80fa1fc405b7cdee04da,item_905b16e369869b3e3275,prod_438a44848bc196e6d975,var_823a189d514c6e10865d,wrong_size,301.62,2026-06-21T16:19:26.000Z
ret_2db2ff8def30ff5ae1b2,ord_4acb1c6ead41a55eda99,item_7d027a07c83556598868,prod_d87cfc68d1aef053d198,var_199bb1069f0216fdcbf6,not_as_expected,35.78,2026-06-04T15:22:08.000Z
ret_193941eaaa5638883c8c,ord_ad987020aade92c07155,item_640e79e7aeb2f27c0a02,prod_d43b2cf8fa29d7ae9b37,var_e8598f4784994d3f8438,not_as_expected,255.92,2026-06-21T16:01:55.000Z
ret_9522347e38670ec72af1,ord_5a2dae09a6bf5440da56,item_5d4d122f9f1096ea4f2d,prod_ee93d55d30addeff6954,var_76a3d7146b323dd2a889,not_as_expected,327.04,2026-06-21T13:22:58.000Z
ret_9ebfb2b089d85a44d1d9,ord_04d77ac26422e2f19c6e,item_83568279b99109bd07b4,prod_d43b2cf8fa29d7ae9b37,var_aa050b328bd26312a85e,wrong_size,263.8,2026-06-11T22:26:53.000Z
ret_3e59d164f16d28bc6ea8,ord_adbf54fbeff00223bbde,item_208dd1b86d43066aee73,prod_4fb11ac857411bda88a4,var_97d1184949150ec3ff6c,quality_issue,110.5,2026-06-06T22:32:44.000Z
ret_daf2520631d106d34aa7,ord_5a7ec766c9a63e256daa,item_7fba98dd157c1b9f9b52,prod_1aac77da65d619e6240f,var_8ec37fcdee5f1140ec55,changed_mind,75.06,2026-06-06T09:05:52.000Z
ret_41eed2f81f0815c2c0a9,ord_5da0624205236f5d3730,item_c80a2a7ef633449c4f19,prod_d43b2cf8fa29d7ae9b37,var_320e93b779cc3f59b69d,not_as_expected,273.18,2026-06-06T12:14:44.000Z
ret_f0d9c10509c28d349493,ord_532e27ca49f461152aba,item_92d8431b2cf64c27a940,prod_ebe756215bbfcde882c1,var_477f71369f8ec76bae72,quality_issue,62.73,2026-06-10T17:49:12.000Z
ret_8cfbd31c41a78aca67a5,ord_f0b1657ad6abb033c0f3,item_559da6ab674446024875,prod_0189531a36c049171820,var_617730612696e695ed41,not_as_expected,47.57,2026-06-08T18:30:14.000Z
ret_cd3e6a3252dda84ea806,ord_7daca0ca46d01f5096f7,item_98f005fa65b334c06e59,prod_ee93d55d30addeff6954,var_9f281e7cd219f0029526,changed_mind,167.36,2026-06-17T18:24:45.000Z
ret_56aa116cafe344a8eb33,ord_4a47f382b3027de2d9ce,item_6705bde33fe57b7da2df,prod_d43b2cf8fa29d7ae9b37,var_3cc406399bed25270f9e,not_as_expected,267.3,2026-06-09T11:07:08.000Z
ret_fde13f89231553e1eae8,ord_55200a5e60b55b3b5f2e,item_77a36bac7f327f090b51,prod_d43b2cf8fa29d7ae9b37,var_87e530ced3270be98f36,arrived_late,123.01,2026-06-24T23:37:29.000Z
ret_b7e3f46707334570249c,ord_299c6d49361f3dd35d6e,item_f755e07a2ff1cee24893,prod_438a44848bc196e6d975,var_6255fbba1fc1f01b7ee9,changed_mind,279.24,2026-06-23T15:14:38.000Z
ret_e227efc7a190c9bbd87d,ord_3e8b6be9f97c48abd069,item_623ca2c16b065066efbb,prod_d43b2cf8fa29d7ae9b37,var_4bc34e01cda1012288f6,wrong_size,260.18,2026-06-11T10:05:58.000Z
ret_eebafd2f9e455bfa820b,ord_8498643c1d04a7da3174,item_5b16c5da3b6c2ac8c530,prod_d43b2cf8fa29d7ae9b37,var_89efa340b18949bb9c2f,quality_issue,135.17,2026-06-10T09:06:11.000Z
ret_05b00cfc7518b35fd491,ord_75c7a4d56e5d8a71b08d,item_9ba845c928242292b309,prod_438a44848bc196e6d975,var_70d6578905075ca6871b,wrong_size,275.46,2026-06-10T06:46:32.000Z
ret_533e18b93a63922061ea,ord_c78f4f8c7d9061612f31,item_44924eec2a83ff10b6a1,prod_4fb11ac857411bda88a4,var_94b54f7c484f05634866,changed_mind,107.12,2026-06-11T15:48:37.000Z
ret_dafe2e12d5d8ac3ff4c7,ord_2c64cc270f75ebec9281,item_854ca2d4bfdb78758685,prod_1aac77da65d619e6240f,var_fada642b3d793e48890b,wrong_size,70.39,2026-06-20T18:04:36.000Z
ret_7ede7efcdeb707138ca6,ord_71f00e0af93ea1fe1c7b,item_c9085ecd08b176c5b6a2,prod_4fb11ac857411bda88a4,var_85a21cc286764b196eba,wrong_size,54.78,2026-06-24T20:11:35.000Z
ret_06ad45231b6b910ac75f,ord_94f6e10ed6b9bee44e0a,item_cceeee6f8434b450f9ee,prod_d43b2cf8fa29d7ae9b37,var_01a56d62607b13a33c4e,arrived_late,131.6,2026-06-23T06:09:40.000Z
ret_4daaef36124a21392cea,ord_e1f0b3726309d350df90,item_e4a9b5d9d03ce3d8da9a,prod_438a44848bc196e6d975,var_b11b6b090279cfa04155,wrong_size,144.69,2026-06-18T11:27:43.000Z
ret_b8a256a1e56f7c314aa6,ord_deaed599d930a4a01f76,item_165001e1c2fd4ab2d525,prod_438a44848bc196e6d975,var_14bd7ed084b7132e19a3,not_as_expected,151.56,2026-06-19T17:07:41.000Z
ret_f446f062cf39b5533b34,ord_588bfccf8322d7048a0f,item_6b58485f50d9d31b3f6d,prod_ebe756215bbfcde882c1,var_d93959e68a9c1ed24606,quality_issue,64.14,2026-06-15T21:29:54.000Z
ret_f0b784058aab2d128cc1,ord_a615716a5f7dd900db7e,item_af2119f43974e7d323c8,prod_4fb11ac857411bda88a4,var_dc811c3db2dffa2b4d77,changed_mind,104.16,2026-06-15T17:23:51.000Z
ret_d19b7eec68e0cb0e54c6,ord_16fb2f9d81e6a3b5c63f,item_5ac51c249f22ede095e3,prod_438a44848bc196e6d975,var_cca84c818b8d1dc7a408,arrived_late,137.68,2026-06-20T06:15:52.000Z
ret_6970410d775e53f06efc,ord_da23ccfd183244c5e37e,item_624c6233cd91b3a7a0d6,prod_ea26883fb1deabd15141,var_ad88e442b4ec9a747624,not_as_expected,51.48,2026-06-24T15:53:09.000Z
ret_8c3fb970834a5a2f4527,ord_4a7f01df4bc822a1bd45,item_2e05ae6640c42b808a91,prod_438a44848bc196e6d975,var_cca84c818b8d1dc7a408,wrong_size,137.68,2026-06-19T08:49:13.000Z
ret_b16aef0ecb4a72052ae2,ord_8e87e7bd980c14067a37,item_2ee21ea24f2261eb2b67,prod_4fb11ac857411bda88a4,var_63784919911926a972c2,not_as_expected,54.93,2026-06-23T21:11:23.000Z
ret_3efe39af17ab5285214b,ord_0fc925c52d07804bf1a6,item_2e2adfe3602682a9429e,prod_1aac77da65d619e6240f,var_5229b1982481efd531f3,arrived_late,72.57,2026-06-10T21:18:25.000Z
ret_9549c1adb6bf4fc49cc6,ord_b775e6cffff689e2f558,item_e3c4a8aa40f46fe03cfd,prod_d43b2cf8fa29d7ae9b37,var_2cc49091108ce06c317f,not_as_expected,250.04,2026-06-24T18:36:36.000Z
ret_328c68df7c12da66545d,ord_9974ba5ce6fa805c1d91,item_b953bbc3a551a0c479c4,prod_72dfeba4701d415d317a,var_15a5da1605c0b6e7842d,wrong_size,114.16,2026-06-13T09:14:44.000Z
ret_fd8e72ecd50b7746acce,ord_5243f280b20ce27895bc,item_0394858c06a50b92da6c,prod_438a44848bc196e6d975,var_aeba55eb9e30673a577a,not_as_expected,299.24,2026-06-27T19:20:36.000Z
ret_5fb4bbe635f1d20f23d3,ord_fc9567b0f770cd61335f,item_086bc8624e4a6e96cf95,prod_2efa0aed0d6e67ecae58,var_7f3a3296ffbd820f7f55,not_as_expected,69.06,2026-06-21T15:20:58.000Z
ret_689f9da0668cedaa07e1,ord_32f24abe15623f08c9bb,item_9720063a2ee059b75fb3,prod_438a44848bc196e6d975,var_164a5b158bfc49dcbc82,changed_mind,283.5,2026-06-15T13:43:02.000Z
ret_bcb269bbdbd116860d96,ord_da2cc8bfcd711d5d834a,item_3a24a3dbb6447ac3ac7d,prod_d43b2cf8fa29d7ae9b37,var_4bc34e01cda1012288f6,wrong_size,130.09,2026-06-24T10:27:10.000Z
ret_34e2d02e642991e9350d,ord_0748f30eaf2e10ec0b9e,item_49a9bc95b4e5c14cbde8,prod_0189531a36c049171820,var_22afdc3bc66d8c370224,not_as_expected,95.54,2026-06-30T15:07:16.000Z
ret_fc27832d4affb1654d80,ord_3e058f7cd8b662aca9fa,item_7296a861fe9c5d35331b,prod_72dfeba4701d415d317a,var_a0b00e2faaec9758659d,wrong_size,232.72,2026-06-26T18:04:47.000Z
ret_3e00ba47083872e5326b,ord_775651972167ccd0ba6b,item_c0a1f5d43359ebf80d3f,prod_4fb11ac857411bda88a4,var_77f9b98f706e27f8d8f9,wrong_size,57.94,2026-06-27T16:58:02.000Z
ret_c588f1d9a656bd985d8c,ord_b231741adc1ee4ec74f1,item_558a50a64a7d3a5e0794,prod_1aac77da65d619e6240f,var_e91175ca45ab8fc349dc,not_as_expected,70.06,2026-06-23T10:51:01.000Z
ret_8e54152c671f5a0b55a4,ord_c875df043e9fe8b442b0,item_c24c9fcbe4fc7b3a1fe1,prod_2efa0aed0d6e67ecae58,var_d206780fbe564728bf65,quality_issue,134.6,2026-06-25T11:26:34.000Z
ret_fd27c249c705c1541f5a,ord_da70a838b015538e1d72,item_76d7ee234ce38359caef,prod_438a44848bc196e6d975,var_5579d3dcd9580bd272b2,arrived_late,140.86,2026-06-16T18:07:36.000Z
ret_8f9a0ff41800656618f6,ord_b502fa7e4bda862e12a1,item_374b61c715ee0fbba63e,prod_72dfeba4701d415d317a,var_a4481e5f98f473cda093,arrived_late,244.86,2026-06-22T07:55:19.000Z
ret_27cdadb77dfbe8a5257c,ord_7a4802486ee08d4cd8d4,item_d4674a1b8060a2ccdd52,prod_0189531a36c049171820,var_e7d27b69dfb62d802fec,arrived_late,99.84,2026-06-15T23:38:12.000Z
ret_a3920f77f3e84eb3d0cd,ord_e69ebfc0c820240bb443,item_fb09ec929545a1d7d087,prod_ebe756215bbfcde882c1,var_54a48c4e9f5a97d29dac,quality_issue,23.45,2026-06-20T23:17:35.000Z
ret_df55f502a335dba96367,ord_741ce6fe8d93a1beb4e2,item_ef904824ad524ea69729,prod_ee93d55d30addeff6954,var_76a3d7146b323dd2a889,not_as_expected,163.52,2026-06-19T13:10:11.000Z
ret_9b11c157ba360b52c276,ord_235152e2fdf199103c5d,item_b33b25be134099a748d9,prod_ea26883fb1deabd15141,var_c95ef6026df6ba67eec8,wrong_size,51.42,2026-06-20T14:20:10.000Z
ret_d0d361def20923e28577,ord_0f23f45df341e9fd6ca8,item_1ed85da02d2d4f448925,prod_d43b2cf8fa29d7ae9b37,var_87fdb4d38460cd899505,arrived_late,131.24,2026-06-29T06:44:28.000Z
ret_e2a351aa8e19002d21de,ord_ce9983c4a558e3a5d449,item_d70f96804c2885bed545,prod_d87cfc68d1aef053d198,var_7867058976a19bca1d0d,arrived_late,35.25,2026-06-25T07:31:24.000Z
ret_8bbba7801cab2a6c87ce,ord_1e2611c7ab1344e15dc9,item_d610edb56bf1a43ac73d,prod_72dfeba4701d415d317a,var_a8e55173ba8ba00fbb58,not_as_expected,117.39,2026-06-19T08:14:22.000Z
ret_d61e88f131cedce20f8f,ord_d75f606b2b6c1081290f,item_f56383387a8a4d220abd,prod_d43b2cf8fa29d7ae9b37,var_87e530ced3270be98f36,wrong_size,123.01,2026-06-18T18:08:37.000Z
ret_e97784b29aa7f5ccd592,ord_7e3e0d8fb9801e5eb6a2,item_ab4de86e6e4a840574f0,prod_d43b2cf8fa29d7ae9b37,var_5db963bcd8fbf81b2e05,quality_issue,271.06,2026-06-23T22:42:57.000Z
ret_fc0739eed2f5826b93f6,ord_bea45b7cb53550690a1d,item_fd0cf2fc897b86b80dbf,prod_4fb11ac857411bda88a4,var_9ddc10ac2aa76ca09954,wrong_size,54.57,2026-06-21T16:39:14.000Z
ret_9cc85fad05e2ee6c1080,ord_0dd48bb1954d8f5b60b2,item_1a72ad09006d0bee742a,prod_ee93d55d30addeff6954,var_76a3d7146b323dd2a889,wrong_size,327.04,2026-06-24T15:43:03.000Z
ret_eedce801df1e8f050704,ord_1a537b95d7f3f52472d9,item_98ed9e02c0de806c208c,prod_d43b2cf8fa29d7ae9b37,var_caae1453b01f7b10b548,not_as_expected,122.78,2026-06-27T18:13:41.000Z
ret_8c0bfe33d8d71ca7e3ce,ord_557e204109b217e8cdab,item_25c4a326881d46166899,prod_ee93d55d30addeff6954,var_eb2f38cea72d24acd1c4,wrong_size,149.58,2026-06-29T11:54:29.000Z
ret_f099411497a526b1d993,ord_1548800450f639177148,item_05dbfa125093819b6cde,prod_4fb11ac857411bda88a4,var_fc65fa629ab0cfab4741,arrived_late,102.76,2026-06-24T15:24:03.000Z
ret_31dc6c1f0baa0ebb6338,ord_f709524db4784942f71f,item_94303f0b0b5b1f486961,prod_ee93d55d30addeff6954,var_9d18dbed26f272d168b2,wrong_size,160.39,2026-06-27T06:43:54.000Z
ret_9b71d0b43ba4ac70936c,ord_e2b51f8fef2e516ee659,item_48e3aaff0b6625295aef,prod_ebe756215bbfcde882c1,var_f9b6333510f3a2bddcce,arrived_late,22.87,2026-06-25T14:12:23.000Z
ret_e9b91ee72872955a6ac9,ord_3cb5135be2e5beb0f758,item_ee6cb3f880f669062cbe,prod_ea26883fb1deabd15141,var_8fe117c6a6c73be68252,arrived_late,17.31,2026-06-29T23:13:28.000Z
ret_49db985bf6e4ea20a490,ord_0f0b5cebb099da5fd349,item_836cb33dc28b941e0b7a,prod_0189531a36c049171820,var_3827fef61cdfb42fbde9,quality_issue,95.34,2026-06-22T22:11:15.000Z
ret_3ca8865d56a7edadcc8e,ord_515ab16e794348aa8379,item_31a662926dbd50b29c84,prod_1aac77da65d619e6240f,var_b504113d4e05f26566f9,changed_mind,148.88,2026-06-25T16:43:40.000Z
ret_5b6cdd0d2a8b94b82e98,ord_bcf789875f7cfef930d7,item_f0e5f2a4ea40dbe897dc,prod_0189531a36c049171820,var_00df6f028ceddde26b68,not_as_expected,51.28,2026-06-21T10:39:24.000Z
ret_c9762ffc07e7b0b7bb20,ord_68ea1fe4afb2991244f2,item_727aee022ed9fbca80cc,prod_ebe756215bbfcde882c1,var_0c2a56074856654cc09c,not_as_expected,87.04,2026-06-30T08:16:30.000Z
ret_95ae274ae6535253dc3b,ord_5319c1d570e6ccd8af04,item_af2fd52157ace98665d3,prod_2efa0aed0d6e67ecae58,var_64183720fcbbbd913ed0,arrived_late,66.55,2026-06-28T15:55:46.000Z
ret_545b53a1a8601e49fca8,ord_b2a2a3c36c4013465dcb,item_b16337e86def60926425,prod_2efa0aed0d6e67ecae58,var_7696cc7d0631b8c9ee6f,wrong_size,62.34,2026-06-25T07:14:16.000Z
ret_9f04bb6a1b8d7818e7c2,ord_6e6ec0de9ec90c29056d,item_98609dd8be1d2c40fdb2,prod_438a44848bc196e6d975,var_d50ecabaab63713dbe3c,arrived_late,298.04,2026-06-23T07:54:04.000Z
ret_8bcfefc90a4d1c919013,ord_4826167ce5e6d3d3410e,item_873e230be1c988688b04,prod_0189531a36c049171820,var_93c4efb5105239106e76,changed_mind,93.4,2026-06-25T20:38:54.000Z
ret_78c10f89168c3cfc6137,ord_582cccd1ae663e4d94ae,item_dfe73e8027acb2fb16d2,prod_438a44848bc196e6d975,var_84b95c9fb4b7809f8a34,wrong_size,275.46,2026-06-24T16:35:02.000Z
ret_cee5c1f30a4a5cd633ff,ord_3e926d248580f2748ab8,item_c54f47c4cd1c39d39ae7,prod_ea26883fb1deabd15141,var_ad88e442b4ec9a747624,changed_mind,34.32,2026-06-29T10:49:33.000Z
ret_f586154c1f4658dc4209,ord_fbe050d4478c985315d6,item_29bf806aee5a2a0de2f9,prod_0189531a36c049171820,var_360731b0a803c24bfd69,arrived_late,98.34,2026-06-30T08:32:26.000Z
ret_4189bc9ec4558d4d23c5,ord_b0e67c9b9b701d6753f7,item_ffda6a96e80585828e3a,prod_ee93d55d30addeff6954,var_c9ae287d0fd94aec879d,not_as_expected,312.22,2026-06-26T06:08:49.000Z
ret_4fdeb3d3cbbef7c58f15,ord_c9ae5d0ca0967df24001,item_9e7dd0280a9b17be667c,prod_ee93d55d30addeff6954,var_0dc2751ef1e6063b7445,changed_mind,159.58,2026-06-24T07:07:41.000Z
ret_20fa043d8f826ff538da,ord_fd3d8afb574a730ac7ca,item_9d9cc0dd06a3e3935951,prod_ee93d55d30addeff6954,var_9d18dbed26f272d168b2,arrived_late,160.39,2026-06-30T14:52:50.000Z
ret_14a14be53dc909c6877e,ord_9890b63a3347a5d62131,item_516f96af35a47e888140,prod_72dfeba4701d415d317a,var_082ccc283fa2bea80c16,quality_issue,226.64,2026-06-30T11:55:41.000Z
ret_89b775380081a01a5a7c,ord_fc8e5bbee5479653745a,item_0399092b9b0bd8510aef,prod_4fb11ac857411bda88a4,var_0298ed73b20b2a58ddc3,changed_mind,102.78,2026-06-30T20:54:21.000Z
